 0.00000000e+00  0.00000000e+00 
 1.00000000e-14 -1.60982339e-15 
 2.00000000e-14 -4.44089210e-16 
 4.00000000e-14 -2.22044605e-16 
 8.00000000e-14 -7.77156117e-16 
 1.60000000e-13  2.22044605e-15 
 3.20000000e-13 -2.22044605e-16 
 6.40000000e-13 -3.21964677e-15 
 1.28000000e-12 -1.11022302e-15 
 2.28000000e-12 -1.05471187e-15 
 3.28000000e-12 -2.10942375e-15 
 4.28000000e-12 -2.94209102e-15 
 5.28000000e-12 -2.66453526e-15 
 6.28000000e-12 -2.94209102e-15 
 7.28000000e-12 -2.94209102e-15 
 8.28000000e-12 -2.72004641e-15 
 9.28000000e-12 -2.66453526e-15 
 1.02800000e-11 -2.94209102e-15 
 1.12800000e-11 -2.83106871e-15 
 1.22800000e-11 -2.94209102e-15 
 1.32800000e-11 -2.94209102e-15 
 1.42800000e-11 -2.83106871e-15 
 1.52800000e-11 -2.83106871e-15 
 1.62800000e-11 -2.94209102e-15 
 1.72800000e-11 -2.94209102e-15 
 1.82800000e-11 -2.83106871e-15 
 1.92800000e-11 -2.83106871e-15 
 2.02800000e-11 -2.94209102e-15 
 2.12800000e-11 -2.94209102e-15 
 2.22800000e-11 -2.83106871e-15 
 2.32800000e-11 -2.83106871e-15 
 2.42800000e-11 -2.94209102e-15 
 2.52800000e-11 -2.94209102e-15 
 2.62800000e-11 -2.83106871e-15 
 2.72800000e-11 -2.83106871e-15 
 2.82800000e-11 -2.94209102e-15 
 2.92800000e-11 -2.94209102e-15 
 3.02800000e-11 -2.83106871e-15 
 3.12800000e-11 -2.83106871e-15 
 3.22800000e-11 -2.94209102e-15 
 3.32800000e-11 -2.94209102e-15 
 3.42800000e-11 -2.83106871e-15 
 3.52800000e-11 -2.83106871e-15 
 3.62800000e-11 -2.94209102e-15 
 3.72800000e-11 -2.94209102e-15 
 3.82800000e-11 -2.83106871e-15 
 3.92800000e-11 -2.83106871e-15 
 4.02800000e-11 -2.94209102e-15 
 4.12800000e-11 -2.94209102e-15 
 4.22800000e-11 -2.83106871e-15 
 4.32800000e-11 -2.83106871e-15 
 4.42800000e-11 -2.94209102e-15 
 4.52800000e-11 -2.94209102e-15 
 4.62800000e-11 -2.83106871e-15 
 4.72800000e-11 -2.83106871e-15 
 4.82800000e-11 -2.94209102e-15 
 4.92800000e-11 -2.94209102e-15 
 5.02800000e-11 -2.83106871e-15 
 5.12800000e-11 -2.83106871e-15 
 5.22800000e-11 -2.94209102e-15 
 5.32800000e-11 -2.94209102e-15 
 5.42800000e-11 -2.83106871e-15 
 5.52800000e-11 -2.83106871e-15 
 5.62800000e-11 -2.94209102e-15 
 5.72800000e-11 -2.94209102e-15 
 5.82800000e-11 -2.83106871e-15 
 5.92800000e-11 -2.83106871e-15 
 6.02800000e-11 -2.94209102e-15 
 6.12800000e-11 -2.94209102e-15 
 6.22800000e-11 -2.83106871e-15 
 6.32800000e-11 -2.83106871e-15 
 6.42800000e-11 -2.94209102e-15 
 6.52800000e-11 -2.94209102e-15 
 6.62800000e-11 -2.83106871e-15 
 6.72800000e-11 -2.83106871e-15 
 6.82800000e-11 -2.94209102e-15 
 6.92800000e-11 -2.94209102e-15 
 7.02800000e-11 -2.83106871e-15 
 7.12800000e-11 -2.83106871e-15 
 7.22800000e-11 -2.94209102e-15 
 7.32800000e-11 -2.94209102e-15 
 7.42800000e-11 -2.83106871e-15 
 7.52800000e-11 -2.83106871e-15 
 7.62800000e-11 -2.94209102e-15 
 7.72800000e-11 -2.94209102e-15 
 7.82800000e-11 -2.83106871e-15 
 7.92800000e-11 -2.83106871e-15 
 8.02800000e-11 -2.94209102e-15 
 8.12800000e-11 -2.94209102e-15 
 8.22800000e-11 -2.83106871e-15 
 8.32800000e-11 -2.83106871e-15 
 8.42800000e-11 -2.94209102e-15 
 8.52800000e-11 -2.94209102e-15 
 8.62800000e-11 -2.83106871e-15 
 8.72800000e-11 -2.83106871e-15 
 8.82800000e-11 -2.94209102e-15 
 8.92800000e-11 -2.94209102e-15 
 9.02800000e-11 -2.83106871e-15 
 9.12800000e-11 -2.83106871e-15 
 9.22800000e-11 -2.94209102e-15 
 9.32800000e-11 -2.94209102e-15 
 9.42800000e-11 -2.83106871e-15 
 9.52800000e-11 -2.83106871e-15 
 9.62800000e-11 -2.94209102e-15 
 9.72800000e-11 -2.94209102e-15 
 9.82800000e-11 -2.83106871e-15 
 9.92800000e-11 -2.83106871e-15 
 1.00280000e-10 -2.94209102e-15 
 1.01280000e-10 -2.94209102e-15 
 1.02280000e-10 -2.83106871e-15 
 1.03280000e-10 -2.83106871e-15 
 1.04280000e-10 -2.94209102e-15 
 1.05280000e-10 -2.94209102e-15 
 1.06280000e-10 -2.83106871e-15 
 1.07280000e-10 -2.83106871e-15 
 1.08280000e-10 -2.94209102e-15 
 1.09280000e-10 -2.94209102e-15 
 1.10280000e-10 -2.83106871e-15 
 1.11280000e-10 -2.83106871e-15 
 1.12280000e-10 -2.94209102e-15 
 1.13280000e-10 -2.94209102e-15 
 1.14280000e-10 -2.83106871e-15 
 1.15280000e-10 -2.83106871e-15 
 1.16280000e-10 -2.94209102e-15 
 1.17280000e-10 -2.94209102e-15 
 1.18280000e-10 -2.83106871e-15 
 1.19280000e-10 -2.83106871e-15 
 1.20280000e-10 -2.94209102e-15 
 1.21280000e-10 -2.94209102e-15 
 1.22280000e-10 -2.83106871e-15 
 1.23280000e-10 -2.83106871e-15 
 1.24280000e-10 -2.94209102e-15 
 1.25280000e-10 -2.94209102e-15 
 1.26280000e-10 -2.83106871e-15 
 1.27280000e-10 -2.83106871e-15 
 1.28280000e-10 -2.94209102e-15 
 1.29280000e-10 -2.94209102e-15 
 1.30280000e-10 -2.83106871e-15 
 1.31280000e-10 -2.83106871e-15 
 1.32280000e-10 -2.94209102e-15 
 1.33280000e-10 -2.94209102e-15 
 1.34280000e-10 -2.83106871e-15 
 1.35280000e-10 -2.83106871e-15 
 1.36280000e-10 -2.94209102e-15 
 1.37280000e-10 -2.94209102e-15 
 1.38280000e-10 -2.83106871e-15 
 1.39280000e-10 -2.83106871e-15 
 1.40280000e-10 -2.94209102e-15 
 1.41280000e-10 -2.94209102e-15 
 1.42280000e-10 -2.83106871e-15 
 1.43280000e-10 -2.83106871e-15 
 1.44280000e-10 -2.94209102e-15 
 1.45280000e-10 -2.94209102e-15 
 1.46280000e-10 -2.83106871e-15 
 1.47280000e-10 -2.83106871e-15 
 1.48280000e-10 -2.94209102e-15 
 1.49280000e-10 -2.94209102e-15 
 1.50280000e-10 -2.83106871e-15 
 1.51280000e-10 -2.83106871e-15 
 1.52280000e-10 -2.94209102e-15 
 1.53280000e-10 -2.94209102e-15 
 1.54280000e-10 -2.83106871e-15 
 1.55280000e-10 -2.83106871e-15 
 1.56280000e-10 -2.94209102e-15 
 1.57280000e-10 -2.94209102e-15 
 1.58280000e-10 -2.83106871e-15 
 1.59280000e-10 -2.83106871e-15 
 1.60280000e-10 -2.94209102e-15 
 1.61280000e-10 -2.94209102e-15 
 1.62280000e-10 -2.83106871e-15 
 1.63280000e-10 -2.83106871e-15 
 1.64280000e-10 -2.94209102e-15 
 1.65280000e-10 -2.94209102e-15 
 1.66280000e-10 -2.83106871e-15 
 1.67280000e-10 -2.83106871e-15 
 1.68280000e-10 -2.94209102e-15 
 1.69280000e-10 -2.94209102e-15 
 1.70280000e-10 -2.83106871e-15 
 1.71280000e-10 -2.83106871e-15 
 1.72280000e-10 -2.94209102e-15 
 1.73280000e-10 -2.94209102e-15 
 1.74280000e-10 -2.83106871e-15 
 1.75280000e-10 -2.83106871e-15 
 1.76280000e-10 -2.94209102e-15 
 1.77280000e-10 -2.94209102e-15 
 1.78280000e-10 -2.83106871e-15 
 1.79280000e-10 -2.83106871e-15 
 1.80280000e-10 -2.94209102e-15 
 1.81280000e-10 -2.94209102e-15 
 1.82280000e-10 -2.83106871e-15 
 1.83280000e-10 -2.83106871e-15 
 1.84280000e-10 -2.94209102e-15 
 1.85280000e-10 -2.94209102e-15 
 1.86280000e-10 -2.83106871e-15 
 1.87280000e-10 -2.83106871e-15 
 1.88280000e-10 -2.94209102e-15 
 1.89280000e-10 -2.94209102e-15 
 1.90280000e-10 -2.83106871e-15 
 1.91280000e-10 -2.83106871e-15 
 1.92280000e-10 -2.94209102e-15 
 1.93280000e-10 -2.94209102e-15 
 1.94280000e-10 -2.83106871e-15 
 1.95280000e-10 -2.83106871e-15 
 1.96280000e-10 -2.94209102e-15 
 1.97280000e-10 -2.94209102e-15 
 1.98280000e-10 -2.83106871e-15 
 1.99280000e-10 -2.83106871e-15 
 2.00280000e-10 -2.94209102e-15 
 2.01280000e-10 -2.94209102e-15 
 2.02280000e-10 -2.83106871e-15 
 2.03280000e-10 -2.83106871e-15 
 2.04280000e-10 -2.94209102e-15 
 2.05280000e-10 -2.94209102e-15 
 2.06280000e-10 -2.83106871e-15 
 2.07280000e-10 -2.83106871e-15 
 2.08280000e-10 -2.94209102e-15 
 2.09280000e-10 -2.94209102e-15 
 2.10280000e-10 -2.83106871e-15 
 2.11280000e-10 -2.83106871e-15 
 2.12280000e-10 -2.94209102e-15 
 2.13280000e-10 -2.94209102e-15 
 2.14280000e-10 -2.83106871e-15 
 2.15280000e-10 -2.83106871e-15 
 2.16280000e-10 -2.94209102e-15 
 2.17280000e-10 -2.94209102e-15 
 2.18280000e-10 -2.83106871e-15 
 2.19280000e-10 -2.83106871e-15 
 2.20280000e-10 -2.94209102e-15 
 2.21280000e-10 -2.94209102e-15 
 2.22280000e-10 -2.83106871e-15 
 2.23280000e-10 -2.83106871e-15 
 2.24280000e-10 -2.94209102e-15 
 2.25280000e-10 -2.94209102e-15 
 2.26280000e-10 -2.83106871e-15 
 2.27280000e-10 -2.83106871e-15 
 2.28280000e-10 -2.94209102e-15 
 2.29280000e-10 -2.94209102e-15 
 2.30280000e-10 -2.83106871e-15 
 2.31280000e-10 -2.83106871e-15 
 2.32280000e-10 -2.94209102e-15 
 2.33280000e-10 -2.94209102e-15 
 2.34280000e-10 -2.83106871e-15 
 2.35280000e-10 -2.83106871e-15 
 2.36280000e-10 -2.94209102e-15 
 2.37280000e-10 -2.94209102e-15 
 2.38280000e-10 -2.83106871e-15 
 2.39280000e-10 -2.83106871e-15 
 2.40280000e-10 -2.94209102e-15 
 2.41280000e-10 -2.94209102e-15 
 2.42280000e-10 -2.83106871e-15 
 2.43280000e-10 -2.83106871e-15 
 2.44280000e-10 -2.94209102e-15 
 2.45280000e-10 -2.94209102e-15 
 2.46280000e-10 -2.83106871e-15 
 2.47280000e-10 -2.83106871e-15 
 2.48280000e-10 -2.94209102e-15 
 2.49280000e-10 -2.94209102e-15 
 2.50280000e-10 -2.83106871e-15 
 2.51280000e-10 -2.83106871e-15 
 2.52280000e-10 -2.94209102e-15 
 2.53280000e-10 -2.94209102e-15 
 2.54280000e-10 -2.83106871e-15 
 2.55280000e-10 -2.83106871e-15 
 2.56280000e-10 -2.94209102e-15 
 2.57280000e-10 -2.94209102e-15 
 2.58280000e-10 -2.83106871e-15 
 2.59280000e-10 -2.83106871e-15 
 2.60280000e-10 -2.94209102e-15 
 2.61280000e-10 -2.94209102e-15 
 2.62280000e-10 -2.83106871e-15 
 2.63280000e-10 -2.83106871e-15 
 2.64280000e-10 -2.94209102e-15 
 2.65280000e-10 -2.94209102e-15 
 2.66280000e-10 -2.83106871e-15 
 2.67280000e-10 -2.83106871e-15 
 2.68280000e-10 -2.94209102e-15 
 2.69280000e-10 -2.94209102e-15 
 2.70280000e-10 -2.83106871e-15 
 2.71280000e-10 -2.83106871e-15 
 2.72280000e-10 -2.94209102e-15 
 2.73280000e-10 -2.94209102e-15 
 2.74280000e-10 -2.83106871e-15 
 2.75280000e-10 -2.83106871e-15 
 2.76280000e-10 -2.94209102e-15 
 2.77280000e-10 -2.94209102e-15 
 2.78280000e-10 -2.83106871e-15 
 2.79280000e-10 -2.83106871e-15 
 2.80280000e-10 -2.94209102e-15 
 2.81280000e-10 -2.94209102e-15 
 2.82280000e-10 -2.83106871e-15 
 2.83280000e-10 -2.83106871e-15 
 2.84280000e-10 -2.94209102e-15 
 2.85280000e-10 -2.94209102e-15 
 2.86280000e-10 -2.83106871e-15 
 2.87280000e-10 -2.83106871e-15 
 2.88280000e-10 -2.94209102e-15 
 2.89280000e-10 -2.94209102e-15 
 2.90280000e-10 -2.83106871e-15 
 2.91280000e-10 -2.83106871e-15 
 2.92280000e-10 -2.94209102e-15 
 2.93280000e-10 -2.94209102e-15 
 2.94280000e-10 -2.83106871e-15 
 2.95280000e-10 -2.83106871e-15 
 2.96280000e-10 -2.94209102e-15 
 2.97280000e-10 -2.94209102e-15 
 2.98280000e-10 -2.83106871e-15 
 2.99280000e-10 -2.83106871e-15 
 3.00280000e-10 -2.94209102e-15 
 3.01280000e-10 -2.94209102e-15 
 3.02280000e-10 -2.83106871e-15 
 3.03280000e-10 -2.83106871e-15 
 3.04280000e-10 -2.94209102e-15 
 3.05280000e-10 -2.94209102e-15 
 3.06280000e-10 -2.83106871e-15 
 3.07280000e-10 -2.83106871e-15 
 3.08280000e-10 -2.94209102e-15 
 3.09280000e-10 -2.94209102e-15 
 3.10280000e-10 -2.83106871e-15 
 3.11280000e-10 -2.83106871e-15 
 3.12280000e-10 -2.94209102e-15 
 3.13280000e-10 -2.94209102e-15 
 3.14280000e-10 -2.83106871e-15 
 3.15280000e-10 -2.83106871e-15 
 3.16280000e-10 -2.94209102e-15 
 3.17280000e-10 -2.94209102e-15 
 3.18280000e-10 -2.83106871e-15 
 3.19280000e-10 -2.83106871e-15 
 3.20280000e-10 -2.94209102e-15 
 3.21280000e-10 -2.94209102e-15 
 3.22280000e-10 -2.83106871e-15 
 3.23280000e-10 -2.83106871e-15 
 3.24280000e-10 -2.94209102e-15 
 3.25280000e-10 -2.94209102e-15 
 3.26280000e-10 -2.83106871e-15 
 3.27280000e-10 -2.83106871e-15 
 3.28280000e-10 -2.94209102e-15 
 3.29280000e-10 -2.94209102e-15 
 3.30280000e-10 -2.83106871e-15 
 3.31280000e-10 -2.83106871e-15 
 3.32280000e-10 -2.94209102e-15 
 3.33280000e-10 -2.94209102e-15 
 3.34280000e-10 -2.83106871e-15 
 3.35280000e-10 -2.83106871e-15 
 3.36280000e-10 -2.94209102e-15 
 3.37280000e-10 -2.94209102e-15 
 3.38280000e-10 -2.83106871e-15 
 3.39280000e-10 -2.83106871e-15 
 3.40280000e-10 -2.94209102e-15 
 3.41280000e-10 -2.94209102e-15 
 3.42280000e-10 -2.83106871e-15 
 3.43280000e-10 -2.83106871e-15 
 3.44280000e-10 -2.94209102e-15 
 3.45280000e-10 -2.94209102e-15 
 3.46280000e-10 -2.83106871e-15 
 3.47280000e-10 -2.83106871e-15 
 3.48280000e-10 -2.94209102e-15 
 3.49280000e-10 -2.94209102e-15 
 3.50280000e-10 -2.83106871e-15 
 3.51280000e-10 -2.83106871e-15 
 3.52280000e-10 -2.94209102e-15 
 3.53280000e-10 -2.94209102e-15 
 3.54280000e-10 -2.83106871e-15 
 3.55280000e-10 -2.83106871e-15 
 3.56280000e-10 -2.94209102e-15 
 3.57280000e-10 -2.94209102e-15 
 3.58280000e-10 -2.83106871e-15 
 3.59280000e-10 -2.83106871e-15 
 3.60280000e-10 -2.94209102e-15 
 3.61280000e-10 -2.94209102e-15 
 3.62280000e-10 -2.83106871e-15 
 3.63280000e-10 -2.83106871e-15 
 3.64280000e-10 -2.94209102e-15 
 3.65280000e-10 -2.94209102e-15 
 3.66280000e-10 -2.83106871e-15 
 3.67280000e-10 -2.83106871e-15 
 3.68280000e-10 -2.94209102e-15 
 3.69280000e-10 -2.94209102e-15 
 3.70280000e-10 -2.83106871e-15 
 3.71280000e-10 -2.83106871e-15 
 3.72280000e-10 -2.94209102e-15 
 3.73280000e-10 -2.94209102e-15 
 3.74280000e-10 -2.83106871e-15 
 3.75280000e-10 -2.83106871e-15 
 3.76280000e-10 -2.94209102e-15 
 3.77280000e-10 -2.94209102e-15 
 3.78280000e-10 -2.83106871e-15 
 3.79280000e-10 -2.83106871e-15 
 3.80280000e-10 -2.94209102e-15 
 3.81280000e-10 -2.94209102e-15 
 3.82280000e-10 -2.83106871e-15 
 3.83280000e-10 -2.83106871e-15 
 3.84280000e-10 -2.94209102e-15 
 3.85280000e-10 -2.94209102e-15 
 3.86280000e-10 -2.83106871e-15 
 3.87280000e-10 -2.83106871e-15 
 3.88280000e-10 -2.94209102e-15 
 3.89280000e-10 -2.94209102e-15 
 3.90280000e-10 -2.83106871e-15 
 3.91280000e-10 -2.83106871e-15 
 3.92280000e-10 -2.94209102e-15 
 3.93280000e-10 -2.94209102e-15 
 3.94280000e-10 -2.83106871e-15 
 3.95280000e-10 -2.83106871e-15 
 3.96280000e-10 -2.94209102e-15 
 3.97280000e-10 -2.94209102e-15 
 3.98280000e-10 -2.83106871e-15 
 3.99280000e-10 -2.83106871e-15 
 4.00280000e-10 -2.94209102e-15 
 4.01280000e-10 -2.94209102e-15 
 4.02280000e-10 -2.83106871e-15 
 4.03280000e-10 -2.83106871e-15 
 4.04280000e-10 -2.94209102e-15 
 4.05280000e-10 -2.94209102e-15 
 4.06280000e-10 -2.83106871e-15 
 4.07280000e-10 -2.83106871e-15 
 4.08280000e-10 -2.94209102e-15 
 4.09280000e-10 -2.94209102e-15 
 4.10280000e-10 -2.83106871e-15 
 4.11280000e-10 -2.83106871e-15 
 4.12280000e-10 -2.94209102e-15 
 4.13280000e-10 -2.94209102e-15 
 4.14280000e-10 -2.83106871e-15 
 4.15280000e-10 -2.83106871e-15 
 4.16280000e-10 -2.94209102e-15 
 4.17280000e-10 -2.94209102e-15 
 4.18280000e-10 -2.83106871e-15 
 4.19280000e-10 -2.83106871e-15 
 4.20280000e-10 -2.94209102e-15 
 4.21280000e-10 -2.94209102e-15 
 4.22280000e-10 -2.83106871e-15 
 4.23280000e-10 -2.83106871e-15 
 4.24280000e-10 -2.94209102e-15 
 4.25280000e-10 -2.94209102e-15 
 4.26280000e-10 -2.83106871e-15 
 4.27280000e-10 -2.83106871e-15 
 4.28280000e-10 -2.94209102e-15 
 4.29280000e-10 -2.94209102e-15 
 4.30280000e-10 -2.83106871e-15 
 4.31280000e-10 -2.83106871e-15 
 4.32280000e-10 -2.94209102e-15 
 4.33280000e-10 -2.94209102e-15 
 4.34280000e-10 -2.83106871e-15 
 4.35280000e-10 -2.83106871e-15 
 4.36280000e-10 -2.94209102e-15 
 4.37280000e-10 -2.94209102e-15 
 4.38280000e-10 -2.83106871e-15 
 4.39280000e-10 -2.83106871e-15 
 4.40280000e-10 -2.94209102e-15 
 4.41280000e-10 -2.94209102e-15 
 4.42280000e-10 -2.83106871e-15 
 4.43280000e-10 -2.83106871e-15 
 4.44280000e-10 -2.94209102e-15 
 4.45280000e-10 -2.94209102e-15 
 4.46280000e-10 -2.83106871e-15 
 4.47280000e-10 -2.83106871e-15 
 4.48280000e-10 -2.94209102e-15 
 4.49280000e-10 -2.94209102e-15 
 4.50280000e-10 -2.83106871e-15 
 4.51280000e-10 -2.83106871e-15 
 4.52280000e-10 -2.94209102e-15 
 4.53280000e-10 -2.94209102e-15 
 4.54280000e-10 -2.83106871e-15 
 4.55280000e-10 -2.83106871e-15 
 4.56280000e-10 -2.94209102e-15 
 4.57280000e-10 -2.94209102e-15 
 4.58280000e-10 -2.83106871e-15 
 4.59280000e-10 -2.83106871e-15 
 4.60280000e-10 -2.94209102e-15 
 4.61280000e-10 -2.94209102e-15 
 4.62280000e-10 -2.83106871e-15 
 4.63280000e-10 -2.83106871e-15 
 4.64280000e-10 -2.94209102e-15 
 4.65280000e-10 -2.94209102e-15 
 4.66280000e-10 -2.83106871e-15 
 4.67280000e-10 -2.83106871e-15 
 4.68280000e-10 -2.94209102e-15 
 4.69280000e-10 -2.94209102e-15 
 4.70280000e-10 -2.83106871e-15 
 4.71280000e-10 -2.83106871e-15 
 4.72280000e-10 -2.94209102e-15 
 4.73280000e-10 -2.94209102e-15 
 4.74280000e-10 -2.83106871e-15 
 4.75280000e-10 -2.83106871e-15 
 4.76280000e-10 -2.94209102e-15 
 4.77280000e-10 -2.94209102e-15 
 4.78280000e-10 -2.83106871e-15 
 4.79280000e-10 -2.83106871e-15 
 4.80280000e-10 -2.94209102e-15 
 4.81280000e-10 -2.94209102e-15 
 4.82280000e-10 -2.83106871e-15 
 4.83280000e-10 -2.83106871e-15 
 4.84280000e-10 -2.94209102e-15 
 4.85280000e-10 -2.94209102e-15 
 4.86280000e-10 -2.83106871e-15 
 4.87280000e-10 -2.83106871e-15 
 4.88280000e-10 -2.94209102e-15 
 4.89280000e-10 -2.94209102e-15 
 4.90280000e-10 -2.83106871e-15 
 4.91280000e-10 -2.83106871e-15 
 4.92280000e-10 -2.94209102e-15 
 4.93280000e-10 -2.94209102e-15 
 4.94280000e-10 -2.83106871e-15 
 4.95280000e-10 -2.83106871e-15 
 4.96280000e-10 -2.94209102e-15 
 4.97280000e-10 -2.94209102e-15 
 4.98280000e-10 -2.83106871e-15 
 4.99280000e-10 -2.83106871e-15 
 5.00280000e-10 -2.94209102e-15 
 5.01280000e-10 -2.94209102e-15 
 5.02280000e-10 -2.83106871e-15 
 5.03280000e-10 -2.83106871e-15 
 5.04280000e-10 -2.94209102e-15 
 5.05280000e-10 -2.94209102e-15 
 5.06280000e-10 -2.83106871e-15 
 5.07280000e-10 -2.83106871e-15 
 5.08280000e-10 -2.94209102e-15 
 5.09280000e-10 -2.94209102e-15 
 5.10280000e-10 -2.83106871e-15 
 5.11280000e-10 -2.83106871e-15 
 5.12280000e-10 -2.94209102e-15 
 5.13280000e-10 -2.94209102e-15 
 5.14280000e-10 -2.83106871e-15 
 5.15280000e-10 -2.83106871e-15 
 5.16280000e-10 -2.94209102e-15 
 5.17280000e-10 -2.94209102e-15 
 5.18280000e-10 -2.83106871e-15 
 5.19280000e-10 -2.83106871e-15 
 5.20280000e-10 -2.94209102e-15 
 5.21280000e-10 -2.94209102e-15 
 5.22280000e-10 -2.83106871e-15 
 5.23280000e-10 -2.83106871e-15 
 5.24280000e-10 -2.94209102e-15 
 5.25280000e-10 -2.94209102e-15 
 5.26280000e-10 -2.83106871e-15 
 5.27280000e-10 -2.83106871e-15 
 5.28280000e-10 -2.94209102e-15 
 5.29280000e-10 -2.94209102e-15 
 5.30280000e-10 -2.83106871e-15 
 5.31280000e-10 -2.83106871e-15 
 5.32280000e-10 -2.94209102e-15 
 5.33280000e-10 -2.94209102e-15 
 5.34280000e-10 -2.83106871e-15 
 5.35280000e-10 -2.83106871e-15 
 5.36280000e-10 -2.94209102e-15 
 5.37280000e-10 -2.94209102e-15 
 5.38280000e-10 -2.83106871e-15 
 5.39280000e-10 -2.83106871e-15 
 5.40280000e-10 -2.94209102e-15 
 5.41280000e-10 -2.94209102e-15 
 5.42280000e-10 -2.83106871e-15 
 5.43280000e-10 -2.83106871e-15 
 5.44280000e-10 -2.94209102e-15 
 5.45280000e-10 -2.94209102e-15 
 5.46280000e-10 -2.83106871e-15 
 5.47280000e-10 -2.83106871e-15 
 5.48280000e-10 -2.94209102e-15 
 5.49280000e-10 -2.94209102e-15 
 5.50280000e-10 -2.83106871e-15 
 5.51280000e-10 -2.83106871e-15 
 5.52280000e-10 -2.94209102e-15 
 5.53280000e-10 -2.94209102e-15 
 5.54280000e-10 -2.83106871e-15 
 5.55280000e-10 -2.83106871e-15 
 5.56280000e-10 -2.94209102e-15 
 5.57280000e-10 -2.94209102e-15 
 5.58280000e-10 -2.83106871e-15 
 5.59280000e-10 -2.83106871e-15 
 5.60280000e-10 -2.94209102e-15 
 5.61280000e-10 -2.94209102e-15 
 5.62280000e-10 -2.83106871e-15 
 5.63280000e-10 -2.83106871e-15 
 5.64280000e-10 -2.94209102e-15 
 5.65280000e-10 -2.94209102e-15 
 5.66280000e-10 -2.83106871e-15 
 5.67280000e-10 -2.83106871e-15 
 5.68280000e-10 -2.94209102e-15 
 5.69280000e-10 -2.94209102e-15 
 5.70280000e-10 -2.83106871e-15 
 5.71280000e-10 -2.83106871e-15 
 5.72280000e-10 -2.94209102e-15 
 5.73280000e-10 -2.94209102e-15 
 5.74280000e-10 -2.83106871e-15 
 5.75280000e-10 -2.83106871e-15 
 5.76280000e-10 -2.94209102e-15 
 5.77280000e-10 -2.94209102e-15 
 5.78280000e-10 -2.83106871e-15 
 5.79280000e-10 -2.83106871e-15 
 5.80280000e-10 -2.94209102e-15 
 5.81280000e-10 -2.94209102e-15 
 5.82280000e-10 -2.83106871e-15 
 5.83280000e-10 -2.83106871e-15 
 5.84280000e-10 -2.94209102e-15 
 5.85280000e-10 -2.94209102e-15 
 5.86280000e-10 -2.83106871e-15 
 5.87280000e-10 -2.83106871e-15 
 5.88280000e-10 -2.94209102e-15 
 5.89280000e-10 -2.94209102e-15 
 5.90280000e-10 -2.83106871e-15 
 5.91280000e-10 -2.83106871e-15 
 5.92280000e-10 -2.94209102e-15 
 5.93280000e-10 -2.94209102e-15 
 5.94280000e-10 -2.83106871e-15 
 5.95280000e-10 -2.83106871e-15 
 5.96280000e-10 -2.94209102e-15 
 5.97280000e-10 -2.94209102e-15 
 5.98280000e-10 -2.83106871e-15 
 5.99280000e-10 -2.83106871e-15 
 6.00280000e-10 -2.94209102e-15 
 6.01280000e-10 -2.94209102e-15 
 6.02280000e-10 -2.83106871e-15 
 6.03280000e-10 -2.83106871e-15 
 6.04280000e-10 -2.94209102e-15 
 6.05280000e-10 -2.94209102e-15 
 6.06280000e-10 -2.83106871e-15 
 6.07280000e-10 -2.83106871e-15 
 6.08280000e-10 -2.94209102e-15 
 6.09280000e-10 -2.94209102e-15 
 6.10280000e-10 -2.83106871e-15 
 6.11280000e-10 -2.83106871e-15 
 6.12280000e-10 -2.94209102e-15 
 6.13280000e-10 -2.94209102e-15 
 6.14280000e-10 -2.83106871e-15 
 6.15280000e-10 -2.83106871e-15 
 6.16280000e-10 -2.94209102e-15 
 6.17280000e-10 -2.94209102e-15 
 6.18280000e-10 -2.83106871e-15 
 6.19280000e-10 -2.83106871e-15 
 6.20280000e-10 -2.94209102e-15 
 6.21280000e-10 -2.94209102e-15 
 6.22280000e-10 -2.83106871e-15 
 6.23280000e-10 -2.83106871e-15 
 6.24280000e-10 -2.94209102e-15 
 6.25280000e-10 -2.94209102e-15 
 6.26280000e-10 -2.83106871e-15 
 6.27280000e-10 -2.83106871e-15 
 6.28280000e-10 -2.94209102e-15 
 6.29280000e-10 -2.94209102e-15 
 6.30280000e-10 -2.83106871e-15 
 6.31280000e-10 -2.83106871e-15 
 6.32280000e-10 -2.94209102e-15 
 6.33280000e-10 -2.94209102e-15 
 6.34280000e-10 -2.83106871e-15 
 6.35280000e-10 -2.83106871e-15 
 6.36280000e-10 -2.94209102e-15 
 6.37280000e-10 -2.94209102e-15 
 6.38280000e-10 -2.83106871e-15 
 6.39280000e-10 -2.83106871e-15 
 6.40280000e-10 -2.94209102e-15 
 6.41280000e-10 -2.94209102e-15 
 6.42280000e-10 -2.83106871e-15 
 6.43280000e-10 -2.83106871e-15 
 6.44280000e-10 -2.94209102e-15 
 6.45280000e-10 -2.94209102e-15 
 6.46280000e-10 -2.83106871e-15 
 6.47280000e-10 -2.83106871e-15 
 6.48280000e-10 -2.94209102e-15 
 6.49280000e-10 -2.94209102e-15 
 6.50280000e-10 -2.83106871e-15 
 6.51280000e-10 -2.83106871e-15 
 6.52280000e-10 -2.94209102e-15 
 6.53280000e-10 -2.94209102e-15 
 6.54280000e-10 -2.83106871e-15 
 6.55280000e-10 -2.83106871e-15 
 6.56280000e-10 -2.94209102e-15 
 6.57280000e-10 -2.94209102e-15 
 6.58280000e-10 -2.83106871e-15 
 6.59280000e-10 -2.83106871e-15 
 6.60280000e-10 -2.94209102e-15 
 6.61280000e-10 -2.94209102e-15 
 6.62280000e-10 -2.83106871e-15 
 6.63280000e-10 -2.83106871e-15 
 6.64280000e-10 -2.94209102e-15 
 6.65280000e-10 -2.94209102e-15 
 6.66280000e-10 -2.83106871e-15 
 6.67280000e-10 -2.83106871e-15 
 6.68280000e-10 -2.94209102e-15 
 6.69280000e-10 -2.94209102e-15 
 6.70280000e-10 -2.83106871e-15 
 6.71280000e-10 -2.83106871e-15 
 6.72280000e-10 -2.94209102e-15 
 6.73280000e-10 -2.94209102e-15 
 6.74280000e-10 -2.83106871e-15 
 6.75280000e-10 -2.83106871e-15 
 6.76280000e-10 -2.94209102e-15 
 6.77280000e-10 -2.94209102e-15 
 6.78280000e-10 -2.83106871e-15 
 6.79280000e-10 -2.83106871e-15 
 6.80280000e-10 -2.94209102e-15 
 6.81280000e-10 -2.94209102e-15 
 6.82280000e-10 -2.83106871e-15 
 6.83280000e-10 -2.83106871e-15 
 6.84280000e-10 -2.94209102e-15 
 6.85280000e-10 -2.94209102e-15 
 6.86280000e-10 -2.83106871e-15 
 6.87280000e-10 -2.83106871e-15 
 6.88280000e-10 -2.94209102e-15 
 6.89280000e-10 -2.94209102e-15 
 6.90280000e-10 -2.83106871e-15 
 6.91280000e-10 -2.83106871e-15 
 6.92280000e-10 -2.94209102e-15 
 6.93280000e-10 -2.94209102e-15 
 6.94280000e-10 -2.83106871e-15 
 6.95280000e-10 -2.83106871e-15 
 6.96280000e-10 -2.94209102e-15 
 6.97280000e-10 -2.94209102e-15 
 6.98280000e-10 -2.83106871e-15 
 6.99280000e-10 -2.83106871e-15 
 7.00280000e-10 -2.94209102e-15 
 7.01280000e-10 -2.94209102e-15 
 7.02280000e-10 -2.83106871e-15 
 7.03280000e-10 -2.83106871e-15 
 7.04280000e-10 -2.94209102e-15 
 7.05280000e-10 -2.94209102e-15 
 7.06280000e-10 -2.83106871e-15 
 7.07280000e-10 -2.83106871e-15 
 7.08280000e-10 -2.94209102e-15 
 7.09280000e-10 -2.94209102e-15 
 7.10280000e-10 -2.83106871e-15 
 7.11280000e-10 -2.83106871e-15 
 7.12280000e-10 -2.94209102e-15 
 7.13280000e-10 -2.94209102e-15 
 7.14280000e-10 -2.83106871e-15 
 7.15280000e-10 -2.83106871e-15 
 7.16280000e-10 -2.94209102e-15 
 7.17280000e-10 -2.94209102e-15 
 7.18280000e-10 -2.83106871e-15 
 7.19280000e-10 -2.83106871e-15 
 7.20280000e-10 -2.94209102e-15 
 7.21280000e-10 -2.94209102e-15 
 7.22280000e-10 -2.83106871e-15 
 7.23280000e-10 -2.83106871e-15 
 7.24280000e-10 -2.94209102e-15 
 7.25280000e-10 -2.94209102e-15 
 7.26280000e-10 -2.83106871e-15 
 7.27280000e-10 -2.83106871e-15 
 7.28280000e-10 -2.94209102e-15 
 7.29280000e-10 -2.94209102e-15 
 7.30280000e-10 -2.83106871e-15 
 7.31280000e-10 -2.83106871e-15 
 7.32280000e-10 -2.94209102e-15 
 7.33280000e-10 -2.94209102e-15 
 7.34280000e-10 -2.83106871e-15 
 7.35280000e-10 -2.83106871e-15 
 7.36280000e-10 -2.94209102e-15 
 7.37280000e-10 -2.94209102e-15 
 7.38280000e-10 -2.83106871e-15 
 7.39280000e-10 -2.83106871e-15 
 7.40280000e-10 -2.94209102e-15 
 7.41280000e-10 -2.94209102e-15 
 7.42280000e-10 -2.83106871e-15 
 7.43280000e-10 -2.83106871e-15 
 7.44280000e-10 -2.94209102e-15 
 7.45280000e-10 -2.94209102e-15 
 7.46280000e-10 -2.83106871e-15 
 7.47280000e-10 -2.83106871e-15 
 7.48280000e-10 -2.94209102e-15 
 7.49280000e-10 -2.94209102e-15 
 7.50280000e-10 -2.83106871e-15 
 7.51280000e-10 -2.83106871e-15 
 7.52280000e-10 -2.94209102e-15 
 7.53280000e-10 -2.94209102e-15 
 7.54280000e-10 -2.83106871e-15 
 7.55280000e-10 -2.83106871e-15 
 7.56280000e-10 -2.94209102e-15 
 7.57280000e-10 -2.94209102e-15 
 7.58280000e-10 -2.83106871e-15 
 7.59280000e-10 -2.83106871e-15 
 7.60280000e-10 -2.94209102e-15 
 7.61280000e-10 -2.94209102e-15 
 7.62280000e-10 -2.83106871e-15 
 7.63280000e-10 -2.83106871e-15 
 7.64280000e-10 -2.94209102e-15 
 7.65280000e-10 -2.94209102e-15 
 7.66280000e-10 -2.83106871e-15 
 7.67280000e-10 -2.83106871e-15 
 7.68280000e-10 -2.94209102e-15 
 7.69280000e-10 -2.94209102e-15 
 7.70280000e-10 -2.83106871e-15 
 7.71280000e-10 -2.83106871e-15 
 7.72280000e-10 -2.94209102e-15 
 7.73280000e-10 -2.94209102e-15 
 7.74280000e-10 -2.83106871e-15 
 7.75280000e-10 -2.83106871e-15 
 7.76280000e-10 -2.94209102e-15 
 7.77280000e-10 -2.94209102e-15 
 7.78280000e-10 -2.83106871e-15 
 7.79280000e-10 -2.83106871e-15 
 7.80280000e-10 -2.94209102e-15 
 7.81280000e-10 -2.94209102e-15 
 7.82280000e-10 -2.83106871e-15 
 7.83280000e-10 -2.83106871e-15 
 7.84280000e-10 -2.94209102e-15 
 7.85280000e-10 -2.94209102e-15 
 7.86280000e-10 -2.83106871e-15 
 7.87280000e-10 -2.83106871e-15 
 7.88280000e-10 -2.94209102e-15 
 7.89280000e-10 -2.94209102e-15 
 7.90280000e-10 -2.83106871e-15 
 7.91280000e-10 -2.83106871e-15 
 7.92280000e-10 -2.94209102e-15 
 7.93280000e-10 -2.94209102e-15 
 7.94280000e-10 -2.83106871e-15 
 7.95280000e-10 -2.83106871e-15 
 7.96280000e-10 -2.94209102e-15 
 7.97280000e-10 -2.94209102e-15 
 7.98280000e-10 -2.83106871e-15 
 7.99280000e-10 -2.83106871e-15 
 8.00280000e-10 -2.94209102e-15 
 8.01280000e-10 -2.94209102e-15 
 8.02280000e-10 -2.83106871e-15 
 8.03280000e-10 -2.83106871e-15 
 8.04280000e-10 -2.94209102e-15 
 8.05280000e-10 -2.94209102e-15 
 8.06280000e-10 -2.83106871e-15 
 8.07280000e-10 -2.83106871e-15 
 8.08280000e-10 -2.94209102e-15 
 8.09280000e-10 -2.94209102e-15 
 8.10280000e-10 -2.83106871e-15 
 8.11280000e-10 -2.83106871e-15 
 8.12280000e-10 -2.94209102e-15 
 8.13280000e-10 -2.94209102e-15 
 8.14280000e-10 -2.83106871e-15 
 8.15280000e-10 -2.83106871e-15 
 8.16280000e-10 -2.94209102e-15 
 8.17280000e-10 -2.94209102e-15 
 8.18280000e-10 -2.83106871e-15 
 8.19280000e-10 -2.83106871e-15 
 8.20280000e-10 -2.94209102e-15 
 8.21280000e-10 -2.94209102e-15 
 8.22280000e-10 -2.83106871e-15 
 8.23280000e-10 -2.83106871e-15 
 8.24280000e-10 -2.94209102e-15 
 8.25280000e-10 -2.94209102e-15 
 8.26280000e-10 -2.83106871e-15 
 8.27280000e-10 -2.83106871e-15 
 8.28280000e-10 -2.94209102e-15 
 8.29280000e-10 -2.94209102e-15 
 8.30280000e-10 -2.83106871e-15 
 8.31280000e-10 -2.83106871e-15 
 8.32280000e-10 -2.94209102e-15 
 8.33280000e-10 -2.94209102e-15 
 8.34280000e-10 -2.83106871e-15 
 8.35280000e-10 -2.83106871e-15 
 8.36280000e-10 -2.94209102e-15 
 8.37280000e-10 -2.94209102e-15 
 8.38280000e-10 -2.83106871e-15 
 8.39280000e-10 -2.83106871e-15 
 8.40280000e-10 -2.94209102e-15 
 8.41280000e-10 -2.94209102e-15 
 8.42280000e-10 -2.83106871e-15 
 8.43280000e-10 -2.83106871e-15 
 8.44280000e-10 -2.94209102e-15 
 8.45280000e-10 -2.94209102e-15 
 8.46280000e-10 -2.83106871e-15 
 8.47280000e-10 -2.83106871e-15 
 8.48280000e-10 -2.94209102e-15 
 8.49280000e-10 -2.94209102e-15 
 8.50280000e-10 -2.83106871e-15 
 8.51280000e-10 -2.83106871e-15 
 8.52280000e-10 -2.94209102e-15 
 8.53280000e-10 -2.94209102e-15 
 8.54280000e-10 -2.83106871e-15 
 8.55280000e-10 -2.83106871e-15 
 8.56280000e-10 -2.94209102e-15 
 8.57280000e-10 -2.94209102e-15 
 8.58280000e-10 -2.83106871e-15 
 8.59280000e-10 -2.83106871e-15 
 8.60280000e-10 -2.94209102e-15 
 8.61280000e-10 -2.94209102e-15 
 8.62280000e-10 -2.83106871e-15 
 8.63280000e-10 -2.83106871e-15 
 8.64280000e-10 -2.94209102e-15 
 8.65280000e-10 -2.94209102e-15 
 8.66280000e-10 -2.83106871e-15 
 8.67280000e-10 -2.83106871e-15 
 8.68280000e-10 -2.94209102e-15 
 8.69280000e-10 -2.94209102e-15 
 8.70280000e-10 -2.83106871e-15 
 8.71280000e-10 -2.83106871e-15 
 8.72280000e-10 -2.94209102e-15 
 8.73280000e-10 -2.94209102e-15 
 8.74280000e-10 -2.83106871e-15 
 8.75280000e-10 -2.83106871e-15 
 8.76280000e-10 -2.94209102e-15 
 8.77280000e-10 -2.94209102e-15 
 8.78280000e-10 -2.83106871e-15 
 8.79280000e-10 -2.83106871e-15 
 8.80280000e-10 -2.94209102e-15 
 8.81280000e-10 -2.94209102e-15 
 8.82280000e-10 -2.83106871e-15 
 8.83280000e-10 -2.83106871e-15 
 8.84280000e-10 -2.94209102e-15 
 8.85280000e-10 -2.94209102e-15 
 8.86280000e-10 -2.83106871e-15 
 8.87280000e-10 -2.83106871e-15 
 8.88280000e-10 -2.94209102e-15 
 8.89280000e-10 -2.94209102e-15 
 8.90280000e-10 -2.83106871e-15 
 8.91280000e-10 -2.83106871e-15 
 8.92280000e-10 -2.94209102e-15 
 8.93280000e-10 -2.94209102e-15 
 8.94280000e-10 -2.83106871e-15 
 8.95280000e-10 -2.83106871e-15 
 8.96280000e-10 -2.94209102e-15 
 8.97280000e-10 -2.94209102e-15 
 8.98280000e-10 -2.83106871e-15 
 8.99280000e-10 -2.83106871e-15 
 9.00280000e-10 -2.94209102e-15 
 9.01280000e-10 -2.94209102e-15 
 9.02280000e-10 -2.83106871e-15 
 9.03280000e-10 -2.83106871e-15 
 9.04280000e-10 -2.94209102e-15 
 9.05280000e-10 -2.94209102e-15 
 9.06280000e-10 -2.83106871e-15 
 9.07280000e-10 -2.83106871e-15 
 9.08280000e-10 -2.94209102e-15 
 9.09280000e-10 -2.94209102e-15 
 9.10280000e-10 -2.83106871e-15 
 9.11280000e-10 -2.83106871e-15 
 9.12280000e-10 -2.94209102e-15 
 9.13280000e-10 -2.94209102e-15 
 9.14280000e-10 -2.83106871e-15 
 9.15280000e-10 -2.83106871e-15 
 9.16280000e-10 -2.94209102e-15 
 9.17280000e-10 -2.94209102e-15 
 9.18280000e-10 -2.83106871e-15 
 9.19280000e-10 -2.83106871e-15 
 9.20280000e-10 -2.94209102e-15 
 9.21280000e-10 -2.94209102e-15 
 9.22280000e-10 -2.83106871e-15 
 9.23280000e-10 -2.83106871e-15 
 9.24280000e-10 -2.94209102e-15 
 9.25280000e-10 -2.94209102e-15 
 9.26280000e-10 -2.83106871e-15 
 9.27280000e-10 -2.83106871e-15 
 9.28280000e-10 -2.94209102e-15 
 9.29280000e-10 -2.94209102e-15 
 9.30280000e-10 -2.83106871e-15 
 9.31280000e-10 -2.83106871e-15 
 9.32280000e-10 -2.94209102e-15 
 9.33280000e-10 -2.94209102e-15 
 9.34280000e-10 -2.83106871e-15 
 9.35280000e-10 -2.83106871e-15 
 9.36280000e-10 -2.94209102e-15 
 9.37280000e-10 -2.94209102e-15 
 9.38280000e-10 -2.83106871e-15 
 9.39280000e-10 -2.83106871e-15 
 9.40280000e-10 -2.94209102e-15 
 9.41280000e-10 -2.94209102e-15 
 9.42280000e-10 -2.83106871e-15 
 9.43280000e-10 -2.83106871e-15 
 9.44280000e-10 -2.94209102e-15 
 9.45280000e-10 -2.94209102e-15 
 9.46280000e-10 -2.83106871e-15 
 9.47280000e-10 -2.83106871e-15 
 9.48280000e-10 -2.94209102e-15 
 9.49280000e-10 -2.94209102e-15 
 9.50280000e-10 -2.83106871e-15 
 9.51280000e-10 -2.83106871e-15 
 9.52280000e-10 -2.94209102e-15 
 9.53280000e-10 -2.94209102e-15 
 9.54280000e-10 -2.83106871e-15 
 9.55280000e-10 -2.83106871e-15 
 9.56280000e-10 -2.94209102e-15 
 9.57280000e-10 -2.94209102e-15 
 9.58280000e-10 -2.83106871e-15 
 9.59280000e-10 -2.83106871e-15 
 9.60280000e-10 -2.94209102e-15 
 9.61280000e-10 -2.94209102e-15 
 9.62280000e-10 -2.83106871e-15 
 9.63280000e-10 -2.83106871e-15 
 9.64280000e-10 -2.94209102e-15 
 9.65280000e-10 -2.94209102e-15 
 9.66280000e-10 -2.83106871e-15 
 9.67280000e-10 -2.83106871e-15 
 9.68280000e-10 -2.94209102e-15 
 9.69280000e-10 -2.94209102e-15 
 9.70280000e-10 -2.83106871e-15 
 9.71280000e-10 -2.83106871e-15 
 9.72280000e-10 -2.94209102e-15 
 9.73280000e-10 -2.94209102e-15 
 9.74280000e-10 -2.83106871e-15 
 9.75280000e-10 -2.83106871e-15 
 9.76280000e-10 -2.94209102e-15 
 9.77280000e-10 -2.94209102e-15 
 9.78280000e-10 -2.83106871e-15 
 9.79280000e-10 -2.83106871e-15 
 9.80280000e-10 -2.94209102e-15 
 9.81280000e-10 -2.94209102e-15 
 9.82280000e-10 -2.83106871e-15 
 9.83280000e-10 -2.83106871e-15 
 9.84280000e-10 -2.94209102e-15 
 9.85280000e-10 -2.94209102e-15 
 9.86280000e-10 -2.83106871e-15 
 9.87280000e-10 -2.83106871e-15 
 9.88280000e-10 -2.94209102e-15 
 9.89280000e-10 -2.94209102e-15 
 9.90280000e-10 -2.83106871e-15 
 9.91280000e-10 -2.83106871e-15 
 9.92280000e-10 -2.94209102e-15 
 9.93280000e-10 -2.94209102e-15 
 9.94280000e-10 -2.83106871e-15 
 9.95280000e-10 -2.83106871e-15 
 9.96280000e-10 -2.94209102e-15 
 9.97280000e-10 -2.94209102e-15 
 9.98280000e-10 -2.83106871e-15 
 9.99140000e-10 -4.99600361e-15 
 1.00000000e-09 -5.71764858e-15 
 1.00010000e-09 -8.02115558e-07 
 1.00030000e-09 -4.00627731e-06 
 1.00070000e-09 -1.99628551e-05 
 1.00140359e-09 -7.85495774e-05 
 1.00240359e-09 -2.27535937e-04 
 1.00340359e-09 -4.51931383e-04 
 1.00440359e-09 -7.49735872e-04 
 1.00540359e-09 -1.11900241e-03 
 1.00640359e-09 -1.55783563e-03 
 1.00740359e-09 -2.06439046e-03 
 1.00840359e-09 -2.63687074e-03 
 1.00940359e-09 -3.27352795e-03 
 1.01040359e-09 -3.97265996e-03 
 1.01140359e-09 -4.73260978e-03 
 1.01240359e-09 -5.55176436e-03 
 1.01340359e-09 -6.42855345e-03 
 1.01440359e-09 -7.36144841e-03 
 1.01540359e-09 -8.34896119e-03 
 1.01640359e-09 -9.38964317e-03 
 1.01740359e-09 -1.04820842e-02 
 1.01840359e-09 -1.16249114e-02 
 1.01940359e-09 -1.28167885e-02 
 1.02040359e-09 -1.40564146e-02 
 1.02140359e-09 -1.53425232e-02 
 1.02240359e-09 -1.66738814e-02 
 1.02340359e-09 -1.80492892e-02 
 1.02440359e-09 -1.94675782e-02 
 1.02540359e-09 -2.09276111e-02 
 1.02640359e-09 -2.24282808e-02 
 1.02740359e-09 -2.39685094e-02 
 1.02840359e-09 -2.55472479e-02 
 1.02940359e-09 -2.71634746e-02 
 1.03040359e-09 -2.88161955e-02 
 1.03140359e-09 -3.05044426e-02 
 1.03240359e-09 -3.22272735e-02 
 1.03340359e-09 -3.39837712e-02 
 1.03440359e-09 -3.57730426e-02 
 1.03540359e-09 -3.75942185e-02 
 1.03640359e-09 -3.94464527e-02 
 1.03740359e-09 -4.13289215e-02 
 1.03840359e-09 -4.32408230e-02 
 1.03940359e-09 -4.51813765e-02 
 1.04040359e-09 -4.71498221e-02 
 1.04140359e-09 -4.91454200e-02 
 1.04240359e-09 -5.11674502e-02 
 1.04340359e-09 -5.32152114e-02 
 1.04440359e-09 -5.52880214e-02 
 1.04540359e-09 -5.73852157e-02 
 1.04640359e-09 -5.95061476e-02 
 1.04740359e-09 -6.16501875e-02 
 1.04840359e-09 -6.38167226e-02 
 1.04940359e-09 -6.60051561e-02 
 1.05040359e-09 -6.82149073e-02 
 1.05140359e-09 -7.04454109e-02 
 1.05240359e-09 -7.26961163e-02 
 1.05340359e-09 -7.49664878e-02 
 1.05440359e-09 -7.72560038e-02 
 1.05540359e-09 -7.95641565e-02 
 1.05640359e-09 -8.18904516e-02 
 1.05740359e-09 -8.42344081e-02 
 1.05840359e-09 -8.65955573e-02 
 1.05940359e-09 -8.89734434e-02 
 1.06040359e-09 -9.13676224e-02 
 1.06140359e-09 -9.37776621e-02 
 1.06240359e-09 -9.62031421e-02 
 1.06340359e-09 -9.86436526e-02 
 1.06440359e-09 -1.01098795e-01 
 1.06540359e-09 -1.03568181e-01 
 1.06640359e-09 -1.06051434e-01 
 1.06740359e-09 -1.08548185e-01 
 1.06840359e-09 -1.11058076e-01 
 1.06940359e-09 -1.13580759e-01 
 1.07040359e-09 -1.16115894e-01 
 1.07140359e-09 -1.18663152e-01 
 1.07240359e-09 -1.21222211e-01 
 1.07340359e-09 -1.23792757e-01 
 1.07440359e-09 -1.26374486e-01 
 1.07540359e-09 -1.28967102e-01 
 1.07640359e-09 -1.31570316e-01 
 1.07740359e-09 -1.34183846e-01 
 1.07840359e-09 -1.36807419e-01 
 1.07940359e-09 -1.39440769e-01 
 1.08040359e-09 -1.42083637e-01 
 1.08140359e-09 -1.44735769e-01 
 1.08240359e-09 -1.47396920e-01 
 1.08340359e-09 -1.50066852e-01 
 1.08440359e-09 -1.52745330e-01 
 1.08540359e-09 -1.55432129e-01 
 1.08640359e-09 -1.58127028e-01 
 1.08740359e-09 -1.60829812e-01 
 1.08840359e-09 -1.63540272e-01 
 1.08940359e-09 -1.66258203e-01 
 1.09040359e-09 -1.68983409e-01 
 1.09140359e-09 -1.71715696e-01 
 1.09240359e-09 -1.74454876e-01 
 1.09340359e-09 -1.77200767e-01 
 1.09440359e-09 -1.79953190e-01 
 1.09540359e-09 -1.82711973e-01 
 1.09640359e-09 -1.85476946e-01 
 1.09740359e-09 -1.88247945e-01 
 1.09840359e-09 -1.91024811e-01 
 1.09940359e-09 -1.93807388e-01 
 1.10040359e-09 -1.96595524e-01 
 1.10140359e-09 -1.99389072e-01 
 1.10240359e-09 -2.02187889e-01 
 1.10340359e-09 -2.04991835e-01 
 1.10440359e-09 -2.07800773e-01 
 1.10540359e-09 -2.10614572e-01 
 1.10640359e-09 -2.13433102e-01 
 1.10740359e-09 -2.16256238e-01 
 1.10840359e-09 -2.19083858e-01 
 1.10940359e-09 -2.21915843e-01 
 1.11040359e-09 -2.24752076e-01 
 1.11140359e-09 -2.27592446e-01 
 1.11240359e-09 -2.30436843e-01 
 1.11340359e-09 -2.33285159e-01 
 1.11440359e-09 -2.36137292e-01 
 1.11540359e-09 -2.38993139e-01 
 1.11640359e-09 -2.41852602e-01 
 1.11740359e-09 -2.44715586e-01 
 1.11840359e-09 -2.47581996e-01 
 1.11940359e-09 -2.50451743e-01 
 1.12040359e-09 -2.53324737e-01 
 1.12140359e-09 -2.56200892e-01 
 1.12240359e-09 -2.59080125e-01 
 1.12340359e-09 -2.61962354e-01 
 1.12440359e-09 -2.64847499e-01 
 1.12540359e-09 -2.67735484e-01 
 1.12640359e-09 -2.70626232e-01 
 1.12740359e-09 -2.73519670e-01 
 1.12840359e-09 -2.76415728e-01 
 1.12940359e-09 -2.79314336e-01 
 1.13040359e-09 -2.82215425e-01 
 1.13140359e-09 -2.85118931e-01 
 1.13240359e-09 -2.88024789e-01 
 1.13340359e-09 -2.90932937e-01 
 1.13440359e-09 -2.93843314e-01 
 1.13540359e-09 -2.96755860e-01 
 1.13640359e-09 -2.99670519e-01 
 1.13740359e-09 -3.02587234e-01 
 1.13840359e-09 -3.05505951e-01 
 1.13940359e-09 -3.08426617e-01 
 1.14040359e-09 -3.11349180e-01 
 1.14140359e-09 -3.14273590e-01 
 1.14240359e-09 -3.17199797e-01 
 1.14340359e-09 -3.20127754e-01 
 1.14440359e-09 -3.23057415e-01 
 1.14540359e-09 -3.25988734e-01 
 1.14640359e-09 -3.28921668e-01 
 1.14740359e-09 -3.31856173e-01 
 1.14840359e-09 -3.34792209e-01 
 1.14920179e-09 -3.37136844e-01 
 1.15000000e-09 -3.39482409e-01 
 1.15010000e-09 -3.39775533e-01 
 1.15030000e-09 -3.40360209e-01 
 1.15070000e-09 -3.41520182e-01 
 1.15150000e-09 -3.43803112e-01 
 1.15250000e-09 -3.46588656e-01 
 1.15350000e-09 -3.49300321e-01 
 1.15450000e-09 -3.51940065e-01 
 1.15550000e-09 -3.54509797e-01 
 1.15650000e-09 -3.57011372e-01 
 1.15750000e-09 -3.59446600e-01 
 1.15850000e-09 -3.61817238e-01 
 1.15950000e-09 -3.64125002e-01 
 1.16050000e-09 -3.66371557e-01 
 1.16150000e-09 -3.68558529e-01 
 1.16250000e-09 -3.70687496e-01 
 1.16350000e-09 -3.72759997e-01 
 1.16450000e-09 -3.74777530e-01 
 1.16550000e-09 -3.76741553e-01 
 1.16650000e-09 -3.78653485e-01 
 1.16750000e-09 -3.80514708e-01 
 1.16850000e-09 -3.82326566e-01 
 1.16950000e-09 -3.84090370e-01 
 1.17050000e-09 -3.85807392e-01 
 1.17150000e-09 -3.87478875e-01 
 1.17250000e-09 -3.89106026e-01 
 1.17350000e-09 -3.90690020e-01 
 1.17450000e-09 -3.92232003e-01 
 1.17550000e-09 -3.93733089e-01 
 1.17650000e-09 -3.95194361e-01 
 1.17750000e-09 -3.96616878e-01 
 1.17850000e-09 -3.98001665e-01 
 1.17950000e-09 -3.99349724e-01 
 1.18050000e-09 -4.00662029e-01 
 1.18150000e-09 -4.01939529e-01 
 1.18250000e-09 -4.03183146e-01 
 1.18350000e-09 -4.04393779e-01 
 1.18450000e-09 -4.05572303e-01 
 1.18550000e-09 -4.06719569e-01 
 1.18650000e-09 -4.07836407e-01 
 1.18750000e-09 -4.08923624e-01 
 1.18850000e-09 -4.09982004e-01 
 1.18950000e-09 -4.11012314e-01 
 1.19050000e-09 -4.12015297e-01 
 1.19150000e-09 -4.12991679e-01 
 1.19250000e-09 -4.13942165e-01 
 1.19350000e-09 -4.14867441e-01 
 1.19450000e-09 -4.15768176e-01 
 1.19550000e-09 -4.16645022e-01 
 1.19650000e-09 -4.17498611e-01 
 1.19750000e-09 -4.18329561e-01 
 1.19850000e-09 -4.19138472e-01 
 1.19950000e-09 -4.19925929e-01 
 1.20050000e-09 -4.20692500e-01 
 1.20150000e-09 -4.21438740e-01 
 1.20250000e-09 -4.22165188e-01 
 1.20350000e-09 -4.22872368e-01 
 1.20450000e-09 -4.23560792e-01 
 1.20550000e-09 -4.24230957e-01 
 1.20650000e-09 -4.24883348e-01 
 1.20750000e-09 -4.25518436e-01 
 1.20850000e-09 -4.26136680e-01 
 1.20950000e-09 -4.26738526e-01 
 1.21050000e-09 -4.27324410e-01 
 1.21150000e-09 -4.27894754e-01 
 1.21250000e-09 -4.28449972e-01 
 1.21350000e-09 -4.28990463e-01 
 1.21450000e-09 -4.29516620e-01 
 1.21550000e-09 -4.30028821e-01 
 1.21650000e-09 -4.30527438e-01 
 1.21750000e-09 -4.31012830e-01 
 1.21850000e-09 -4.31485348e-01 
 1.21950000e-09 -4.31945334e-01 
 1.22050000e-09 -4.32393119e-01 
 1.22150000e-09 -4.32829029e-01 
 1.22250000e-09 -4.33253377e-01 
 1.22350000e-09 -4.33666470e-01 
 1.22450000e-09 -4.34068606e-01 
 1.22550000e-09 -4.34460077e-01 
 1.22650000e-09 -4.34841166e-01 
 1.22750000e-09 -4.35212146e-01 
 1.22850000e-09 -4.35573288e-01 
 1.22950000e-09 -4.35924851e-01 
 1.23050000e-09 -4.36267090e-01 
 1.23150000e-09 -4.36600251e-01 
 1.23250000e-09 -4.36924577e-01 
 1.23350000e-09 -4.37240300e-01 
 1.23450000e-09 -4.37547649e-01 
 1.23550000e-09 -4.37846847e-01 
 1.23650000e-09 -4.38138110e-01 
 1.23750000e-09 -4.38421647e-01 
 1.23850000e-09 -4.38697664e-01 
 1.23950000e-09 -4.38966361e-01 
 1.24050000e-09 -4.39227931e-01 
 1.24150000e-09 -4.39482563e-01 
 1.24250000e-09 -4.39730442e-01 
 1.24350000e-09 -4.39971747e-01 
 1.24450000e-09 -4.40206651e-01 
 1.24550000e-09 -4.40435326e-01 
 1.24650000e-09 -4.40657935e-01 
 1.24750000e-09 -4.40874640e-01 
 1.24850000e-09 -4.41085598e-01 
 1.24950000e-09 -4.41290960e-01 
 1.25050000e-09 -4.41490876e-01 
 1.25150000e-09 -4.41685489e-01 
 1.25250000e-09 -4.41874941e-01 
 1.25350000e-09 -4.42059368e-01 
 1.25450000e-09 -4.42238903e-01 
 1.25550000e-09 -4.42413677e-01 
 1.25650000e-09 -4.42583815e-01 
 1.25750000e-09 -4.42749441e-01 
 1.25850000e-09 -4.42910674e-01 
 1.25950000e-09 -4.43067631e-01 
 1.26050000e-09 -4.43220424e-01 
 1.26150000e-09 -4.43369166e-01 
 1.26250000e-09 -4.43513962e-01 
 1.26350000e-09 -4.43654918e-01 
 1.26450000e-09 -4.43792135e-01 
 1.26550000e-09 -4.43925713e-01 
 1.26650000e-09 -4.44055749e-01 
 1.26750000e-09 -4.44182335e-01 
 1.26850000e-09 -4.44305564e-01 
 1.26950000e-09 -4.44425524e-01 
 1.27050000e-09 -4.44542303e-01 
 1.27150000e-09 -4.44655985e-01 
 1.27250000e-09 -4.44766651e-01 
 1.27350000e-09 -4.44874383e-01 
 1.27450000e-09 -4.44979257e-01 
 1.27550000e-09 -4.45081349e-01 
 1.27650000e-09 -4.45180734e-01 
 1.27750000e-09 -4.45277483e-01 
 1.27850000e-09 -4.45371666e-01 
 1.27950000e-09 -4.45463351e-01 
 1.28050000e-09 -4.45552604e-01 
 1.28150000e-09 -4.45639490e-01 
 1.28250000e-09 -4.45724071e-01 
 1.28350000e-09 -4.45806409e-01 
 1.28450000e-09 -4.45886563e-01 
 1.28550000e-09 -4.45964592e-01 
 1.28650000e-09 -4.46040551e-01 
 1.28750000e-09 -4.46114495e-01 
 1.28850000e-09 -4.46186478e-01 
 1.28950000e-09 -4.46256552e-01 
 1.29050000e-09 -4.46324767e-01 
 1.29150000e-09 -4.46391173e-01 
 1.29250000e-09 -4.46455818e-01 
 1.29350000e-09 -4.46518749e-01 
 1.29450000e-09 -4.46580010e-01 
 1.29550000e-09 -4.46639646e-01 
 1.29650000e-09 -4.46697701e-01 
 1.29750000e-09 -4.46754216e-01 
 1.29850000e-09 -4.46809232e-01 
 1.29950000e-09 -4.46862789e-01 
 1.30050000e-09 -4.46914925e-01 
 1.30150000e-09 -4.46965679e-01 
 1.30250000e-09 -4.47015086e-01 
 1.30350000e-09 -4.47063183e-01 
 1.30450000e-09 -4.47110005e-01 
 1.30550000e-09 -4.47155584e-01 
 1.30650000e-09 -4.47199955e-01 
 1.30750000e-09 -4.47243149e-01 
 1.30850000e-09 -4.47285197e-01 
 1.30950000e-09 -4.47326130e-01 
 1.31050000e-09 -4.47365978e-01 
 1.31150000e-09 -4.47404768e-01 
 1.31250000e-09 -4.47442530e-01 
 1.31350000e-09 -4.47479290e-01 
 1.31450000e-09 -4.47515075e-01 
 1.31550000e-09 -4.47549911e-01 
 1.31650000e-09 -4.47583823e-01 
 1.31750000e-09 -4.47616836e-01 
 1.31850000e-09 -4.47648973e-01 
 1.31950000e-09 -4.47680258e-01 
 1.32050000e-09 -4.47710713e-01 
 1.32150000e-09 -4.47740360e-01 
 1.32250000e-09 -4.47769221e-01 
 1.32350000e-09 -4.47797317e-01 
 1.32450000e-09 -4.47824667e-01 
 1.32550000e-09 -4.47851292e-01 
 1.32650000e-09 -4.47877211e-01 
 1.32750000e-09 -4.47902442e-01 
 1.32850000e-09 -4.47927004e-01 
 1.32950000e-09 -4.47950915e-01 
 1.33050000e-09 -4.47974191e-01 
 1.33150000e-09 -4.47996850e-01 
 1.33250000e-09 -4.48018909e-01 
 1.33350000e-09 -4.48040382e-01 
 1.33450000e-09 -4.48061285e-01 
 1.33550000e-09 -4.48081634e-01 
 1.33650000e-09 -4.48101444e-01 
 1.33750000e-09 -4.48120728e-01 
 1.33850000e-09 -4.48139501e-01 
 1.33950000e-09 -4.48157775e-01 
 1.34050000e-09 -4.48175565e-01 
 1.34150000e-09 -4.48192884e-01 
 1.34250000e-09 -4.48209742e-01 
 1.34350000e-09 -4.48226154e-01 
 1.34450000e-09 -4.48242131e-01 
 1.34550000e-09 -4.48257683e-01 
 1.34650000e-09 -4.48272823e-01 
 1.34750000e-09 -4.48287562e-01 
 1.34850000e-09 -4.48301910e-01 
 1.34950000e-09 -4.48315877e-01 
 1.35050000e-09 -4.48329474e-01 
 1.35150000e-09 -4.48342710e-01 
 1.35250000e-09 -4.48355595e-01 
 1.35350000e-09 -4.48368138e-01 
 1.35450000e-09 -4.48380349e-01 
 1.35550000e-09 -4.48392236e-01 
 1.35650000e-09 -4.48403807e-01 
 1.35750000e-09 -4.48415072e-01 
 1.35850000e-09 -4.48426038e-01 
 1.35950000e-09 -4.48436713e-01 
 1.36050000e-09 -4.48447105e-01 
 1.36150000e-09 -4.48457221e-01 
 1.36250000e-09 -4.48467069e-01 
 1.36350000e-09 -4.48476656e-01 
 1.36450000e-09 -4.48485988e-01 
 1.36550000e-09 -4.48495073e-01 
 1.36650000e-09 -4.48503917e-01 
 1.36750000e-09 -4.48512527e-01 
 1.36850000e-09 -4.48520908e-01 
 1.36950000e-09 -4.48529066e-01 
 1.37050000e-09 -4.48537009e-01 
 1.37150000e-09 -4.48544741e-01 
 1.37250000e-09 -4.48552267e-01 
 1.37350000e-09 -4.48559594e-01 
 1.37450000e-09 -4.48566727e-01 
 1.37550000e-09 -4.48573671e-01 
 1.37650000e-09 -4.48580430e-01 
 1.37750000e-09 -4.48587010e-01 
 1.37850000e-09 -4.48593416e-01 
 1.37950000e-09 -4.48599652e-01 
 1.38050000e-09 -4.48605722e-01 
 1.38150000e-09 -4.48611631e-01 
 1.38250000e-09 -4.48617384e-01 
 1.38350000e-09 -4.48622984e-01 
 1.38450000e-09 -4.48628435e-01 
 1.38550000e-09 -4.48633742e-01 
 1.38650000e-09 -4.48638908e-01 
 1.38750000e-09 -4.48643938e-01 
 1.38850000e-09 -4.48648833e-01 
 1.38950000e-09 -4.48653599e-01 
 1.39050000e-09 -4.48658239e-01 
 1.39150000e-09 -4.48662755e-01 
 1.39250000e-09 -4.48667152e-01 
 1.39350000e-09 -4.48671432e-01 
 1.39450000e-09 -4.48675598e-01 
 1.39550000e-09 -4.48679654e-01 
 1.39650000e-09 -4.48683603e-01 
 1.39750000e-09 -4.48687446e-01 
 1.39850000e-09 -4.48691188e-01 
 1.39950000e-09 -4.48694831e-01 
 1.40050000e-09 -4.48698377e-01 
 1.40150000e-09 -4.48701829e-01 
 1.40250000e-09 -4.48705189e-01 
 1.40350000e-09 -4.48708460e-01 
 1.40450000e-09 -4.48711645e-01 
 1.40550000e-09 -4.48714745e-01 
 1.40650000e-09 -4.48717762e-01 
 1.40750000e-09 -4.48720700e-01 
 1.40850000e-09 -4.48723560e-01 
 1.40950000e-09 -4.48726344e-01 
 1.41050000e-09 -4.48729054e-01 
 1.41150000e-09 -4.48731692e-01 
 1.41250000e-09 -4.48734260e-01 
 1.41350000e-09 -4.48736761e-01 
 1.41450000e-09 -4.48739194e-01 
 1.41550000e-09 -4.48741564e-01 
 1.41650000e-09 -4.48743870e-01 
 1.41750000e-09 -4.48746115e-01 
 1.41850000e-09 -4.48748301e-01 
 1.41950000e-09 -4.48750429e-01 
 1.42050000e-09 -4.48752500e-01 
 1.42150000e-09 -4.48754517e-01 
 1.42250000e-09 -4.48756479e-01 
 1.42350000e-09 -4.48758390e-01 
 1.42450000e-09 -4.48760250e-01 
 1.42550000e-09 -4.48762061e-01 
 1.42650000e-09 -4.48763824e-01 
 1.42750000e-09 -4.48765540e-01 
 1.42850000e-09 -4.48767211e-01 
 1.42950000e-09 -4.48768837e-01 
 1.43050000e-09 -4.48770420e-01 
 1.43150000e-09 -4.48771961e-01 
 1.43250000e-09 -4.48773461e-01 
 1.43350000e-09 -4.48774922e-01 
 1.43450000e-09 -4.48776343e-01 
 1.43550000e-09 -4.48777727e-01 
 1.43650000e-09 -4.48779075e-01 
 1.43750000e-09 -4.48780386e-01 
 1.43850000e-09 -4.48781663e-01 
 1.43950000e-09 -4.48782906e-01 
 1.44050000e-09 -4.48784116e-01 
 1.44150000e-09 -4.48785294e-01 
 1.44250000e-09 -4.48786440e-01 
 1.44350000e-09 -4.48787557e-01 
 1.44450000e-09 -4.48788643e-01 
 1.44550000e-09 -4.48789701e-01 
 1.44650000e-09 -4.48790731e-01 
 1.44750000e-09 -4.48791733e-01 
 1.44850000e-09 -4.48792709e-01 
 1.44950000e-09 -4.48793659e-01 
 1.45050000e-09 -4.48794584e-01 
 1.45150000e-09 -4.48795484e-01 
 1.45250000e-09 -4.48796360e-01 
 1.45350000e-09 -4.48797213e-01 
 1.45450000e-09 -4.48798044e-01 
 1.45550000e-09 -4.48798852e-01 
 1.45650000e-09 -4.48799639e-01 
 1.45750000e-09 -4.48800405e-01 
 1.45850000e-09 -4.48801151e-01 
 1.45950000e-09 -4.48801877e-01 
 1.46050000e-09 -4.48802584e-01 
 1.46150000e-09 -4.48803272e-01 
 1.46250000e-09 -4.48803942e-01 
 1.46350000e-09 -4.48804594e-01 
 1.46450000e-09 -4.48805229e-01 
 1.46550000e-09 -4.48805846e-01 
 1.46650000e-09 -4.48806448e-01 
 1.46750000e-09 -4.48807033e-01 
 1.46850000e-09 -4.48807604e-01 
 1.46950000e-09 -4.48808158e-01 
 1.47050000e-09 -4.48808699e-01 
 1.47150000e-09 -4.48809224e-01 
 1.47250000e-09 -4.48809736e-01 
 1.47350000e-09 -4.48810235e-01 
 1.47450000e-09 -4.48810720e-01 
 1.47550000e-09 -4.48811192e-01 
 1.47650000e-09 -4.48811652e-01 
 1.47750000e-09 -4.48812099e-01 
 1.47850000e-09 -4.48812535e-01 
 1.47950000e-09 -4.48812959e-01 
 1.48050000e-09 -4.48813372e-01 
 1.48150000e-09 -4.48813774e-01 
 1.48250000e-09 -4.48814165e-01 
 1.48350000e-09 -4.48814546e-01 
 1.48450000e-09 -4.48814917e-01 
 1.48550000e-09 -4.48815278e-01 
 1.48650000e-09 -4.48815629e-01 
 1.48750000e-09 -4.48815971e-01 
 1.48850000e-09 -4.48816304e-01 
 1.48950000e-09 -4.48816628e-01 
 1.49050000e-09 -4.48816944e-01 
 1.49150000e-09 -4.48817251e-01 
 1.49250000e-09 -4.48817550e-01 
 1.49350000e-09 -4.48817841e-01 
 1.49450000e-09 -4.48818124e-01 
 1.49550000e-09 -4.48818400e-01 
 1.49650000e-09 -4.48818669e-01 
 1.49750000e-09 -4.48818930e-01 
 1.49850000e-09 -4.48819185e-01 
 1.49950000e-09 -4.48819432e-01 
 1.50050000e-09 -4.48819674e-01 
 1.50150000e-09 -4.48819908e-01 
 1.50250000e-09 -4.48820137e-01 
 1.50350000e-09 -4.48820359e-01 
 1.50450000e-09 -4.48820576e-01 
 1.50550000e-09 -4.48820787e-01 
 1.50650000e-09 -4.48820992e-01 
 1.50750000e-09 -4.48821192e-01 
 1.50850000e-09 -4.48821386e-01 
 1.50950000e-09 -4.48821576e-01 
 1.51050000e-09 -4.48821760e-01 
 1.51150000e-09 -4.48821939e-01 
 1.51250000e-09 -4.48822114e-01 
 1.51350000e-09 -4.48822284e-01 
 1.51450000e-09 -4.48822450e-01 
 1.51550000e-09 -4.48822611e-01 
 1.51650000e-09 -4.48822768e-01 
 1.51750000e-09 -4.48822920e-01 
 1.51850000e-09 -4.48823069e-01 
 1.51950000e-09 -4.48823214e-01 
 1.52050000e-09 -4.48823355e-01 
 1.52150000e-09 -4.48823492e-01 
 1.52250000e-09 -4.48823625e-01 
 1.52350000e-09 -4.48823755e-01 
 1.52450000e-09 -4.48823882e-01 
 1.52550000e-09 -4.48824005e-01 
 1.52650000e-09 -4.48824125e-01 
 1.52750000e-09 -4.48824242e-01 
 1.52850000e-09 -4.48824355e-01 
 1.52950000e-09 -4.48824466e-01 
 1.53050000e-09 -4.48824573e-01 
 1.53150000e-09 -4.48824678e-01 
 1.53250000e-09 -4.48824780e-01 
 1.53350000e-09 -4.48824880e-01 
 1.53450000e-09 -4.48824976e-01 
 1.53550000e-09 -4.48825070e-01 
 1.53650000e-09 -4.48825162e-01 
 1.53750000e-09 -4.48825251e-01 
 1.53850000e-09 -4.48825338e-01 
 1.53950000e-09 -4.48825423e-01 
 1.54050000e-09 -4.48825505e-01 
 1.54150000e-09 -4.48825585e-01 
 1.54250000e-09 -4.48825663e-01 
 1.54350000e-09 -4.48825739e-01 
 1.54450000e-09 -4.48825813e-01 
 1.54550000e-09 -4.48825885e-01 
 1.54650000e-09 -4.48825955e-01 
 1.54750000e-09 -4.48826023e-01 
 1.54850000e-09 -4.48826089e-01 
 1.54950000e-09 -4.48826154e-01 
 1.55050000e-09 -4.48826217e-01 
 1.55150000e-09 -4.48826278e-01 
 1.55250000e-09 -4.48826338e-01 
 1.55350000e-09 -4.48826396e-01 
 1.55450000e-09 -4.48826452e-01 
 1.55550000e-09 -4.48826507e-01 
 1.55650000e-09 -4.48826561e-01 
 1.55750000e-09 -4.48826613e-01 
 1.55850000e-09 -4.48826664e-01 
 1.55950000e-09 -4.48826713e-01 
 1.56050000e-09 -4.48826761e-01 
 1.56150000e-09 -4.48826808e-01 
 1.56250000e-09 -4.48826853e-01 
 1.56350000e-09 -4.48826898e-01 
 1.56450000e-09 -4.48826941e-01 
 1.56550000e-09 -4.48826983e-01 
 1.56650000e-09 -4.48827024e-01 
 1.56750000e-09 -4.48827064e-01 
 1.56850000e-09 -4.48827102e-01 
 1.56950000e-09 -4.48827140e-01 
 1.57050000e-09 -4.48827177e-01 
 1.57150000e-09 -4.48827213e-01 
 1.57250000e-09 -4.48827247e-01 
 1.57350000e-09 -4.48827281e-01 
 1.57450000e-09 -4.48827314e-01 
 1.57550000e-09 -4.48827346e-01 
 1.57650000e-09 -4.48827378e-01 
 1.57750000e-09 -4.48827408e-01 
 1.57850000e-09 -4.48827438e-01 
 1.57950000e-09 -4.48827467e-01 
 1.58050000e-09 -4.48827495e-01 
 1.58150000e-09 -4.48827522e-01 
 1.58250000e-09 -4.48827549e-01 
 1.58350000e-09 -4.48827575e-01 
 1.58450000e-09 -4.48827600e-01 
 1.58550000e-09 -4.48827624e-01 
 1.58650000e-09 -4.48827648e-01 
 1.58750000e-09 -4.48827671e-01 
 1.58850000e-09 -4.48827694e-01 
 1.58950000e-09 -4.48827716e-01 
 1.59050000e-09 -4.48827738e-01 
 1.59150000e-09 -4.48827759e-01 
 1.59250000e-09 -4.48827779e-01 
 1.59350000e-09 -4.48827799e-01 
 1.59450000e-09 -4.48827818e-01 
 1.59550000e-09 -4.48827837e-01 
 1.59650000e-09 -4.48827855e-01 
 1.59750000e-09 -4.48827873e-01 
 1.59850000e-09 -4.48827890e-01 
 1.59950000e-09 -4.48827907e-01 
 1.60050000e-09 -4.48827923e-01 
 1.60150000e-09 -4.48827939e-01 
 1.60250000e-09 -4.48827955e-01 
 1.60350000e-09 -4.48827970e-01 
 1.60450000e-09 -4.48827985e-01 
 1.60550000e-09 -4.48827999e-01 
 1.60650000e-09 -4.48828013e-01 
 1.60750000e-09 -4.48828027e-01 
 1.60850000e-09 -4.48828040e-01 
 1.60950000e-09 -4.48828053e-01 
 1.61050000e-09 -4.48828065e-01 
 1.61150000e-09 -4.48828077e-01 
 1.61250000e-09 -4.48828089e-01 
 1.61350000e-09 -4.48828101e-01 
 1.61450000e-09 -4.48828112e-01 
 1.61550000e-09 -4.48828123e-01 
 1.61650000e-09 -4.48828134e-01 
 1.61750000e-09 -4.48828144e-01 
 1.61850000e-09 -4.48828154e-01 
 1.61950000e-09 -4.48828164e-01 
 1.62050000e-09 -4.48828174e-01 
 1.62150000e-09 -4.48828183e-01 
 1.62250000e-09 -4.48828192e-01 
 1.62350000e-09 -4.48828201e-01 
 1.62450000e-09 -4.48828209e-01 
 1.62550000e-09 -4.48828218e-01 
 1.62650000e-09 -4.48828226e-01 
 1.62750000e-09 -4.48828234e-01 
 1.62850000e-09 -4.48828242e-01 
 1.62950000e-09 -4.48828249e-01 
 1.63050000e-09 -4.48828257e-01 
 1.63150000e-09 -4.48828264e-01 
 1.63250000e-09 -4.48828271e-01 
 1.63350000e-09 -4.48828277e-01 
 1.63450000e-09 -4.48828284e-01 
 1.63550000e-09 -4.48828290e-01 
 1.63650000e-09 -4.48828297e-01 
 1.63750000e-09 -4.48828303e-01 
 1.63850000e-09 -4.48828309e-01 
 1.63950000e-09 -4.48828314e-01 
 1.64050000e-09 -4.48828320e-01 
 1.64150000e-09 -4.48828325e-01 
 1.64250000e-09 -4.48828331e-01 
 1.64350000e-09 -4.48828336e-01 
 1.64450000e-09 -4.48828341e-01 
 1.64550000e-09 -4.48828346e-01 
 1.64650000e-09 -4.48828350e-01 
 1.64750000e-09 -4.48828355e-01 
 1.64850000e-09 -4.48828360e-01 
 1.64950000e-09 -4.48828364e-01 
 1.65050000e-09 -4.48828368e-01 
 1.65150000e-09 -4.48828372e-01 
 1.65250000e-09 -4.48828377e-01 
 1.65350000e-09 -4.48828380e-01 
 1.65450000e-09 -4.48828384e-01 
 1.65550000e-09 -4.48828388e-01 
 1.65650000e-09 -4.48828392e-01 
 1.65750000e-09 -4.48828395e-01 
 1.65850000e-09 -4.48828399e-01 
 1.65950000e-09 -4.48828402e-01 
 1.66050000e-09 -4.48828405e-01 
 1.66150000e-09 -4.48828408e-01 
 1.66250000e-09 -4.48828412e-01 
 1.66350000e-09 -4.48828415e-01 
 1.66450000e-09 -4.48828418e-01 
 1.66550000e-09 -4.48828420e-01 
 1.66650000e-09 -4.48828423e-01 
 1.66750000e-09 -4.48828426e-01 
 1.66850000e-09 -4.48828429e-01 
 1.66950000e-09 -4.48828431e-01 
 1.67050000e-09 -4.48828434e-01 
 1.67150000e-09 -4.48828436e-01 
 1.67250000e-09 -4.48828438e-01 
 1.67350000e-09 -4.48828441e-01 
 1.67450000e-09 -4.48828443e-01 
 1.67550000e-09 -4.48828445e-01 
 1.67650000e-09 -4.48828447e-01 
 1.67750000e-09 -4.48828449e-01 
 1.67850000e-09 -4.48828451e-01 
 1.67950000e-09 -4.48828453e-01 
 1.68050000e-09 -4.48828455e-01 
 1.68150000e-09 -4.48828457e-01 
 1.68250000e-09 -4.48828459e-01 
 1.68350000e-09 -4.48828461e-01 
 1.68450000e-09 -4.48828462e-01 
 1.68550000e-09 -4.48828464e-01 
 1.68650000e-09 -4.48828466e-01 
 1.68750000e-09 -4.48828467e-01 
 1.68850000e-09 -4.48828469e-01 
 1.68950000e-09 -4.48828470e-01 
 1.69050000e-09 -4.48828472e-01 
 1.69150000e-09 -4.48828473e-01 
 1.69250000e-09 -4.48828475e-01 
 1.69350000e-09 -4.48828476e-01 
 1.69450000e-09 -4.48828477e-01 
 1.69550000e-09 -4.48828478e-01 
 1.69650000e-09 -4.48828480e-01 
 1.69750000e-09 -4.48828481e-01 
 1.69850000e-09 -4.48828482e-01 
 1.69950000e-09 -4.48828483e-01 
 1.70050000e-09 -4.48828484e-01 
 1.70150000e-09 -4.48828485e-01 
 1.70250000e-09 -4.48828486e-01 
 1.70350000e-09 -4.48828488e-01 
 1.70450000e-09 -4.48828489e-01 
 1.70550000e-09 -4.48828489e-01 
 1.70650000e-09 -4.48828490e-01 
 1.70750000e-09 -4.48828491e-01 
 1.70850000e-09 -4.48828492e-01 
 1.70950000e-09 -4.48828493e-01 
 1.71050000e-09 -4.48828494e-01 
 1.71150000e-09 -4.48828495e-01 
 1.71250000e-09 -4.48828496e-01 
 1.71350000e-09 -4.48828496e-01 
 1.71450000e-09 -4.48828497e-01 
 1.71550000e-09 -4.48828498e-01 
 1.71650000e-09 -4.48828499e-01 
 1.71750000e-09 -4.48828499e-01 
 1.71850000e-09 -4.48828500e-01 
 1.71950000e-09 -4.48828501e-01 
 1.72050000e-09 -4.48828501e-01 
 1.72150000e-09 -4.48828502e-01 
 1.72250000e-09 -4.48828503e-01 
 1.72350000e-09 -4.48828503e-01 
 1.72450000e-09 -4.48828504e-01 
 1.72550000e-09 -4.48828504e-01 
 1.72650000e-09 -4.48828505e-01 
 1.72750000e-09 -4.48828505e-01 
 1.72850000e-09 -4.48828506e-01 
 1.72950000e-09 -4.48828506e-01 
 1.73050000e-09 -4.48828507e-01 
 1.73150000e-09 -4.48828507e-01 
 1.73250000e-09 -4.48828508e-01 
 1.73350000e-09 -4.48828508e-01 
 1.73450000e-09 -4.48828509e-01 
 1.73550000e-09 -4.48828509e-01 
 1.73650000e-09 -4.48828510e-01 
 1.73750000e-09 -4.48828510e-01 
 1.73850000e-09 -4.48828511e-01 
 1.73950000e-09 -4.48828511e-01 
 1.74050000e-09 -4.48828511e-01 
 1.74150000e-09 -4.48828512e-01 
 1.74250000e-09 -4.48828512e-01 
 1.74350000e-09 -4.48828512e-01 
 1.74450000e-09 -4.48828513e-01 
 1.74550000e-09 -4.48828513e-01 
 1.74650000e-09 -4.48828513e-01 
 1.74750000e-09 -4.48828514e-01 
 1.74850000e-09 -4.48828514e-01 
 1.74950000e-09 -4.48828514e-01 
 1.75050000e-09 -4.48828515e-01 
 1.75150000e-09 -4.48828515e-01 
 1.75250000e-09 -4.48828515e-01 
 1.75350000e-09 -4.48828515e-01 
 1.75450000e-09 -4.48828516e-01 
 1.75550000e-09 -4.48828516e-01 
 1.75650000e-09 -4.48828516e-01 
 1.75750000e-09 -4.48828516e-01 
 1.75850000e-09 -4.48828517e-01 
 1.75950000e-09 -4.48828517e-01 
 1.76050000e-09 -4.48828517e-01 
 1.76150000e-09 -4.48828517e-01 
 1.76250000e-09 -4.48828518e-01 
 1.76350000e-09 -4.48828518e-01 
 1.76450000e-09 -4.48828518e-01 
 1.76550000e-09 -4.48828518e-01 
 1.76650000e-09 -4.48828518e-01 
 1.76750000e-09 -4.48828518e-01 
 1.76850000e-09 -4.48828519e-01 
 1.76950000e-09 -4.48828519e-01 
 1.77050000e-09 -4.48828519e-01 
 1.77150000e-09 -4.48828519e-01 
 1.77250000e-09 -4.48828519e-01 
 1.77350000e-09 -4.48828519e-01 
 1.77450000e-09 -4.48828520e-01 
 1.77550000e-09 -4.48828520e-01 
 1.77650000e-09 -4.48828520e-01 
 1.77750000e-09 -4.48828520e-01 
 1.77850000e-09 -4.48828520e-01 
 1.77950000e-09 -4.48828520e-01 
 1.78050000e-09 -4.48828520e-01 
 1.78150000e-09 -4.48828521e-01 
 1.78250000e-09 -4.48828521e-01 
 1.78350000e-09 -4.48828521e-01 
 1.78450000e-09 -4.48828521e-01 
 1.78550000e-09 -4.48828521e-01 
 1.78650000e-09 -4.48828521e-01 
 1.78750000e-09 -4.48828521e-01 
 1.78850000e-09 -4.48828521e-01 
 1.78950000e-09 -4.48828522e-01 
 1.79050000e-09 -4.48828522e-01 
 1.79150000e-09 -4.48828522e-01 
 1.79250000e-09 -4.48828522e-01 
 1.79350000e-09 -4.48828522e-01 
 1.79450000e-09 -4.48828522e-01 
 1.79550000e-09 -4.48828522e-01 
 1.79650000e-09 -4.48828522e-01 
 1.79750000e-09 -4.48828522e-01 
 1.79850000e-09 -4.48828522e-01 
 1.79950000e-09 -4.48828522e-01 
 1.80050000e-09 -4.48828522e-01 
 1.80150000e-09 -4.48828523e-01 
 1.80250000e-09 -4.48828523e-01 
 1.80350000e-09 -4.48828523e-01 
 1.80450000e-09 -4.48828523e-01 
 1.80550000e-09 -4.48828523e-01 
 1.80650000e-09 -4.48828523e-01 
 1.80750000e-09 -4.48828523e-01 
 1.80850000e-09 -4.48828523e-01 
 1.80950000e-09 -4.48828523e-01 
 1.81050000e-09 -4.48828523e-01 
 1.81150000e-09 -4.48828523e-01 
 1.81250000e-09 -4.48828523e-01 
 1.81350000e-09 -4.48828523e-01 
 1.81450000e-09 -4.48828523e-01 
 1.81550000e-09 -4.48828523e-01 
 1.81650000e-09 -4.48828523e-01 
 1.81750000e-09 -4.48828523e-01 
 1.81850000e-09 -4.48828524e-01 
 1.81950000e-09 -4.48828524e-01 
 1.82050000e-09 -4.48828524e-01 
 1.82150000e-09 -4.48828524e-01 
 1.82250000e-09 -4.48828524e-01 
 1.82350000e-09 -4.48828524e-01 
 1.82450000e-09 -4.48828524e-01 
 1.82550000e-09 -4.48828524e-01 
 1.82650000e-09 -4.48828524e-01 
 1.82750000e-09 -4.48828524e-01 
 1.82850000e-09 -4.48828524e-01 
 1.82950000e-09 -4.48828524e-01 
 1.83050000e-09 -4.48828524e-01 
 1.83150000e-09 -4.48828524e-01 
 1.83250000e-09 -4.48828524e-01 
 1.83350000e-09 -4.48828524e-01 
 1.83450000e-09 -4.48828524e-01 
 1.83550000e-09 -4.48828524e-01 
 1.83650000e-09 -4.48828524e-01 
 1.83750000e-09 -4.48828524e-01 
 1.83850000e-09 -4.48828524e-01 
 1.83950000e-09 -4.48828524e-01 
 1.84050000e-09 -4.48828524e-01 
 1.84150000e-09 -4.48828524e-01 
 1.84250000e-09 -4.48828524e-01 
 1.84350000e-09 -4.48828524e-01 
 1.84450000e-09 -4.48828524e-01 
 1.84550000e-09 -4.48828524e-01 
 1.84650000e-09 -4.48828524e-01 
 1.84750000e-09 -4.48828524e-01 
 1.84850000e-09 -4.48828524e-01 
 1.84950000e-09 -4.48828524e-01 
 1.85050000e-09 -4.48828524e-01 
 1.85150000e-09 -4.48828525e-01 
 1.85250000e-09 -4.48828525e-01 
 1.85350000e-09 -4.48828525e-01 
 1.85450000e-09 -4.48828525e-01 
 1.85550000e-09 -4.48828525e-01 
 1.85650000e-09 -4.48828525e-01 
 1.85750000e-09 -4.48828525e-01 
 1.85850000e-09 -4.48828525e-01 
 1.85950000e-09 -4.48828525e-01 
 1.86050000e-09 -4.48828525e-01 
 1.86150000e-09 -4.48828525e-01 
 1.86250000e-09 -4.48828525e-01 
 1.86350000e-09 -4.48828525e-01 
 1.86450000e-09 -4.48828525e-01 
 1.86550000e-09 -4.48828525e-01 
 1.86650000e-09 -4.48828525e-01 
 1.86750000e-09 -4.48828525e-01 
 1.86850000e-09 -4.48828525e-01 
 1.86950000e-09 -4.48828525e-01 
 1.87050000e-09 -4.48828525e-01 
 1.87150000e-09 -4.48828525e-01 
 1.87250000e-09 -4.48828525e-01 
 1.87350000e-09 -4.48828525e-01 
 1.87450000e-09 -4.48828525e-01 
 1.87550000e-09 -4.48828525e-01 
 1.87650000e-09 -4.48828525e-01 
 1.87750000e-09 -4.48828525e-01 
 1.87850000e-09 -4.48828525e-01 
 1.87950000e-09 -4.48828525e-01 
 1.88050000e-09 -4.48828525e-01 
 1.88150000e-09 -4.48828525e-01 
 1.88250000e-09 -4.48828525e-01 
 1.88350000e-09 -4.48828525e-01 
 1.88450000e-09 -4.48828525e-01 
 1.88550000e-09 -4.48828525e-01 
 1.88650000e-09 -4.48828525e-01 
 1.88750000e-09 -4.48828525e-01 
 1.88850000e-09 -4.48828525e-01 
 1.88950000e-09 -4.48828525e-01 
 1.89050000e-09 -4.48828525e-01 
 1.89150000e-09 -4.48828525e-01 
 1.89250000e-09 -4.48828525e-01 
 1.89350000e-09 -4.48828525e-01 
 1.89450000e-09 -4.48828525e-01 
 1.89550000e-09 -4.48828525e-01 
 1.89650000e-09 -4.48828525e-01 
 1.89750000e-09 -4.48828525e-01 
 1.89850000e-09 -4.48828525e-01 
 1.89950000e-09 -4.48828525e-01 
 1.90050000e-09 -4.48828525e-01 
 1.90150000e-09 -4.48828525e-01 
 1.90250000e-09 -4.48828525e-01 
 1.90350000e-09 -4.48828525e-01 
 1.90450000e-09 -4.48828525e-01 
 1.90550000e-09 -4.48828525e-01 
 1.90650000e-09 -4.48828525e-01 
 1.90750000e-09 -4.48828525e-01 
 1.90850000e-09 -4.48828525e-01 
 1.90950000e-09 -4.48828525e-01 
 1.91050000e-09 -4.48828525e-01 
 1.91150000e-09 -4.48828525e-01 
 1.91250000e-09 -4.48828525e-01 
 1.91350000e-09 -4.48828525e-01 
 1.91450000e-09 -4.48828525e-01 
 1.91550000e-09 -4.48828525e-01 
 1.91650000e-09 -4.48828525e-01 
 1.91750000e-09 -4.48828525e-01 
 1.91850000e-09 -4.48828525e-01 
 1.91950000e-09 -4.48828525e-01 
 1.92050000e-09 -4.48828525e-01 
 1.92150000e-09 -4.48828525e-01 
 1.92250000e-09 -4.48828525e-01 
 1.92350000e-09 -4.48828525e-01 
 1.92450000e-09 -4.48828525e-01 
 1.92550000e-09 -4.48828525e-01 
 1.92650000e-09 -4.48828525e-01 
 1.92750000e-09 -4.48828525e-01 
 1.92850000e-09 -4.48828525e-01 
 1.92950000e-09 -4.48828525e-01 
 1.93050000e-09 -4.48828525e-01 
 1.93150000e-09 -4.48828525e-01 
 1.93250000e-09 -4.48828525e-01 
 1.93350000e-09 -4.48828525e-01 
 1.93450000e-09 -4.48828525e-01 
 1.93550000e-09 -4.48828525e-01 
 1.93650000e-09 -4.48828525e-01 
 1.93750000e-09 -4.48828525e-01 
 1.93850000e-09 -4.48828525e-01 
 1.93950000e-09 -4.48828525e-01 
 1.94050000e-09 -4.48828525e-01 
 1.94150000e-09 -4.48828525e-01 
 1.94250000e-09 -4.48828525e-01 
 1.94350000e-09 -4.48828525e-01 
 1.94450000e-09 -4.48828525e-01 
 1.94550000e-09 -4.48828525e-01 
 1.94650000e-09 -4.48828525e-01 
 1.94750000e-09 -4.48828525e-01 
 1.94850000e-09 -4.48828525e-01 
 1.94950000e-09 -4.48828525e-01 
 1.95050000e-09 -4.48828525e-01 
 1.95150000e-09 -4.48828525e-01 
 1.95250000e-09 -4.48828525e-01 
 1.95350000e-09 -4.48828525e-01 
 1.95450000e-09 -4.48828525e-01 
 1.95550000e-09 -4.48828525e-01 
 1.95650000e-09 -4.48828525e-01 
 1.95750000e-09 -4.48828525e-01 
 1.95850000e-09 -4.48828525e-01 
 1.95950000e-09 -4.48828525e-01 
 1.96050000e-09 -4.48828525e-01 
 1.96150000e-09 -4.48828525e-01 
 1.96250000e-09 -4.48828525e-01 
 1.96350000e-09 -4.48828525e-01 
 1.96450000e-09 -4.48828525e-01 
 1.96550000e-09 -4.48828525e-01 
 1.96650000e-09 -4.48828525e-01 
 1.96750000e-09 -4.48828525e-01 
 1.96850000e-09 -4.48828525e-01 
 1.96950000e-09 -4.48828525e-01 
 1.97050000e-09 -4.48828525e-01 
 1.97150000e-09 -4.48828525e-01 
 1.97250000e-09 -4.48828525e-01 
 1.97350000e-09 -4.48828525e-01 
 1.97450000e-09 -4.48828525e-01 
 1.97550000e-09 -4.48828525e-01 
 1.97650000e-09 -4.48828525e-01 
 1.97750000e-09 -4.48828525e-01 
 1.97850000e-09 -4.48828525e-01 
 1.97950000e-09 -4.48828525e-01 
 1.98050000e-09 -4.48828525e-01 
 1.98150000e-09 -4.48828525e-01 
 1.98250000e-09 -4.48828525e-01 
 1.98350000e-09 -4.48828525e-01 
 1.98450000e-09 -4.48828525e-01 
 1.98550000e-09 -4.48828525e-01 
 1.98650000e-09 -4.48828525e-01 
 1.98750000e-09 -4.48828525e-01 
 1.98850000e-09 -4.48828525e-01 
 1.98950000e-09 -4.48828525e-01 
 1.99050000e-09 -4.48828525e-01 
 1.99150000e-09 -4.48828525e-01 
 1.99250000e-09 -4.48828525e-01 
 1.99350000e-09 -4.48828525e-01 
 1.99450000e-09 -4.48828525e-01 
 1.99550000e-09 -4.48828525e-01 
 1.99650000e-09 -4.48828525e-01 
 1.99750000e-09 -4.48828525e-01 
 1.99850000e-09 -4.48828525e-01 
 1.99950000e-09 -4.48828525e-01 
 2.00050000e-09 -4.48828525e-01 
 2.00150000e-09 -4.48828525e-01 
 2.00250000e-09 -4.48828525e-01 
 2.00350000e-09 -4.48828525e-01 
 2.00450000e-09 -4.48828525e-01 
 2.00550000e-09 -4.48828525e-01 
 2.00650000e-09 -4.48828525e-01 
 2.00750000e-09 -4.48828525e-01 
 2.00850000e-09 -4.48828525e-01 
 2.00950000e-09 -4.48828525e-01 
 2.01050000e-09 -4.48828525e-01 
 2.01150000e-09 -4.48828525e-01 
 2.01250000e-09 -4.48828525e-01 
 2.01350000e-09 -4.48828525e-01 
 2.01450000e-09 -4.48828525e-01 
 2.01550000e-09 -4.48828525e-01 
 2.01650000e-09 -4.48828525e-01 
 2.01750000e-09 -4.48828525e-01 
 2.01850000e-09 -4.48828525e-01 
 2.01950000e-09 -4.48828525e-01 
 2.02050000e-09 -4.48828525e-01 
 2.02150000e-09 -4.48828525e-01 
 2.02250000e-09 -4.48828525e-01 
 2.02350000e-09 -4.48828525e-01 
 2.02450000e-09 -4.48828525e-01 
 2.02550000e-09 -4.48828525e-01 
 2.02650000e-09 -4.48828525e-01 
 2.02750000e-09 -4.48828525e-01 
 2.02850000e-09 -4.48828525e-01 
 2.02950000e-09 -4.48828525e-01 
 2.03050000e-09 -4.48828525e-01 
 2.03150000e-09 -4.48828525e-01 
 2.03250000e-09 -4.48828525e-01 
 2.03350000e-09 -4.48828525e-01 
 2.03450000e-09 -4.48828525e-01 
 2.03550000e-09 -4.48828525e-01 
 2.03650000e-09 -4.48828525e-01 
 2.03750000e-09 -4.48828525e-01 
 2.03850000e-09 -4.48828525e-01 
 2.03950000e-09 -4.48828525e-01 
 2.04050000e-09 -4.48828525e-01 
 2.04150000e-09 -4.48828525e-01 
 2.04250000e-09 -4.48828525e-01 
 2.04350000e-09 -4.48828525e-01 
 2.04450000e-09 -4.48828525e-01 
 2.04550000e-09 -4.48828525e-01 
 2.04650000e-09 -4.48828525e-01 
 2.04750000e-09 -4.48828525e-01 
 2.04850000e-09 -4.48828525e-01 
 2.04950000e-09 -4.48828525e-01 
 2.05050000e-09 -4.48828525e-01 
 2.05150000e-09 -4.48828525e-01 
 2.05250000e-09 -4.48828525e-01 
 2.05350000e-09 -4.48828525e-01 
 2.05450000e-09 -4.48828525e-01 
 2.05550000e-09 -4.48828525e-01 
 2.05650000e-09 -4.48828525e-01 
 2.05750000e-09 -4.48828525e-01 
 2.05850000e-09 -4.48828525e-01 
 2.05950000e-09 -4.48828525e-01 
 2.06050000e-09 -4.48828525e-01 
 2.06150000e-09 -4.48828525e-01 
 2.06250000e-09 -4.48828525e-01 
 2.06350000e-09 -4.48828525e-01 
 2.06450000e-09 -4.48828525e-01 
 2.06550000e-09 -4.48828525e-01 
 2.06650000e-09 -4.48828525e-01 
 2.06750000e-09 -4.48828525e-01 
 2.06850000e-09 -4.48828525e-01 
 2.06950000e-09 -4.48828525e-01 
 2.07050000e-09 -4.48828525e-01 
 2.07150000e-09 -4.48828525e-01 
 2.07250000e-09 -4.48828525e-01 
 2.07350000e-09 -4.48828525e-01 
 2.07450000e-09 -4.48828525e-01 
 2.07550000e-09 -4.48828525e-01 
 2.07650000e-09 -4.48828525e-01 
 2.07750000e-09 -4.48828525e-01 
 2.07850000e-09 -4.48828525e-01 
 2.07950000e-09 -4.48828525e-01 
 2.08050000e-09 -4.48828525e-01 
 2.08062500e-09 -4.48828525e-01 
 2.08087500e-09 -4.48828525e-01 
 2.08137500e-09 -4.48828525e-01 
 2.08237500e-09 -4.48828525e-01 
 2.08337500e-09 -4.48828525e-01 
 2.08437500e-09 -4.48828525e-01 
 2.08537500e-09 -4.48828525e-01 
 2.08637500e-09 -4.48828525e-01 
 2.08737500e-09 -4.48828525e-01 
 2.08837500e-09 -4.48828525e-01 
 2.08937500e-09 -4.48828525e-01 
 2.09037500e-09 -4.48828525e-01 
 2.09137500e-09 -4.48828525e-01 
 2.09237500e-09 -4.48828525e-01 
 2.09337500e-09 -4.48828525e-01 
 2.09437500e-09 -4.48828525e-01 
 2.09537500e-09 -4.48828525e-01 
 2.09637500e-09 -4.48828525e-01 
 2.09737500e-09 -4.48828525e-01 
 2.09837500e-09 -4.48828525e-01 
 2.09937500e-09 -4.48828525e-01 
 2.10037500e-09 -4.48828525e-01 
 2.10137500e-09 -4.48828525e-01 
 2.10237500e-09 -4.48828525e-01 
 2.10337500e-09 -4.48828525e-01 
 2.10437500e-09 -4.48828525e-01 
 2.10537500e-09 -4.48828525e-01 
 2.10637500e-09 -4.48828525e-01 
 2.10737500e-09 -4.48828525e-01 
 2.10837500e-09 -4.48828525e-01 
 2.10937500e-09 -4.48828525e-01 
 2.11037500e-09 -4.48828525e-01 
 2.11137500e-09 -4.48828525e-01 
 2.11237500e-09 -4.48828525e-01 
 2.11337500e-09 -4.48828525e-01 
 2.11437500e-09 -4.48828525e-01 
 2.11537500e-09 -4.48828525e-01 
 2.11637500e-09 -4.48828525e-01 
 2.11737500e-09 -4.48828525e-01 
 2.11837500e-09 -4.48828525e-01 
 2.11937500e-09 -4.48828525e-01 
 2.12037500e-09 -4.48828525e-01 
 2.12137500e-09 -4.48828525e-01 
 2.12237500e-09 -4.48828525e-01 
 2.12337500e-09 -4.48828525e-01 
 2.12437500e-09 -4.48828525e-01 
 2.12537500e-09 -4.48828525e-01 
 2.12637500e-09 -4.48828525e-01 
 2.12737500e-09 -4.48828525e-01 
 2.12837500e-09 -4.48828525e-01 
 2.12937500e-09 -4.48828525e-01 
 2.13037500e-09 -4.48828525e-01 
 2.13137500e-09 -4.48828525e-01 
 2.13237500e-09 -4.48828525e-01 
 2.13337500e-09 -4.48828525e-01 
 2.13437500e-09 -4.48828525e-01 
 2.13537500e-09 -4.48828525e-01 
 2.13637500e-09 -4.48828525e-01 
 2.13737500e-09 -4.48828525e-01 
 2.13837500e-09 -4.48828525e-01 
 2.13937500e-09 -4.48828525e-01 
 2.14037500e-09 -4.48828525e-01 
 2.14137500e-09 -4.48828525e-01 
 2.14237500e-09 -4.48828525e-01 
 2.14337500e-09 -4.48828525e-01 
 2.14437500e-09 -4.48828525e-01 
 2.14537500e-09 -4.48828525e-01 
 2.14637500e-09 -4.48828525e-01 
 2.14737500e-09 -4.48828525e-01 
 2.14837500e-09 -4.48828525e-01 
 2.14937500e-09 -4.48828525e-01 
 2.15037500e-09 -4.48828525e-01 
 2.15137500e-09 -4.48828525e-01 
 2.15237500e-09 -4.48828525e-01 
 2.15337500e-09 -4.48828525e-01 
 2.15437500e-09 -4.48828525e-01 
 2.15537500e-09 -4.48828525e-01 
 2.15637500e-09 -4.48828525e-01 
 2.15737500e-09 -4.48828525e-01 
 2.15837500e-09 -4.48828525e-01 
 2.15937500e-09 -4.48828525e-01 
 2.16037500e-09 -4.48828525e-01 
 2.16137500e-09 -4.48828525e-01 
 2.16237500e-09 -4.48828525e-01 
 2.16337500e-09 -4.48828525e-01 
 2.16437500e-09 -4.48828525e-01 
 2.16537500e-09 -4.48828525e-01 
 2.16637500e-09 -4.48828525e-01 
 2.16737500e-09 -4.48828525e-01 
 2.16837500e-09 -4.48828525e-01 
 2.16937500e-09 -4.48828525e-01 
 2.17037500e-09 -4.48828525e-01 
 2.17137500e-09 -4.48828525e-01 
 2.17237500e-09 -4.48828525e-01 
 2.17337500e-09 -4.48828525e-01 
 2.17437500e-09 -4.48828525e-01 
 2.17537500e-09 -4.48828525e-01 
 2.17637500e-09 -4.48828525e-01 
 2.17737500e-09 -4.48828525e-01 
 2.17837500e-09 -4.48828525e-01 
 2.17937500e-09 -4.48828525e-01 
 2.18037500e-09 -4.48828525e-01 
 2.18137500e-09 -4.48828525e-01 
 2.18237500e-09 -4.48828525e-01 
 2.18337500e-09 -4.48828525e-01 
 2.18437500e-09 -4.48828525e-01 
 2.18537500e-09 -4.48828525e-01 
 2.18637500e-09 -4.48828525e-01 
 2.18737500e-09 -4.48828525e-01 
 2.18837500e-09 -4.48828525e-01 
 2.18937500e-09 -4.48828525e-01 
 2.19037500e-09 -4.48828525e-01 
 2.19137500e-09 -4.48828525e-01 
 2.19237500e-09 -4.48828525e-01 
 2.19337500e-09 -4.48828525e-01 
 2.19437500e-09 -4.48828525e-01 
 2.19537500e-09 -4.48828525e-01 
 2.19637500e-09 -4.48828525e-01 
 2.19737500e-09 -4.48828525e-01 
 2.19837500e-09 -4.48828525e-01 
 2.19937500e-09 -4.48828525e-01 
 2.20037500e-09 -4.48828525e-01 
 2.20137500e-09 -4.48828525e-01 
 2.20237500e-09 -4.48828525e-01 
 2.20337500e-09 -4.48828525e-01 
 2.20437500e-09 -4.48828525e-01 
 2.20537500e-09 -4.48828525e-01 
 2.20637500e-09 -4.48828525e-01 
 2.20737500e-09 -4.48828525e-01 
 2.20837500e-09 -4.48828525e-01 
 2.20937500e-09 -4.48828525e-01 
 2.21037500e-09 -4.48828525e-01 
 2.21137500e-09 -4.48828525e-01 
 2.21237500e-09 -4.48828525e-01 
 2.21337500e-09 -4.48828525e-01 
 2.21437500e-09 -4.48828525e-01 
 2.21537500e-09 -4.48828525e-01 
 2.21637500e-09 -4.48828525e-01 
 2.21737500e-09 -4.48828525e-01 
 2.21837500e-09 -4.48828525e-01 
 2.21937500e-09 -4.48828525e-01 
 2.22037500e-09 -4.48828525e-01 
 2.22137500e-09 -4.48828525e-01 
 2.22237500e-09 -4.48828525e-01 
 2.22337500e-09 -4.48828525e-01 
 2.22437500e-09 -4.48828525e-01 
 2.22537500e-09 -4.48828525e-01 
 2.22637500e-09 -4.48828525e-01 
 2.22737500e-09 -4.48828525e-01 
 2.22837500e-09 -4.48828525e-01 
 2.22937500e-09 -4.48828525e-01 
 2.23037500e-09 -4.48828525e-01 
 2.23137500e-09 -4.48828525e-01 
 2.23237500e-09 -4.48828525e-01 
 2.23337500e-09 -4.48828525e-01 
 2.23437500e-09 -4.48828525e-01 
 2.23537500e-09 -4.48828525e-01 
 2.23637500e-09 -4.48828525e-01 
 2.23737500e-09 -4.48828525e-01 
 2.23837500e-09 -4.48828525e-01 
 2.23937500e-09 -4.48828525e-01 
 2.24037500e-09 -4.48828525e-01 
 2.24137500e-09 -4.48828525e-01 
 2.24237500e-09 -4.48828525e-01 
 2.24337500e-09 -4.48828525e-01 
 2.24437500e-09 -4.48828525e-01 
 2.24537500e-09 -4.48828525e-01 
 2.24637500e-09 -4.48828525e-01 
 2.24737500e-09 -4.48828525e-01 
 2.24837500e-09 -4.48828525e-01 
 2.24937500e-09 -4.48828525e-01 
 2.25037500e-09 -4.48828525e-01 
 2.25137500e-09 -4.48828525e-01 
 2.25237500e-09 -4.48828525e-01 
 2.25337500e-09 -4.48828525e-01 
 2.25437500e-09 -4.48828525e-01 
 2.25537500e-09 -4.48828525e-01 
 2.25637500e-09 -4.48828525e-01 
 2.25737500e-09 -4.48828525e-01 
 2.25837500e-09 -4.48828525e-01 
 2.25937500e-09 -4.48828525e-01 
 2.26037500e-09 -4.48828525e-01 
 2.26137500e-09 -4.48828525e-01 
 2.26237500e-09 -4.48828525e-01 
 2.26337500e-09 -4.48828525e-01 
 2.26437500e-09 -4.48828525e-01 
 2.26537500e-09 -4.48828525e-01 
 2.26637500e-09 -4.48828525e-01 
 2.26737500e-09 -4.48828525e-01 
 2.26837500e-09 -4.48828525e-01 
 2.26937500e-09 -4.48828525e-01 
 2.27037500e-09 -4.48828525e-01 
 2.27137500e-09 -4.48828525e-01 
 2.27237500e-09 -4.48828525e-01 
 2.27337500e-09 -4.48828525e-01 
 2.27437500e-09 -4.48828525e-01 
 2.27537500e-09 -4.48828525e-01 
 2.27637500e-09 -4.48828525e-01 
 2.27737500e-09 -4.48828525e-01 
 2.27837500e-09 -4.48828525e-01 
 2.27937500e-09 -4.48828525e-01 
 2.28037500e-09 -4.48828525e-01 
 2.28137500e-09 -4.48828525e-01 
 2.28237500e-09 -4.48828525e-01 
 2.28337500e-09 -4.48828525e-01 
 2.28437500e-09 -4.48828525e-01 
 2.28537500e-09 -4.48828525e-01 
 2.28637500e-09 -4.48828525e-01 
 2.28737500e-09 -4.48828525e-01 
 2.28837500e-09 -4.48828525e-01 
 2.28937500e-09 -4.48828525e-01 
 2.29037500e-09 -4.48828525e-01 
 2.29137500e-09 -4.48828525e-01 
 2.29237500e-09 -4.48828525e-01 
 2.29337500e-09 -4.48828525e-01 
 2.29437500e-09 -4.48828525e-01 
 2.29537500e-09 -4.48828525e-01 
 2.29637500e-09 -4.48828525e-01 
 2.29737500e-09 -4.48828525e-01 
 2.29837500e-09 -4.48828525e-01 
 2.29937500e-09 -4.48828525e-01 
 2.30037500e-09 -4.48828525e-01 
 2.30137500e-09 -4.48828525e-01 
 2.30237500e-09 -4.48828525e-01 
 2.30337500e-09 -4.48828525e-01 
 2.30437500e-09 -4.48828525e-01 
 2.30537500e-09 -4.48828525e-01 
 2.30637500e-09 -4.48828525e-01 
 2.30737500e-09 -4.48828525e-01 
 2.30837500e-09 -4.48828525e-01 
 2.30937500e-09 -4.48828525e-01 
 2.31037500e-09 -4.48828525e-01 
 2.31137500e-09 -4.48828525e-01 
 2.31237500e-09 -4.48828525e-01 
 2.31337500e-09 -4.48828525e-01 
 2.31437500e-09 -4.48828525e-01 
 2.31537500e-09 -4.48828525e-01 
 2.31637500e-09 -4.48828525e-01 
 2.31737500e-09 -4.48828525e-01 
 2.31837500e-09 -4.48828525e-01 
 2.31937500e-09 -4.48828525e-01 
 2.32037500e-09 -4.48828525e-01 
 2.32137500e-09 -4.48828525e-01 
 2.32237500e-09 -4.48828525e-01 
 2.32337500e-09 -4.48828525e-01 
 2.32437500e-09 -4.48828525e-01 
 2.32537500e-09 -4.48828525e-01 
 2.32637500e-09 -4.48828525e-01 
 2.32737500e-09 -4.48828525e-01 
 2.32837500e-09 -4.48828525e-01 
 2.32937500e-09 -4.48828525e-01 
 2.33037500e-09 -4.48828525e-01 
 2.33137500e-09 -4.48828525e-01 
 2.33237500e-09 -4.48828525e-01 
 2.33337500e-09 -4.48828525e-01 
 2.33437500e-09 -4.48828525e-01 
 2.33537500e-09 -4.48828525e-01 
 2.33637500e-09 -4.48828525e-01 
 2.33737500e-09 -4.48828525e-01 
 2.33837500e-09 -4.48828525e-01 
 2.33937500e-09 -4.48828525e-01 
 2.34037500e-09 -4.48828525e-01 
 2.34137500e-09 -4.48828525e-01 
 2.34237500e-09 -4.48828525e-01 
 2.34337500e-09 -4.48828525e-01 
 2.34437500e-09 -4.48828525e-01 
 2.34537500e-09 -4.48828525e-01 
 2.34637500e-09 -4.48828525e-01 
 2.34737500e-09 -4.48828525e-01 
 2.34837500e-09 -4.48828525e-01 
 2.34937500e-09 -4.48828525e-01 
 2.35037500e-09 -4.48828525e-01 
 2.35137500e-09 -4.48828525e-01 
 2.35237500e-09 -4.48828525e-01 
 2.35337500e-09 -4.48828525e-01 
 2.35437500e-09 -4.48828525e-01 
 2.35537500e-09 -4.48828525e-01 
 2.35637500e-09 -4.48828525e-01 
 2.35737500e-09 -4.48828525e-01 
 2.35837500e-09 -4.48828525e-01 
 2.35937500e-09 -4.48828525e-01 
 2.36037500e-09 -4.48828525e-01 
 2.36137500e-09 -4.48828525e-01 
 2.36237500e-09 -4.48828525e-01 
 2.36337500e-09 -4.48828525e-01 
 2.36437500e-09 -4.48828525e-01 
 2.36537500e-09 -4.48828525e-01 
 2.36637500e-09 -4.48828525e-01 
 2.36737500e-09 -4.48828525e-01 
 2.36837500e-09 -4.48828525e-01 
 2.36937500e-09 -4.48828525e-01 
 2.37037500e-09 -4.48828525e-01 
 2.37137500e-09 -4.48828525e-01 
 2.37237500e-09 -4.48828525e-01 
 2.37337500e-09 -4.48828525e-01 
 2.37437500e-09 -4.48828525e-01 
 2.37537500e-09 -4.48828525e-01 
 2.37637500e-09 -4.48828525e-01 
 2.37737500e-09 -4.48828525e-01 
 2.37837500e-09 -4.48828525e-01 
 2.37937500e-09 -4.48828525e-01 
 2.38037500e-09 -4.48828525e-01 
 2.38137500e-09 -4.48828525e-01 
 2.38237500e-09 -4.48828525e-01 
 2.38337500e-09 -4.48828525e-01 
 2.38437500e-09 -4.48828525e-01 
 2.38537500e-09 -4.48828525e-01 
 2.38637500e-09 -4.48828525e-01 
 2.38737500e-09 -4.48828525e-01 
 2.38837500e-09 -4.48828525e-01 
 2.38937500e-09 -4.48828525e-01 
 2.39037500e-09 -4.48828525e-01 
 2.39137500e-09 -4.48828525e-01 
 2.39237500e-09 -4.48828525e-01 
 2.39337500e-09 -4.48828525e-01 
 2.39437500e-09 -4.48828525e-01 
 2.39537500e-09 -4.48828525e-01 
 2.39637500e-09 -4.48828525e-01 
 2.39737500e-09 -4.48828525e-01 
 2.39837500e-09 -4.48828525e-01 
 2.39937500e-09 -4.48828525e-01 
 2.40037500e-09 -4.48828525e-01 
 2.40137500e-09 -4.48828525e-01 
 2.40237500e-09 -4.48828525e-01 
 2.40337500e-09 -4.48828525e-01 
 2.40437500e-09 -4.48828525e-01 
 2.40537500e-09 -4.48828525e-01 
 2.40637500e-09 -4.48828525e-01 
 2.40650000e-09 -4.48828525e-01 
 2.40675000e-09 -4.48828525e-01 
 2.40725000e-09 -4.48828525e-01 
 2.40825000e-09 -4.48828525e-01 
 2.40925000e-09 -4.48828525e-01 
 2.41025000e-09 -4.48828525e-01 
 2.41125000e-09 -4.48828525e-01 
 2.41225000e-09 -4.48828525e-01 
 2.41325000e-09 -4.48828525e-01 
 2.41425000e-09 -4.48828525e-01 
 2.41525000e-09 -4.48828525e-01 
 2.41625000e-09 -4.48828525e-01 
 2.41725000e-09 -4.48828525e-01 
 2.41825000e-09 -4.48828525e-01 
 2.41925000e-09 -4.48828525e-01 
 2.42025000e-09 -4.48828525e-01 
 2.42125000e-09 -4.48828525e-01 
 2.42225000e-09 -4.48828525e-01 
 2.42325000e-09 -4.48828525e-01 
 2.42425000e-09 -4.48828525e-01 
 2.42525000e-09 -4.48828525e-01 
 2.42625000e-09 -4.48828525e-01 
 2.42725000e-09 -4.48828525e-01 
 2.42825000e-09 -4.48828525e-01 
 2.42925000e-09 -4.48828525e-01 
 2.43025000e-09 -4.48828525e-01 
 2.43125000e-09 -4.48828525e-01 
 2.43225000e-09 -4.48828525e-01 
 2.43325000e-09 -4.48828525e-01 
 2.43425000e-09 -4.48828525e-01 
 2.43525000e-09 -4.48828525e-01 
 2.43625000e-09 -4.48828525e-01 
 2.43725000e-09 -4.48828525e-01 
 2.43825000e-09 -4.48828525e-01 
 2.43925000e-09 -4.48828525e-01 
 2.44025000e-09 -4.48828525e-01 
 2.44125000e-09 -4.48828525e-01 
 2.44225000e-09 -4.48828525e-01 
 2.44325000e-09 -4.48828525e-01 
 2.44425000e-09 -4.48828525e-01 
 2.44525000e-09 -4.48828525e-01 
 2.44625000e-09 -4.48828525e-01 
 2.44725000e-09 -4.48828525e-01 
 2.44825000e-09 -4.48828525e-01 
 2.44925000e-09 -4.48828525e-01 
 2.45025000e-09 -4.48828525e-01 
 2.45125000e-09 -4.48828525e-01 
 2.45225000e-09 -4.48828525e-01 
 2.45325000e-09 -4.48828525e-01 
 2.45425000e-09 -4.48828525e-01 
 2.45525000e-09 -4.48828525e-01 
 2.45625000e-09 -4.48828525e-01 
 2.45725000e-09 -4.48828525e-01 
 2.45825000e-09 -4.48828525e-01 
 2.45925000e-09 -4.48828525e-01 
 2.46025000e-09 -4.48828525e-01 
 2.46125000e-09 -4.48828525e-01 
 2.46225000e-09 -4.48828525e-01 
 2.46325000e-09 -4.48828525e-01 
 2.46425000e-09 -4.48828525e-01 
 2.46525000e-09 -4.48828525e-01 
 2.46625000e-09 -4.48828525e-01 
 2.46725000e-09 -4.48828525e-01 
 2.46825000e-09 -4.48828525e-01 
 2.46925000e-09 -4.48828525e-01 
 2.47025000e-09 -4.48828525e-01 
 2.47125000e-09 -4.48828525e-01 
 2.47225000e-09 -4.48828525e-01 
 2.47325000e-09 -4.48828525e-01 
 2.47425000e-09 -4.48828525e-01 
 2.47525000e-09 -4.48828525e-01 
 2.47625000e-09 -4.48828525e-01 
 2.47725000e-09 -4.48828525e-01 
 2.47825000e-09 -4.48828525e-01 
 2.47925000e-09 -4.48828525e-01 
 2.48025000e-09 -4.48828525e-01 
 2.48125000e-09 -4.48828525e-01 
 2.48225000e-09 -4.48828525e-01 
 2.48325000e-09 -4.48828525e-01 
 2.48425000e-09 -4.48828525e-01 
 2.48525000e-09 -4.48828525e-01 
 2.48625000e-09 -4.48828525e-01 
 2.48725000e-09 -4.48828525e-01 
 2.48825000e-09 -4.48828525e-01 
 2.48925000e-09 -4.48828525e-01 
 2.49025000e-09 -4.48828525e-01 
 2.49125000e-09 -4.48828525e-01 
 2.49225000e-09 -4.48828525e-01 
 2.49325000e-09 -4.48828525e-01 
 2.49425000e-09 -4.48828525e-01 
 2.49525000e-09 -4.48828525e-01 
 2.49625000e-09 -4.48828525e-01 
 2.49725000e-09 -4.48828525e-01 
 2.49825000e-09 -4.48828525e-01 
 2.49925000e-09 -4.48828525e-01 
 2.50025000e-09 -4.48828525e-01 
 2.50125000e-09 -4.48828525e-01 
 2.50225000e-09 -4.48828525e-01 
 2.50325000e-09 -4.48828525e-01 
 2.50425000e-09 -4.48828525e-01 
 2.50525000e-09 -4.48828525e-01 
 2.50625000e-09 -4.48828525e-01 
 2.50725000e-09 -4.48828525e-01 
 2.50825000e-09 -4.48828525e-01 
 2.50925000e-09 -4.48828525e-01 
 2.51025000e-09 -4.48828525e-01 
 2.51125000e-09 -4.48828525e-01 
 2.51225000e-09 -4.48828525e-01 
 2.51325000e-09 -4.48828525e-01 
 2.51425000e-09 -4.48828525e-01 
 2.51525000e-09 -4.48828525e-01 
 2.51625000e-09 -4.48828525e-01 
 2.51725000e-09 -4.48828525e-01 
 2.51825000e-09 -4.48828525e-01 
 2.51925000e-09 -4.48828525e-01 
 2.52025000e-09 -4.48828525e-01 
 2.52125000e-09 -4.48828525e-01 
 2.52225000e-09 -4.48828525e-01 
 2.52325000e-09 -4.48828525e-01 
 2.52425000e-09 -4.48828525e-01 
 2.52525000e-09 -4.48828525e-01 
 2.52625000e-09 -4.48828525e-01 
 2.52725000e-09 -4.48828525e-01 
 2.52825000e-09 -4.48828525e-01 
 2.52925000e-09 -4.48828525e-01 
 2.53025000e-09 -4.48828525e-01 
 2.53125000e-09 -4.48828525e-01 
 2.53225000e-09 -4.48828525e-01 
 2.53325000e-09 -4.48828525e-01 
 2.53425000e-09 -4.48828525e-01 
 2.53525000e-09 -4.48828525e-01 
 2.53625000e-09 -4.48828525e-01 
 2.53725000e-09 -4.48828525e-01 
 2.53825000e-09 -4.48828525e-01 
 2.53925000e-09 -4.48828525e-01 
 2.54025000e-09 -4.48828525e-01 
 2.54125000e-09 -4.48828525e-01 
 2.54225000e-09 -4.48828525e-01 
 2.54325000e-09 -4.48828525e-01 
 2.54425000e-09 -4.48828525e-01 
 2.54525000e-09 -4.48828525e-01 
 2.54625000e-09 -4.48828525e-01 
 2.54725000e-09 -4.48828525e-01 
 2.54825000e-09 -4.48828525e-01 
 2.54925000e-09 -4.48828525e-01 
 2.55025000e-09 -4.48828525e-01 
 2.55125000e-09 -4.48828525e-01 
 2.55225000e-09 -4.48828525e-01 
 2.55325000e-09 -4.48828525e-01 
 2.55425000e-09 -4.48828525e-01 
 2.55525000e-09 -4.48828525e-01 
 2.55625000e-09 -4.48828525e-01 
 2.55725000e-09 -4.48828525e-01 
 2.55825000e-09 -4.48828525e-01 
 2.55925000e-09 -4.48828525e-01 
 2.56025000e-09 -4.48828525e-01 
 2.56125000e-09 -4.48828525e-01 
 2.56225000e-09 -4.48828525e-01 
 2.56325000e-09 -4.48828525e-01 
 2.56425000e-09 -4.48828525e-01 
 2.56525000e-09 -4.48828525e-01 
 2.56625000e-09 -4.48828525e-01 
 2.56725000e-09 -4.48828525e-01 
 2.56825000e-09 -4.48828525e-01 
 2.56925000e-09 -4.48828525e-01 
 2.57025000e-09 -4.48828525e-01 
 2.57125000e-09 -4.48828525e-01 
 2.57225000e-09 -4.48828525e-01 
 2.57325000e-09 -4.48828525e-01 
 2.57425000e-09 -4.48828525e-01 
 2.57525000e-09 -4.48828525e-01 
 2.57625000e-09 -4.48828525e-01 
 2.57725000e-09 -4.48828525e-01 
 2.57825000e-09 -4.48828525e-01 
 2.57925000e-09 -4.48828525e-01 
 2.58025000e-09 -4.48828525e-01 
 2.58125000e-09 -4.48828525e-01 
 2.58225000e-09 -4.48828525e-01 
 2.58325000e-09 -4.48828525e-01 
 2.58425000e-09 -4.48828525e-01 
 2.58525000e-09 -4.48828525e-01 
 2.58625000e-09 -4.48828525e-01 
 2.58725000e-09 -4.48828525e-01 
 2.58825000e-09 -4.48828525e-01 
 2.58925000e-09 -4.48828525e-01 
 2.59025000e-09 -4.48828525e-01 
 2.59125000e-09 -4.48828525e-01 
 2.59225000e-09 -4.48828525e-01 
 2.59325000e-09 -4.48828525e-01 
 2.59425000e-09 -4.48828525e-01 
 2.59525000e-09 -4.48828525e-01 
 2.59625000e-09 -4.48828525e-01 
 2.59725000e-09 -4.48828525e-01 
 2.59825000e-09 -4.48828525e-01 
 2.59925000e-09 -4.48828525e-01 
 2.60025000e-09 -4.48828525e-01 
 2.60125000e-09 -4.48828525e-01 
 2.60225000e-09 -4.48828525e-01 
 2.60325000e-09 -4.48828525e-01 
 2.60425000e-09 -4.48828525e-01 
 2.60525000e-09 -4.48828525e-01 
 2.60625000e-09 -4.48828525e-01 
 2.60725000e-09 -4.48828525e-01 
 2.60825000e-09 -4.48828525e-01 
 2.60925000e-09 -4.48828525e-01 
 2.61025000e-09 -4.48828525e-01 
 2.61125000e-09 -4.48828525e-01 
 2.61225000e-09 -4.48828525e-01 
 2.61325000e-09 -4.48828525e-01 
 2.61425000e-09 -4.48828525e-01 
 2.61525000e-09 -4.48828525e-01 
 2.61625000e-09 -4.48828525e-01 
 2.61725000e-09 -4.48828525e-01 
 2.61825000e-09 -4.48828525e-01 
 2.61925000e-09 -4.48828525e-01 
 2.62025000e-09 -4.48828525e-01 
 2.62125000e-09 -4.48828525e-01 
 2.62225000e-09 -4.48828525e-01 
 2.62325000e-09 -4.48828525e-01 
 2.62425000e-09 -4.48828525e-01 
 2.62525000e-09 -4.48828525e-01 
 2.62625000e-09 -4.48828525e-01 
 2.62725000e-09 -4.48828525e-01 
 2.62825000e-09 -4.48828525e-01 
 2.62925000e-09 -4.48828525e-01 
 2.63025000e-09 -4.48828525e-01 
 2.63125000e-09 -4.48828525e-01 
 2.63225000e-09 -4.48828525e-01 
 2.63325000e-09 -4.48828525e-01 
 2.63425000e-09 -4.48828525e-01 
 2.63525000e-09 -4.48828525e-01 
 2.63625000e-09 -4.48828525e-01 
 2.63725000e-09 -4.48828525e-01 
 2.63825000e-09 -4.48828525e-01 
 2.63925000e-09 -4.48828525e-01 
 2.64025000e-09 -4.48828525e-01 
 2.64125000e-09 -4.48828525e-01 
 2.64225000e-09 -4.48828525e-01 
 2.64325000e-09 -4.48828525e-01 
 2.64425000e-09 -4.48828525e-01 
 2.64525000e-09 -4.48828525e-01 
 2.64625000e-09 -4.48828525e-01 
 2.64725000e-09 -4.48828525e-01 
 2.64825000e-09 -4.48828525e-01 
 2.64925000e-09 -4.48828525e-01 
 2.65025000e-09 -4.48828525e-01 
 2.65125000e-09 -4.48828525e-01 
 2.65225000e-09 -4.48828525e-01 
 2.65325000e-09 -4.48828525e-01 
 2.65425000e-09 -4.48828525e-01 
 2.65525000e-09 -4.48828525e-01 
 2.65625000e-09 -4.48828525e-01 
 2.65725000e-09 -4.48828525e-01 
 2.65825000e-09 -4.48828525e-01 
 2.65925000e-09 -4.48828525e-01 
 2.66025000e-09 -4.48828525e-01 
 2.66125000e-09 -4.48828525e-01 
 2.66225000e-09 -4.48828525e-01 
 2.66325000e-09 -4.48828525e-01 
 2.66425000e-09 -4.48828525e-01 
 2.66525000e-09 -4.48828525e-01 
 2.66625000e-09 -4.48828525e-01 
 2.66725000e-09 -4.48828525e-01 
 2.66825000e-09 -4.48828525e-01 
 2.66925000e-09 -4.48828525e-01 
 2.67025000e-09 -4.48828525e-01 
 2.67125000e-09 -4.48828525e-01 
 2.67225000e-09 -4.48828525e-01 
 2.67325000e-09 -4.48828525e-01 
 2.67425000e-09 -4.48828525e-01 
 2.67525000e-09 -4.48828525e-01 
 2.67625000e-09 -4.48828525e-01 
 2.67725000e-09 -4.48828525e-01 
 2.67825000e-09 -4.48828525e-01 
 2.67925000e-09 -4.48828525e-01 
 2.68025000e-09 -4.48828525e-01 
 2.68125000e-09 -4.48828525e-01 
 2.68225000e-09 -4.48828525e-01 
 2.68325000e-09 -4.48828525e-01 
 2.68425000e-09 -4.48828525e-01 
 2.68525000e-09 -4.48828525e-01 
 2.68625000e-09 -4.48828525e-01 
 2.68725000e-09 -4.48828525e-01 
 2.68825000e-09 -4.48828525e-01 
 2.68925000e-09 -4.48828525e-01 
 2.69025000e-09 -4.48828525e-01 
 2.69125000e-09 -4.48828525e-01 
 2.69225000e-09 -4.48828525e-01 
 2.69325000e-09 -4.48828525e-01 
 2.69425000e-09 -4.48828525e-01 
 2.69525000e-09 -4.48828525e-01 
 2.69625000e-09 -4.48828525e-01 
 2.69725000e-09 -4.48828525e-01 
 2.69825000e-09 -4.48828525e-01 
 2.69925000e-09 -4.48828525e-01 
 2.70025000e-09 -4.48828525e-01 
 2.70125000e-09 -4.48828525e-01 
 2.70225000e-09 -4.48828525e-01 
 2.70325000e-09 -4.48828525e-01 
 2.70425000e-09 -4.48828525e-01 
 2.70525000e-09 -4.48828525e-01 
 2.70625000e-09 -4.48828525e-01 
 2.70725000e-09 -4.48828525e-01 
 2.70825000e-09 -4.48828525e-01 
 2.70925000e-09 -4.48828525e-01 
 2.71025000e-09 -4.48828525e-01 
 2.71125000e-09 -4.48828525e-01 
 2.71225000e-09 -4.48828525e-01 
 2.71325000e-09 -4.48828525e-01 
 2.71425000e-09 -4.48828525e-01 
 2.71525000e-09 -4.48828525e-01 
 2.71625000e-09 -4.48828525e-01 
 2.71725000e-09 -4.48828525e-01 
 2.71825000e-09 -4.48828525e-01 
 2.71925000e-09 -4.48828525e-01 
 2.72025000e-09 -4.48828525e-01 
 2.72125000e-09 -4.48828525e-01 
 2.72225000e-09 -4.48828525e-01 
 2.72325000e-09 -4.48828525e-01 
 2.72425000e-09 -4.48828525e-01 
 2.72525000e-09 -4.48828525e-01 
 2.72625000e-09 -4.48828525e-01 
 2.72725000e-09 -4.48828525e-01 
 2.72825000e-09 -4.48828525e-01 
 2.72925000e-09 -4.48828525e-01 
 2.73025000e-09 -4.48828525e-01 
 2.73125000e-09 -4.48828525e-01 
 2.73225000e-09 -4.48828525e-01 
 2.73325000e-09 -4.48828525e-01 
 2.73425000e-09 -4.48828525e-01 
 2.73525000e-09 -4.48828525e-01 
 2.73625000e-09 -4.48828525e-01 
 2.73725000e-09 -4.48828525e-01 
 2.73825000e-09 -4.48828525e-01 
 2.73925000e-09 -4.48828525e-01 
 2.74025000e-09 -4.48828525e-01 
 2.74125000e-09 -4.48828525e-01 
 2.74225000e-09 -4.48828525e-01 
 2.74325000e-09 -4.48828525e-01 
 2.74425000e-09 -4.48828525e-01 
 2.74525000e-09 -4.48828525e-01 
 2.74625000e-09 -4.48828525e-01 
 2.74725000e-09 -4.48828525e-01 
 2.74825000e-09 -4.48828525e-01 
 2.74925000e-09 -4.48828525e-01 
 2.75025000e-09 -4.48828525e-01 
 2.75125000e-09 -4.48828525e-01 
 2.75225000e-09 -4.48828525e-01 
 2.75325000e-09 -4.48828525e-01 
 2.75425000e-09 -4.48828525e-01 
 2.75525000e-09 -4.48828525e-01 
 2.75537500e-09 -4.48828525e-01 
 2.75562500e-09 -4.48828525e-01 
 2.75612500e-09 -4.48828525e-01 
 2.75712500e-09 -4.48828525e-01 
 2.75812500e-09 -4.48828525e-01 
 2.75912500e-09 -4.48828525e-01 
 2.76012500e-09 -4.48828525e-01 
 2.76112500e-09 -4.48828525e-01 
 2.76212500e-09 -4.48828525e-01 
 2.76312500e-09 -4.48828525e-01 
 2.76412500e-09 -4.48828525e-01 
 2.76512500e-09 -4.48828525e-01 
 2.76612500e-09 -4.48828525e-01 
 2.76712500e-09 -4.48828525e-01 
 2.76812500e-09 -4.48828525e-01 
 2.76912500e-09 -4.48828525e-01 
 2.77012500e-09 -4.48828525e-01 
 2.77112500e-09 -4.48828525e-01 
 2.77212500e-09 -4.48828525e-01 
 2.77312500e-09 -4.48828525e-01 
 2.77412500e-09 -4.48828525e-01 
 2.77512500e-09 -4.48828525e-01 
 2.77612500e-09 -4.48828525e-01 
 2.77712500e-09 -4.48828525e-01 
 2.77812500e-09 -4.48828525e-01 
 2.77912500e-09 -4.48828525e-01 
 2.78012500e-09 -4.48828525e-01 
 2.78112500e-09 -4.48828525e-01 
 2.78212500e-09 -4.48828525e-01 
 2.78312500e-09 -4.48828525e-01 
 2.78412500e-09 -4.48828525e-01 
 2.78512500e-09 -4.48828525e-01 
 2.78612500e-09 -4.48828525e-01 
 2.78712500e-09 -4.48828525e-01 
 2.78812500e-09 -4.48828525e-01 
 2.78912500e-09 -4.48828525e-01 
 2.79012500e-09 -4.48828525e-01 
 2.79112500e-09 -4.48828525e-01 
 2.79212500e-09 -4.48828525e-01 
 2.79312500e-09 -4.48828525e-01 
 2.79412500e-09 -4.48828525e-01 
 2.79512500e-09 -4.48828525e-01 
 2.79612500e-09 -4.48828525e-01 
 2.79712500e-09 -4.48828525e-01 
 2.79812500e-09 -4.48828525e-01 
 2.79912500e-09 -4.48828525e-01 
 2.80012500e-09 -4.48828525e-01 
 2.80112500e-09 -4.48828525e-01 
 2.80212500e-09 -4.48828525e-01 
 2.80312500e-09 -4.48828525e-01 
 2.80412500e-09 -4.48828525e-01 
 2.80512500e-09 -4.48828525e-01 
 2.80612500e-09 -4.48828525e-01 
 2.80712500e-09 -4.48828525e-01 
 2.80812500e-09 -4.48828525e-01 
 2.80912500e-09 -4.48828525e-01 
 2.81012500e-09 -4.48828525e-01 
 2.81112500e-09 -4.48828525e-01 
 2.81212500e-09 -4.48828525e-01 
 2.81312500e-09 -4.48828525e-01 
 2.81412500e-09 -4.48828525e-01 
 2.81512500e-09 -4.48828525e-01 
 2.81612500e-09 -4.48828525e-01 
 2.81712500e-09 -4.48828525e-01 
 2.81812500e-09 -4.48828525e-01 
 2.81912500e-09 -4.48828525e-01 
 2.82012500e-09 -4.48828525e-01 
 2.82112500e-09 -4.48828525e-01 
 2.82212500e-09 -4.48828525e-01 
 2.82312500e-09 -4.48828525e-01 
 2.82412500e-09 -4.48828525e-01 
 2.82512500e-09 -4.48828525e-01 
 2.82612500e-09 -4.48828525e-01 
 2.82712500e-09 -4.48828525e-01 
 2.82812500e-09 -4.48828525e-01 
 2.82912500e-09 -4.48828525e-01 
 2.83012500e-09 -4.48828525e-01 
 2.83112500e-09 -4.48828525e-01 
 2.83212500e-09 -4.48828525e-01 
 2.83312500e-09 -4.48828525e-01 
 2.83412500e-09 -4.48828525e-01 
 2.83512500e-09 -4.48828525e-01 
 2.83612500e-09 -4.48828525e-01 
 2.83712500e-09 -4.48828525e-01 
 2.83812500e-09 -4.48828525e-01 
 2.83912500e-09 -4.48828525e-01 
 2.84012500e-09 -4.48828525e-01 
 2.84112500e-09 -4.48828525e-01 
 2.84212500e-09 -4.48828525e-01 
 2.84312500e-09 -4.48828525e-01 
 2.84412500e-09 -4.48828525e-01 
 2.84512500e-09 -4.48828525e-01 
 2.84612500e-09 -4.48828525e-01 
 2.84712500e-09 -4.48828525e-01 
 2.84812500e-09 -4.48828525e-01 
 2.84912500e-09 -4.48828525e-01 
 2.85012500e-09 -4.48828525e-01 
 2.85112500e-09 -4.48828525e-01 
 2.85212500e-09 -4.48828525e-01 
 2.85312500e-09 -4.48828525e-01 
 2.85412500e-09 -4.48828525e-01 
 2.85512500e-09 -4.48828525e-01 
 2.85612500e-09 -4.48828525e-01 
 2.85712500e-09 -4.48828525e-01 
 2.85812500e-09 -4.48828525e-01 
 2.85912500e-09 -4.48828525e-01 
 2.86012500e-09 -4.48828525e-01 
 2.86112500e-09 -4.48828525e-01 
 2.86212500e-09 -4.48828525e-01 
 2.86312500e-09 -4.48828525e-01 
 2.86412500e-09 -4.48828525e-01 
 2.86512500e-09 -4.48828525e-01 
 2.86612500e-09 -4.48828525e-01 
 2.86712500e-09 -4.48828525e-01 
 2.86812500e-09 -4.48828525e-01 
 2.86912500e-09 -4.48828525e-01 
 2.87012500e-09 -4.48828525e-01 
 2.87112500e-09 -4.48828525e-01 
 2.87212500e-09 -4.48828525e-01 
 2.87312500e-09 -4.48828525e-01 
 2.87412500e-09 -4.48828525e-01 
 2.87512500e-09 -4.48828525e-01 
 2.87612500e-09 -4.48828525e-01 
 2.87712500e-09 -4.48828525e-01 
 2.87812500e-09 -4.48828525e-01 
 2.87912500e-09 -4.48828525e-01 
 2.88012500e-09 -4.48828525e-01 
 2.88112500e-09 -4.48828525e-01 
 2.88212500e-09 -4.48828525e-01 
 2.88312500e-09 -4.48828525e-01 
 2.88412500e-09 -4.48828525e-01 
 2.88512500e-09 -4.48828525e-01 
 2.88612500e-09 -4.48828525e-01 
 2.88712500e-09 -4.48828525e-01 
 2.88812500e-09 -4.48828525e-01 
 2.88912500e-09 -4.48828525e-01 
 2.89012500e-09 -4.48828525e-01 
 2.89112500e-09 -4.48828525e-01 
 2.89212500e-09 -4.48828525e-01 
 2.89312500e-09 -4.48828525e-01 
 2.89412500e-09 -4.48828525e-01 
 2.89512500e-09 -4.48828525e-01 
 2.89612500e-09 -4.48828525e-01 
 2.89712500e-09 -4.48828525e-01 
 2.89812500e-09 -4.48828525e-01 
 2.89912500e-09 -4.48828525e-01 
 2.90012500e-09 -4.48828525e-01 
 2.90112500e-09 -4.48828525e-01 
 2.90212500e-09 -4.48828525e-01 
 2.90312500e-09 -4.48828525e-01 
 2.90412500e-09 -4.48828525e-01 
 2.90512500e-09 -4.48828525e-01 
 2.90612500e-09 -4.48828525e-01 
 2.90712500e-09 -4.48828525e-01 
 2.90812500e-09 -4.48828525e-01 
 2.90912500e-09 -4.48828525e-01 
 2.91012500e-09 -4.48828525e-01 
 2.91112500e-09 -4.48828525e-01 
 2.91212500e-09 -4.48828525e-01 
 2.91312500e-09 -4.48828525e-01 
 2.91412500e-09 -4.48828525e-01 
 2.91512500e-09 -4.48828525e-01 
 2.91612500e-09 -4.48828525e-01 
 2.91712500e-09 -4.48828525e-01 
 2.91812500e-09 -4.48828525e-01 
 2.91912500e-09 -4.48828525e-01 
 2.92012500e-09 -4.48828525e-01 
 2.92112500e-09 -4.48828525e-01 
 2.92212500e-09 -4.48828525e-01 
 2.92312500e-09 -4.48828525e-01 
 2.92412500e-09 -4.48828525e-01 
 2.92512500e-09 -4.48828525e-01 
 2.92612500e-09 -4.48828525e-01 
 2.92712500e-09 -4.48828525e-01 
 2.92812500e-09 -4.48828525e-01 
 2.92912500e-09 -4.48828525e-01 
 2.93012500e-09 -4.48828525e-01 
 2.93112500e-09 -4.48828525e-01 
 2.93212500e-09 -4.48828525e-01 
 2.93312500e-09 -4.48828525e-01 
 2.93412500e-09 -4.48828525e-01 
 2.93512500e-09 -4.48828525e-01 
 2.93612500e-09 -4.48828525e-01 
 2.93712500e-09 -4.48828525e-01 
 2.93812500e-09 -4.48828525e-01 
 2.93912500e-09 -4.48828525e-01 
 2.94012500e-09 -4.48828525e-01 
 2.94112500e-09 -4.48828525e-01 
 2.94212500e-09 -4.48828525e-01 
 2.94312500e-09 -4.48828525e-01 
 2.94412500e-09 -4.48828525e-01 
 2.94512500e-09 -4.48828525e-01 
 2.94612500e-09 -4.48828525e-01 
 2.94712500e-09 -4.48828525e-01 
 2.94812500e-09 -4.48828525e-01 
 2.94912500e-09 -4.48828525e-01 
 2.95012500e-09 -4.48828525e-01 
 2.95112500e-09 -4.48828525e-01 
 2.95212500e-09 -4.48828525e-01 
 2.95312500e-09 -4.48828525e-01 
 2.95412500e-09 -4.48828525e-01 
 2.95512500e-09 -4.48828525e-01 
 2.95612500e-09 -4.48828525e-01 
 2.95712500e-09 -4.48828525e-01 
 2.95812500e-09 -4.48828525e-01 
 2.95912500e-09 -4.48828525e-01 
 2.96012500e-09 -4.48828525e-01 
 2.96112500e-09 -4.48828525e-01 
 2.96212500e-09 -4.48828525e-01 
 2.96312500e-09 -4.48828525e-01 
 2.96412500e-09 -4.48828525e-01 
 2.96512500e-09 -4.48828525e-01 
 2.96612500e-09 -4.48828525e-01 
 2.96712500e-09 -4.48828525e-01 
 2.96812500e-09 -4.48828525e-01 
 2.96912500e-09 -4.48828525e-01 
 2.97012500e-09 -4.48828525e-01 
 2.97112500e-09 -4.48828525e-01 
 2.97212500e-09 -4.48828525e-01 
 2.97312500e-09 -4.48828525e-01 
 2.97412500e-09 -4.48828525e-01 
 2.97512500e-09 -4.48828525e-01 
 2.97612500e-09 -4.48828525e-01 
 2.97712500e-09 -4.48828525e-01 
 2.97812500e-09 -4.48828525e-01 
 2.97912500e-09 -4.48828525e-01 
 2.98012500e-09 -4.48828525e-01 
 2.98112500e-09 -4.48828525e-01 
 2.98212500e-09 -4.48828525e-01 
 2.98312500e-09 -4.48828525e-01 
 2.98412500e-09 -4.48828525e-01 
 2.98512500e-09 -4.48828525e-01 
 2.98612500e-09 -4.48828525e-01 
 2.98712500e-09 -4.48828525e-01 
 2.98812500e-09 -4.48828525e-01 
 2.98912500e-09 -4.48828525e-01 
 2.99012500e-09 -4.48828525e-01 
 2.99112500e-09 -4.48828525e-01 
 2.99212500e-09 -4.48828525e-01 
 2.99312500e-09 -4.48828525e-01 
 2.99412500e-09 -4.48828525e-01 
 2.99512500e-09 -4.48828525e-01 
 2.99612500e-09 -4.48828525e-01 
 2.99712500e-09 -4.48828525e-01 
 2.99812500e-09 -4.48828525e-01 
 2.99912500e-09 -4.48828525e-01 
 3.00012500e-09 -4.48828525e-01 
 3.00112500e-09 -4.48828525e-01 
 3.00212500e-09 -4.48828525e-01 
 3.00312500e-09 -4.48828525e-01 
 3.00412500e-09 -4.48828525e-01 
 3.00512500e-09 -4.48828525e-01 
 3.00612500e-09 -4.48828525e-01 
 3.00712500e-09 -4.48828525e-01 
 3.00812500e-09 -4.48828525e-01 
 3.00912500e-09 -4.48828525e-01 
 3.01012500e-09 -4.48828525e-01 
 3.01112500e-09 -4.48828525e-01 
 3.01212500e-09 -4.48828525e-01 
 3.01312500e-09 -4.48828525e-01 
 3.01412500e-09 -4.48828525e-01 
 3.01512500e-09 -4.48828525e-01 
 3.01612500e-09 -4.48828525e-01 
 3.01712500e-09 -4.48828525e-01 
 3.01812500e-09 -4.48828525e-01 
 3.01912500e-09 -4.48828525e-01 
 3.02012500e-09 -4.48828525e-01 
 3.02112500e-09 -4.48828525e-01 
 3.02212500e-09 -4.48828525e-01 
 3.02312500e-09 -4.48828525e-01 
 3.02412500e-09 -4.48828525e-01 
 3.02512500e-09 -4.48828525e-01 
 3.02612500e-09 -4.48828525e-01 
 3.02712500e-09 -4.48828525e-01 
 3.02812500e-09 -4.48828525e-01 
 3.02912500e-09 -4.48828525e-01 
 3.03012500e-09 -4.48828525e-01 
 3.03112500e-09 -4.48828525e-01 
 3.03212500e-09 -4.48828525e-01 
 3.03312500e-09 -4.48828525e-01 
 3.03412500e-09 -4.48828525e-01 
 3.03512500e-09 -4.48828525e-01 
 3.03612500e-09 -4.48828525e-01 
 3.03712500e-09 -4.48828525e-01 
 3.03812500e-09 -4.48828525e-01 
 3.03912500e-09 -4.48828525e-01 
 3.04012500e-09 -4.48828525e-01 
 3.04112500e-09 -4.48828525e-01 
 3.04212500e-09 -4.48828525e-01 
 3.04312500e-09 -4.48828525e-01 
 3.04412500e-09 -4.48828525e-01 
 3.04512500e-09 -4.48828525e-01 
 3.04612500e-09 -4.48828525e-01 
 3.04712500e-09 -4.48828525e-01 
 3.04812500e-09 -4.48828525e-01 
 3.04912500e-09 -4.48828525e-01 
 3.05012500e-09 -4.48828525e-01 
 3.05112500e-09 -4.48828525e-01 
 3.05212500e-09 -4.48828525e-01 
 3.05312500e-09 -4.48828525e-01 
 3.05412500e-09 -4.48828525e-01 
 3.05512500e-09 -4.48828525e-01 
 3.05612500e-09 -4.48828525e-01 
 3.05712500e-09 -4.48828525e-01 
 3.05812500e-09 -4.48828525e-01 
 3.05912500e-09 -4.48828525e-01 
 3.06012500e-09 -4.48828525e-01 
 3.06112500e-09 -4.48828525e-01 
 3.06212500e-09 -4.48828525e-01 
 3.06312500e-09 -4.48828525e-01 
 3.06412500e-09 -4.48828525e-01 
 3.06512500e-09 -4.48828525e-01 
 3.06612500e-09 -4.48828525e-01 
 3.06712500e-09 -4.48828525e-01 
 3.06812500e-09 -4.48828525e-01 
 3.06912500e-09 -4.48828525e-01 
 3.07012500e-09 -4.48828525e-01 
 3.07112500e-09 -4.48828525e-01 
 3.07212500e-09 -4.48828525e-01 
 3.07312500e-09 -4.48828525e-01 
 3.07412500e-09 -4.48828525e-01 
 3.07512500e-09 -4.48828525e-01 
 3.07612500e-09 -4.48828525e-01 
 3.07712500e-09 -4.48828525e-01 
 3.07812500e-09 -4.48828525e-01 
 3.07912500e-09 -4.48828525e-01 
 3.08012500e-09 -4.48828525e-01 
 3.08112500e-09 -4.48828525e-01 
 3.08212500e-09 -4.48828525e-01 
 3.08312500e-09 -4.48828525e-01 
 3.08412500e-09 -4.48828525e-01 
 3.08512500e-09 -4.48828525e-01 
 3.08612500e-09 -4.48828525e-01 
 3.08712500e-09 -4.48828525e-01 
 3.08812500e-09 -4.48828525e-01 
 3.08912500e-09 -4.48828525e-01 
 3.09012500e-09 -4.48828525e-01 
 3.09112500e-09 -4.48828525e-01 
 3.09212500e-09 -4.48828525e-01 
 3.09312500e-09 -4.48828525e-01 
 3.09412500e-09 -4.48828525e-01 
 3.09512500e-09 -4.48828525e-01 
 3.09612500e-09 -4.48828525e-01 
 3.09712500e-09 -4.48828525e-01 
 3.09812500e-09 -4.48828525e-01 
 3.09912500e-09 -4.48828525e-01 
 3.10012500e-09 -4.48828525e-01 
 3.10112500e-09 -4.48828525e-01 
 3.10212500e-09 -4.48828525e-01 
 3.10312500e-09 -4.48828525e-01 
 3.10412500e-09 -4.48828525e-01 
 3.10512500e-09 -4.48828525e-01 
 3.10612500e-09 -4.48828525e-01 
 3.10712500e-09 -4.48828525e-01 
 3.10812500e-09 -4.48828525e-01 
 3.10912500e-09 -4.48828525e-01 
 3.11012500e-09 -4.48828525e-01 
 3.11112500e-09 -4.48828525e-01 
 3.11212500e-09 -4.48828525e-01 
 3.11312500e-09 -4.48828525e-01 
 3.11412500e-09 -4.48828525e-01 
 3.11512500e-09 -4.48828525e-01 
 3.11612500e-09 -4.48828525e-01 
 3.11712500e-09 -4.48828525e-01 
 3.11812500e-09 -4.48828525e-01 
 3.11912500e-09 -4.48828525e-01 
 3.12012500e-09 -4.48828525e-01 
 3.12112500e-09 -4.48828525e-01 
 3.12212500e-09 -4.48828525e-01 
 3.12312500e-09 -4.48828525e-01 
 3.12412500e-09 -4.48828525e-01 
 3.12512500e-09 -4.48828525e-01 
 3.12612500e-09 -4.48828525e-01 
 3.12712500e-09 -4.48828525e-01 
 3.12812500e-09 -4.48828525e-01 
 3.12912500e-09 -4.48828525e-01 
 3.13012500e-09 -4.48828525e-01 
 3.13112500e-09 -4.48828525e-01 
 3.13212500e-09 -4.48828525e-01 
 3.13312500e-09 -4.48828525e-01 
 3.13412500e-09 -4.48828525e-01 
 3.13512500e-09 -4.48828525e-01 
 3.13612500e-09 -4.48828525e-01 
 3.13712500e-09 -4.48828525e-01 
 3.13812500e-09 -4.48828525e-01 
 3.13912500e-09 -4.48828525e-01 
 3.14012500e-09 -4.48828525e-01 
 3.14112500e-09 -4.48828525e-01 
 3.14212500e-09 -4.48828525e-01 
 3.14312500e-09 -4.48828525e-01 
 3.14412500e-09 -4.48828525e-01 
 3.14512500e-09 -4.48828525e-01 
 3.14612500e-09 -4.48828525e-01 
 3.14712500e-09 -4.48828525e-01 
 3.14812500e-09 -4.48828525e-01 
 3.14912500e-09 -4.48828525e-01 
 3.15012500e-09 -4.48828525e-01 
 3.15112500e-09 -4.48828525e-01 
 3.15212500e-09 -4.48828525e-01 
 3.15312500e-09 -4.48828525e-01 
 3.15412500e-09 -4.48828525e-01 
 3.15512500e-09 -4.48828525e-01 
 3.15612500e-09 -4.48828525e-01 
 3.15712500e-09 -4.48828525e-01 
 3.15812500e-09 -4.48828525e-01 
 3.15912500e-09 -4.48828525e-01 
 3.16012500e-09 -4.48828525e-01 
 3.16112500e-09 -4.48828525e-01 
 3.16212500e-09 -4.48828525e-01 
 3.16312500e-09 -4.48828525e-01 
 3.16412500e-09 -4.48828525e-01 
 3.16512500e-09 -4.48828525e-01 
 3.16612500e-09 -4.48828525e-01 
 3.16712500e-09 -4.48828525e-01 
 3.16812500e-09 -4.48828525e-01 
 3.16912500e-09 -4.48828525e-01 
 3.17012500e-09 -4.48828525e-01 
 3.17112500e-09 -4.48828525e-01 
 3.17212500e-09 -4.48828525e-01 
 3.17312500e-09 -4.48828525e-01 
 3.17412500e-09 -4.48828525e-01 
 3.17512500e-09 -4.48828525e-01 
 3.17612500e-09 -4.48828525e-01 
 3.17712500e-09 -4.48828525e-01 
 3.17812500e-09 -4.48828525e-01 
 3.17912500e-09 -4.48828525e-01 
 3.18012500e-09 -4.48828525e-01 
 3.18112500e-09 -4.48828525e-01 
 3.18212500e-09 -4.48828525e-01 
 3.18312500e-09 -4.48828525e-01 
 3.18412500e-09 -4.48828525e-01 
 3.18512500e-09 -4.48828525e-01 
 3.18612500e-09 -4.48828525e-01 
 3.18712500e-09 -4.48828525e-01 
 3.18812500e-09 -4.48828525e-01 
 3.18912500e-09 -4.48828525e-01 
 3.19012500e-09 -4.48828525e-01 
 3.19112500e-09 -4.48828525e-01 
 3.19212500e-09 -4.48828525e-01 
 3.19312500e-09 -4.48828525e-01 
 3.19412500e-09 -4.48828525e-01 
 3.19512500e-09 -4.48828525e-01 
 3.19612500e-09 -4.48828525e-01 
 3.19712500e-09 -4.48828525e-01 
 3.19812500e-09 -4.48828525e-01 
 3.19912500e-09 -4.48828525e-01 
 3.20012500e-09 -4.48828525e-01 
 3.20112500e-09 -4.48828525e-01 
 3.20212500e-09 -4.48828525e-01 
 3.20312500e-09 -4.48828525e-01 
 3.20412500e-09 -4.48828525e-01 
 3.20512500e-09 -4.48828525e-01 
 3.20612500e-09 -4.48828525e-01 
 3.20712500e-09 -4.48828525e-01 
 3.20812500e-09 -4.48828525e-01 
 3.20912500e-09 -4.48828525e-01 
 3.21012500e-09 -4.48828525e-01 
 3.21112500e-09 -4.48828525e-01 
 3.21212500e-09 -4.48828525e-01 
 3.21312500e-09 -4.48828525e-01 
 3.21412500e-09 -4.48828525e-01 
 3.21512500e-09 -4.48828525e-01 
 3.21612500e-09 -4.48828525e-01 
 3.21712500e-09 -4.48828525e-01 
 3.21812500e-09 -4.48828525e-01 
 3.21912500e-09 -4.48828525e-01 
 3.22012500e-09 -4.48828525e-01 
 3.22112500e-09 -4.48828525e-01 
 3.22212500e-09 -4.48828525e-01 
 3.22312500e-09 -4.48828525e-01 
 3.22412500e-09 -4.48828525e-01 
 3.22512500e-09 -4.48828525e-01 
 3.22612500e-09 -4.48828525e-01 
 3.22712500e-09 -4.48828525e-01 
 3.22812500e-09 -4.48828525e-01 
 3.22912500e-09 -4.48828525e-01 
 3.23012500e-09 -4.48828525e-01 
 3.23112500e-09 -4.48828525e-01 
 3.23212500e-09 -4.48828525e-01 
 3.23312500e-09 -4.48828525e-01 
 3.23412500e-09 -4.48828525e-01 
 3.23512500e-09 -4.48828525e-01 
 3.23612500e-09 -4.48828525e-01 
 3.23712500e-09 -4.48828525e-01 
 3.23812500e-09 -4.48828525e-01 
 3.23912500e-09 -4.48828525e-01 
 3.24012500e-09 -4.48828525e-01 
 3.24112500e-09 -4.48828525e-01 
 3.24212500e-09 -4.48828525e-01 
 3.24312500e-09 -4.48828525e-01 
 3.24412500e-09 -4.48828525e-01 
 3.24512500e-09 -4.48828525e-01 
 3.24612500e-09 -4.48828525e-01 
 3.24712500e-09 -4.48828525e-01 
 3.24812500e-09 -4.48828525e-01 
 3.24912500e-09 -4.48828525e-01 
 3.25012500e-09 -4.48828525e-01 
 3.25112500e-09 -4.48828525e-01 
 3.25212500e-09 -4.48828525e-01 
 3.25312500e-09 -4.48828525e-01 
 3.25412500e-09 -4.48828525e-01 
 3.25512500e-09 -4.48828525e-01 
 3.25612500e-09 -4.48828525e-01 
 3.25712500e-09 -4.48828525e-01 
 3.25812500e-09 -4.48828525e-01 
 3.25912500e-09 -4.48828525e-01 
 3.26012500e-09 -4.48828525e-01 
 3.26112500e-09 -4.48828525e-01 
 3.26212500e-09 -4.48828525e-01 
 3.26312500e-09 -4.48828525e-01 
 3.26412500e-09 -4.48828525e-01 
 3.26512500e-09 -4.48828525e-01 
 3.26612500e-09 -4.48828525e-01 
 3.26712500e-09 -4.48828525e-01 
 3.26812500e-09 -4.48828525e-01 
 3.26912500e-09 -4.48828525e-01 
 3.27012500e-09 -4.48828525e-01 
 3.27112500e-09 -4.48828525e-01 
 3.27212500e-09 -4.48828525e-01 
 3.27312500e-09 -4.48828525e-01 
 3.27412500e-09 -4.48828525e-01 
 3.27512500e-09 -4.48828525e-01 
 3.27612500e-09 -4.48828525e-01 
 3.27712500e-09 -4.48828525e-01 
 3.27812500e-09 -4.48828525e-01 
 3.27912500e-09 -4.48828525e-01 
 3.28012500e-09 -4.48828525e-01 
 3.28112500e-09 -4.48828525e-01 
 3.28212500e-09 -4.48828525e-01 
 3.28312500e-09 -4.48828525e-01 
 3.28412500e-09 -4.48828525e-01 
 3.28512500e-09 -4.48828525e-01 
 3.28612500e-09 -4.48828525e-01 
 3.28712500e-09 -4.48828525e-01 
 3.28812500e-09 -4.48828525e-01 
 3.28912500e-09 -4.48828525e-01 
 3.29012500e-09 -4.48828525e-01 
 3.29112500e-09 -4.48828525e-01 
 3.29212500e-09 -4.48828525e-01 
 3.29312500e-09 -4.48828525e-01 
 3.29412500e-09 -4.48828525e-01 
 3.29512500e-09 -4.48828525e-01 
 3.29612500e-09 -4.48828525e-01 
 3.29712500e-09 -4.48828525e-01 
 3.29812500e-09 -4.48828525e-01 
 3.29912500e-09 -4.48828525e-01 
 3.30012500e-09 -4.48828525e-01 
 3.30112500e-09 -4.48828525e-01 
 3.30212500e-09 -4.48828525e-01 
 3.30312500e-09 -4.48828525e-01 
 3.30412500e-09 -4.48828525e-01 
 3.30512500e-09 -4.48828525e-01 
 3.30612500e-09 -4.48828525e-01 
 3.30712500e-09 -4.48828525e-01 
 3.30812500e-09 -4.48828525e-01 
 3.30912500e-09 -4.48828525e-01 
 3.31012500e-09 -4.48828525e-01 
 3.31112500e-09 -4.48828525e-01 
 3.31212500e-09 -4.48828525e-01 
 3.31312500e-09 -4.48828525e-01 
 3.31412500e-09 -4.48828525e-01 
 3.31512500e-09 -4.48828525e-01 
 3.31612500e-09 -4.48828525e-01 
 3.31712500e-09 -4.48828525e-01 
 3.31812500e-09 -4.48828525e-01 
 3.31912500e-09 -4.48828525e-01 
 3.32012500e-09 -4.48828525e-01 
 3.32112500e-09 -4.48828525e-01 
 3.32212500e-09 -4.48828525e-01 
 3.32312500e-09 -4.48828525e-01 
 3.32412500e-09 -4.48828525e-01 
 3.32512500e-09 -4.48828525e-01 
 3.32612500e-09 -4.48828525e-01 
 3.32712500e-09 -4.48828525e-01 
 3.32812500e-09 -4.48828525e-01 
 3.32912500e-09 -4.48828525e-01 
 3.33012500e-09 -4.48828525e-01 
 3.33112500e-09 -4.48828525e-01 
 3.33212500e-09 -4.48828525e-01 
 3.33312500e-09 -4.48828525e-01 
 3.33412500e-09 -4.48828525e-01 
 3.33512500e-09 -4.48828525e-01 
 3.33612500e-09 -4.48828525e-01 
 3.33712500e-09 -4.48828525e-01 
 3.33812500e-09 -4.48828525e-01 
 3.33912500e-09 -4.48828525e-01 
 3.34012500e-09 -4.48828525e-01 
 3.34112500e-09 -4.48828525e-01 
 3.34212500e-09 -4.48828525e-01 
 3.34312500e-09 -4.48828525e-01 
 3.34412500e-09 -4.48828525e-01 
 3.34512500e-09 -4.48828525e-01 
 3.34612500e-09 -4.48828525e-01 
 3.34712500e-09 -4.48828525e-01 
 3.34812500e-09 -4.48828525e-01 
 3.34912500e-09 -4.48828525e-01 
 3.35012500e-09 -4.48828525e-01 
 3.35112500e-09 -4.48828525e-01 
 3.35212500e-09 -4.48828525e-01 
 3.35312500e-09 -4.48828525e-01 
 3.35412500e-09 -4.48828525e-01 
 3.35512500e-09 -4.48828525e-01 
 3.35612500e-09 -4.48828525e-01 
 3.35712500e-09 -4.48828525e-01 
 3.35812500e-09 -4.48828525e-01 
 3.35912500e-09 -4.48828525e-01 
 3.36012500e-09 -4.48828525e-01 
 3.36112500e-09 -4.48828525e-01 
 3.36212500e-09 -4.48828525e-01 
 3.36312500e-09 -4.48828525e-01 
 3.36412500e-09 -4.48828525e-01 
 3.36512500e-09 -4.48828525e-01 
 3.36612500e-09 -4.48828525e-01 
 3.36712500e-09 -4.48828525e-01 
 3.36812500e-09 -4.48828525e-01 
 3.36912500e-09 -4.48828525e-01 
 3.37012500e-09 -4.48828525e-01 
 3.37112500e-09 -4.48828525e-01 
 3.37212500e-09 -4.48828525e-01 
 3.37312500e-09 -4.48828525e-01 
 3.37412500e-09 -4.48828525e-01 
 3.37512500e-09 -4.48828525e-01 
 3.37612500e-09 -4.48828525e-01 
 3.37712500e-09 -4.48828525e-01 
 3.37812500e-09 -4.48828525e-01 
 3.37912500e-09 -4.48828525e-01 
 3.38012500e-09 -4.48828525e-01 
 3.38112500e-09 -4.48828525e-01 
 3.38212500e-09 -4.48828525e-01 
 3.38312500e-09 -4.48828525e-01 
 3.38412500e-09 -4.48828525e-01 
 3.38512500e-09 -4.48828525e-01 
 3.38612500e-09 -4.48828525e-01 
 3.38712500e-09 -4.48828525e-01 
 3.38812500e-09 -4.48828525e-01 
 3.38912500e-09 -4.48828525e-01 
 3.39012500e-09 -4.48828525e-01 
 3.39112500e-09 -4.48828525e-01 
 3.39212500e-09 -4.48828525e-01 
 3.39312500e-09 -4.48828525e-01 
 3.39412500e-09 -4.48828525e-01 
 3.39512500e-09 -4.48828525e-01 
 3.39612500e-09 -4.48828525e-01 
 3.39712500e-09 -4.48828525e-01 
 3.39812500e-09 -4.48828525e-01 
 3.39912500e-09 -4.48828525e-01 
 3.40012500e-09 -4.48828525e-01 
 3.40112500e-09 -4.48828525e-01 
 3.40212500e-09 -4.48828525e-01 
 3.40312500e-09 -4.48828525e-01 
 3.40412500e-09 -4.48828525e-01 
 3.40512500e-09 -4.48828525e-01 
 3.40612500e-09 -4.48828525e-01 
 3.40712500e-09 -4.48828525e-01 
 3.40812500e-09 -4.48828525e-01 
 3.40912500e-09 -4.48828525e-01 
 3.41012500e-09 -4.48828525e-01 
 3.41112500e-09 -4.48828525e-01 
 3.41212500e-09 -4.48828525e-01 
 3.41312500e-09 -4.48828525e-01 
 3.41412500e-09 -4.48828525e-01 
 3.41512500e-09 -4.48828525e-01 
 3.41612500e-09 -4.48828525e-01 
 3.41712500e-09 -4.48828525e-01 
 3.41812500e-09 -4.48828525e-01 
 3.41912500e-09 -4.48828525e-01 
 3.42012500e-09 -4.48828525e-01 
 3.42112500e-09 -4.48828525e-01 
 3.42212500e-09 -4.48828525e-01 
 3.42312500e-09 -4.48828525e-01 
 3.42412500e-09 -4.48828525e-01 
 3.42512500e-09 -4.48828525e-01 
 3.42612500e-09 -4.48828525e-01 
 3.42712500e-09 -4.48828525e-01 
 3.42812500e-09 -4.48828525e-01 
 3.42912500e-09 -4.48828525e-01 
 3.43012500e-09 -4.48828525e-01 
 3.43112500e-09 -4.48828525e-01 
 3.43212500e-09 -4.48828525e-01 
 3.43312500e-09 -4.48828525e-01 
 3.43412500e-09 -4.48828525e-01 
 3.43512500e-09 -4.48828525e-01 
 3.43612500e-09 -4.48828525e-01 
 3.43712500e-09 -4.48828525e-01 
 3.43812500e-09 -4.48828525e-01 
 3.43912500e-09 -4.48828525e-01 
 3.44012500e-09 -4.48828525e-01 
 3.44112500e-09 -4.48828525e-01 
 3.44212500e-09 -4.48828525e-01 
 3.44312500e-09 -4.48828525e-01 
 3.44412500e-09 -4.48828525e-01 
 3.44512500e-09 -4.48828525e-01 
 3.44612500e-09 -4.48828525e-01 
 3.44712500e-09 -4.48828525e-01 
 3.44812500e-09 -4.48828525e-01 
 3.44912500e-09 -4.48828525e-01 
 3.45012500e-09 -4.48828525e-01 
 3.45112500e-09 -4.48828525e-01 
 3.45212500e-09 -4.48828525e-01 
 3.45312500e-09 -4.48828525e-01 
 3.45412500e-09 -4.48828525e-01 
 3.45512500e-09 -4.48828525e-01 
 3.45612500e-09 -4.48828525e-01 
 3.45712500e-09 -4.48828525e-01 
 3.45812500e-09 -4.48828525e-01 
 3.45912500e-09 -4.48828525e-01 
 3.46012500e-09 -4.48828525e-01 
 3.46112500e-09 -4.48828525e-01 
 3.46212500e-09 -4.48828525e-01 
 3.46312500e-09 -4.48828525e-01 
 3.46412500e-09 -4.48828525e-01 
 3.46512500e-09 -4.48828525e-01 
 3.46612500e-09 -4.48828525e-01 
 3.46712500e-09 -4.48828525e-01 
 3.46812500e-09 -4.48828525e-01 
 3.46912500e-09 -4.48828525e-01 
 3.47012500e-09 -4.48828525e-01 
 3.47112500e-09 -4.48828525e-01 
 3.47212500e-09 -4.48828525e-01 
 3.47312500e-09 -4.48828525e-01 
 3.47412500e-09 -4.48828525e-01 
 3.47512500e-09 -4.48828525e-01 
 3.47612500e-09 -4.48828525e-01 
 3.47712500e-09 -4.48828525e-01 
 3.47812500e-09 -4.48828525e-01 
 3.47912500e-09 -4.48828525e-01 
 3.48012500e-09 -4.48828525e-01 
 3.48112500e-09 -4.48828525e-01 
 3.48212500e-09 -4.48828525e-01 
 3.48312500e-09 -4.48828525e-01 
 3.48412500e-09 -4.48828525e-01 
 3.48512500e-09 -4.48828525e-01 
 3.48612500e-09 -4.48828525e-01 
 3.48712500e-09 -4.48828525e-01 
 3.48812500e-09 -4.48828525e-01 
 3.48912500e-09 -4.48828525e-01 
 3.49012500e-09 -4.48828525e-01 
 3.49112500e-09 -4.48828525e-01 
 3.49212500e-09 -4.48828525e-01 
 3.49312500e-09 -4.48828525e-01 
 3.49412500e-09 -4.48828525e-01 
 3.49512500e-09 -4.48828525e-01 
 3.49612500e-09 -4.48828525e-01 
 3.49712500e-09 -4.48828525e-01 
 3.49812500e-09 -4.48828525e-01 
 3.49912500e-09 -4.48828525e-01 
 3.50012500e-09 -4.48828525e-01 
 3.50112500e-09 -4.48828525e-01 
 3.50212500e-09 -4.48828525e-01 
 3.50312500e-09 -4.48828525e-01 
 3.50412500e-09 -4.48828525e-01 
 3.50512500e-09 -4.48828525e-01 
 3.50612500e-09 -4.48828525e-01 
 3.50712500e-09 -4.48828525e-01 
 3.50812500e-09 -4.48828525e-01 
 3.50912500e-09 -4.48828525e-01 
 3.51012500e-09 -4.48828525e-01 
 3.51112500e-09 -4.48828525e-01 
 3.51212500e-09 -4.48828525e-01 
 3.51312500e-09 -4.48828525e-01 
 3.51412500e-09 -4.48828525e-01 
 3.51512500e-09 -4.48828525e-01 
 3.51612500e-09 -4.48828525e-01 
 3.51712500e-09 -4.48828525e-01 
 3.51812500e-09 -4.48828525e-01 
 3.51912500e-09 -4.48828525e-01 
 3.52012500e-09 -4.48828525e-01 
 3.52112500e-09 -4.48828525e-01 
 3.52212500e-09 -4.48828525e-01 
 3.52312500e-09 -4.48828525e-01 
 3.52412500e-09 -4.48828525e-01 
 3.52512500e-09 -4.48828525e-01 
 3.52612500e-09 -4.48828525e-01 
 3.52712500e-09 -4.48828525e-01 
 3.52812500e-09 -4.48828525e-01 
 3.52912500e-09 -4.48828525e-01 
 3.53012500e-09 -4.48828525e-01 
 3.53112500e-09 -4.48828525e-01 
 3.53212500e-09 -4.48828525e-01 
 3.53312500e-09 -4.48828525e-01 
 3.53412500e-09 -4.48828525e-01 
 3.53512500e-09 -4.48828525e-01 
 3.53612500e-09 -4.48828525e-01 
 3.53712500e-09 -4.48828525e-01 
 3.53812500e-09 -4.48828525e-01 
 3.53912500e-09 -4.48828525e-01 
 3.54012500e-09 -4.48828525e-01 
 3.54112500e-09 -4.48828525e-01 
 3.54212500e-09 -4.48828525e-01 
 3.54312500e-09 -4.48828525e-01 
 3.54412500e-09 -4.48828525e-01 
 3.54512500e-09 -4.48828525e-01 
 3.54612500e-09 -4.48828525e-01 
 3.54712500e-09 -4.48828525e-01 
 3.54812500e-09 -4.48828525e-01 
 3.54912500e-09 -4.48828525e-01 
 3.55012500e-09 -4.48828525e-01 
 3.55112500e-09 -4.48828525e-01 
 3.55212500e-09 -4.48828525e-01 
 3.55312500e-09 -4.48828525e-01 
 3.55412500e-09 -4.48828525e-01 
 3.55512500e-09 -4.48828525e-01 
 3.55612500e-09 -4.48828525e-01 
 3.55712500e-09 -4.48828525e-01 
 3.55812500e-09 -4.48828525e-01 
 3.55912500e-09 -4.48828525e-01 
 3.56012500e-09 -4.48828525e-01 
 3.56112500e-09 -4.48828525e-01 
 3.56212500e-09 -4.48828525e-01 
 3.56312500e-09 -4.48828525e-01 
 3.56412500e-09 -4.48828525e-01 
 3.56512500e-09 -4.48828525e-01 
 3.56612500e-09 -4.48828525e-01 
 3.56712500e-09 -4.48828525e-01 
 3.56812500e-09 -4.48828525e-01 
 3.56912500e-09 -4.48828525e-01 
 3.57012500e-09 -4.48828525e-01 
 3.57112500e-09 -4.48828525e-01 
 3.57212500e-09 -4.48828525e-01 
 3.57312500e-09 -4.48828525e-01 
 3.57412500e-09 -4.48828525e-01 
 3.57512500e-09 -4.48828525e-01 
 3.57612500e-09 -4.48828525e-01 
 3.57712500e-09 -4.48828525e-01 
 3.57812500e-09 -4.48828525e-01 
 3.57912500e-09 -4.48828525e-01 
 3.58012500e-09 -4.48828525e-01 
 3.58112500e-09 -4.48828525e-01 
 3.58212500e-09 -4.48828525e-01 
 3.58312500e-09 -4.48828525e-01 
 3.58412500e-09 -4.48828525e-01 
 3.58512500e-09 -4.48828525e-01 
 3.58612500e-09 -4.48828525e-01 
 3.58712500e-09 -4.48828525e-01 
 3.58812500e-09 -4.48828525e-01 
 3.58912500e-09 -4.48828525e-01 
 3.59012500e-09 -4.48828525e-01 
 3.59112500e-09 -4.48828525e-01 
 3.59212500e-09 -4.48828525e-01 
 3.59312500e-09 -4.48828525e-01 
 3.59412500e-09 -4.48828525e-01 
 3.59512500e-09 -4.48828525e-01 
 3.59612500e-09 -4.48828525e-01 
 3.59712500e-09 -4.48828525e-01 
 3.59812500e-09 -4.48828525e-01 
 3.59912500e-09 -4.48828525e-01 
 3.60012500e-09 -4.48828525e-01 
 3.60112500e-09 -4.48828525e-01 
 3.60212500e-09 -4.48828525e-01 
 3.60312500e-09 -4.48828525e-01 
 3.60412500e-09 -4.48828525e-01 
 3.60512500e-09 -4.48828525e-01 
 3.60612500e-09 -4.48828525e-01 
 3.60712500e-09 -4.48828525e-01 
 3.60812500e-09 -4.48828525e-01 
 3.60912500e-09 -4.48828525e-01 
 3.61012500e-09 -4.48828525e-01 
 3.61112500e-09 -4.48828525e-01 
 3.61212500e-09 -4.48828525e-01 
 3.61312500e-09 -4.48828525e-01 
 3.61412500e-09 -4.48828525e-01 
 3.61512500e-09 -4.48828525e-01 
 3.61612500e-09 -4.48828525e-01 
 3.61712500e-09 -4.48828525e-01 
 3.61812500e-09 -4.48828525e-01 
 3.61912500e-09 -4.48828525e-01 
 3.62012500e-09 -4.48828525e-01 
 3.62112500e-09 -4.48828525e-01 
 3.62212500e-09 -4.48828525e-01 
 3.62312500e-09 -4.48828525e-01 
 3.62412500e-09 -4.48828525e-01 
 3.62512500e-09 -4.48828525e-01 
 3.62612500e-09 -4.48828525e-01 
 3.62712500e-09 -4.48828525e-01 
 3.62812500e-09 -4.48828525e-01 
 3.62912500e-09 -4.48828525e-01 
 3.63012500e-09 -4.48828525e-01 
 3.63112500e-09 -4.48828525e-01 
 3.63212500e-09 -4.48828525e-01 
 3.63312500e-09 -4.48828525e-01 
 3.63412500e-09 -4.48828525e-01 
 3.63512500e-09 -4.48828525e-01 
 3.63612500e-09 -4.48828525e-01 
 3.63712500e-09 -4.48828525e-01 
 3.63812500e-09 -4.48828525e-01 
 3.63912500e-09 -4.48828525e-01 
 3.64012500e-09 -4.48828525e-01 
 3.64112500e-09 -4.48828525e-01 
 3.64212500e-09 -4.48828525e-01 
 3.64312500e-09 -4.48828525e-01 
 3.64412500e-09 -4.48828525e-01 
 3.64512500e-09 -4.48828525e-01 
 3.64612500e-09 -4.48828525e-01 
 3.64712500e-09 -4.48828525e-01 
 3.64812500e-09 -4.48828525e-01 
 3.64912500e-09 -4.48828525e-01 
 3.65012500e-09 -4.48828525e-01 
 3.65112500e-09 -4.48828525e-01 
 3.65212500e-09 -4.48828525e-01 
 3.65312500e-09 -4.48828525e-01 
 3.65412500e-09 -4.48828525e-01 
 3.65512500e-09 -4.48828525e-01 
 3.65612500e-09 -4.48828525e-01 
 3.65712500e-09 -4.48828525e-01 
 3.65812500e-09 -4.48828525e-01 
 3.65912500e-09 -4.48828525e-01 
 3.66012500e-09 -4.48828525e-01 
 3.66112500e-09 -4.48828525e-01 
 3.66212500e-09 -4.48828525e-01 
 3.66312500e-09 -4.48828525e-01 
 3.66412500e-09 -4.48828525e-01 
 3.66512500e-09 -4.48828525e-01 
 3.66612500e-09 -4.48828525e-01 
 3.66712500e-09 -4.48828525e-01 
 3.66812500e-09 -4.48828525e-01 
 3.66912500e-09 -4.48828525e-01 
 3.67012500e-09 -4.48828525e-01 
 3.67112500e-09 -4.48828525e-01 
 3.67212500e-09 -4.48828525e-01 
 3.67312500e-09 -4.48828525e-01 
 3.67412500e-09 -4.48828525e-01 
 3.67512500e-09 -4.48828525e-01 
 3.67612500e-09 -4.48828525e-01 
 3.67712500e-09 -4.48828525e-01 
 3.67812500e-09 -4.48828525e-01 
 3.67912500e-09 -4.48828525e-01 
 3.68012500e-09 -4.48828525e-01 
 3.68112500e-09 -4.48828525e-01 
 3.68212500e-09 -4.48828525e-01 
 3.68312500e-09 -4.48828525e-01 
 3.68412500e-09 -4.48828525e-01 
 3.68512500e-09 -4.48828525e-01 
 3.68612500e-09 -4.48828525e-01 
 3.68712500e-09 -4.48828525e-01 
 3.68812500e-09 -4.48828525e-01 
 3.68912500e-09 -4.48828525e-01 
 3.69012500e-09 -4.48828525e-01 
 3.69112500e-09 -4.48828525e-01 
 3.69212500e-09 -4.48828525e-01 
 3.69312500e-09 -4.48828525e-01 
 3.69412500e-09 -4.48828525e-01 
 3.69512500e-09 -4.48828525e-01 
 3.69612500e-09 -4.48828525e-01 
 3.69712500e-09 -4.48828525e-01 
 3.69812500e-09 -4.48828525e-01 
 3.69912500e-09 -4.48828525e-01 
 3.70012500e-09 -4.48828525e-01 
 3.70112500e-09 -4.48828525e-01 
 3.70212500e-09 -4.48828525e-01 
 3.70312500e-09 -4.48828525e-01 
 3.70412500e-09 -4.48828525e-01 
 3.70512500e-09 -4.48828525e-01 
 3.70612500e-09 -4.48828525e-01 
 3.70712500e-09 -4.48828525e-01 
 3.70812500e-09 -4.48828525e-01 
 3.70912500e-09 -4.48828525e-01 
 3.71012500e-09 -4.48828525e-01 
 3.71112500e-09 -4.48828525e-01 
 3.71212500e-09 -4.48828525e-01 
 3.71312500e-09 -4.48828525e-01 
 3.71412500e-09 -4.48828525e-01 
 3.71512500e-09 -4.48828525e-01 
 3.71612500e-09 -4.48828525e-01 
 3.71712500e-09 -4.48828525e-01 
 3.71812500e-09 -4.48828525e-01 
 3.71912500e-09 -4.48828525e-01 
 3.72012500e-09 -4.48828525e-01 
 3.72112500e-09 -4.48828525e-01 
 3.72212500e-09 -4.48828525e-01 
 3.72312500e-09 -4.48828525e-01 
 3.72412500e-09 -4.48828525e-01 
 3.72512500e-09 -4.48828525e-01 
 3.72612500e-09 -4.48828525e-01 
 3.72712500e-09 -4.48828525e-01 
 3.72812500e-09 -4.48828525e-01 
 3.72912500e-09 -4.48828525e-01 
 3.73012500e-09 -4.48828525e-01 
 3.73112500e-09 -4.48828525e-01 
 3.73212500e-09 -4.48828525e-01 
 3.73312500e-09 -4.48828525e-01 
 3.73412500e-09 -4.48828525e-01 
 3.73512500e-09 -4.48828525e-01 
 3.73612500e-09 -4.48828525e-01 
 3.73712500e-09 -4.48828525e-01 
 3.73812500e-09 -4.48828525e-01 
 3.73912500e-09 -4.48828525e-01 
 3.74012500e-09 -4.48828525e-01 
 3.74112500e-09 -4.48828525e-01 
 3.74212500e-09 -4.48828525e-01 
 3.74312500e-09 -4.48828525e-01 
 3.74412500e-09 -4.48828525e-01 
 3.74512500e-09 -4.48828525e-01 
 3.74612500e-09 -4.48828525e-01 
 3.74712500e-09 -4.48828525e-01 
 3.74812500e-09 -4.48828525e-01 
 3.74912500e-09 -4.48828525e-01 
 3.75012500e-09 -4.48828525e-01 
 3.75112500e-09 -4.48828525e-01 
 3.75212500e-09 -4.48828525e-01 
 3.75312500e-09 -4.48828525e-01 
 3.75412500e-09 -4.48828525e-01 
 3.75512500e-09 -4.48828525e-01 
 3.75612500e-09 -4.48828525e-01 
 3.75712500e-09 -4.48828525e-01 
 3.75812500e-09 -4.48828525e-01 
 3.75912500e-09 -4.48828525e-01 
 3.76012500e-09 -4.48828525e-01 
 3.76112500e-09 -4.48828525e-01 
 3.76212500e-09 -4.48828525e-01 
 3.76312500e-09 -4.48828525e-01 
 3.76412500e-09 -4.48828525e-01 
 3.76512500e-09 -4.48828525e-01 
 3.76612500e-09 -4.48828525e-01 
 3.76712500e-09 -4.48828525e-01 
 3.76812500e-09 -4.48828525e-01 
 3.76912500e-09 -4.48828525e-01 
 3.77012500e-09 -4.48828525e-01 
 3.77112500e-09 -4.48828525e-01 
 3.77212500e-09 -4.48828525e-01 
 3.77312500e-09 -4.48828525e-01 
 3.77412500e-09 -4.48828525e-01 
 3.77512500e-09 -4.48828525e-01 
 3.77612500e-09 -4.48828525e-01 
 3.77712500e-09 -4.48828525e-01 
 3.77812500e-09 -4.48828525e-01 
 3.77912500e-09 -4.48828525e-01 
 3.78012500e-09 -4.48828525e-01 
 3.78112500e-09 -4.48828525e-01 
 3.78212500e-09 -4.48828525e-01 
 3.78312500e-09 -4.48828525e-01 
 3.78412500e-09 -4.48828525e-01 
 3.78512500e-09 -4.48828525e-01 
 3.78612500e-09 -4.48828525e-01 
 3.78712500e-09 -4.48828525e-01 
 3.78812500e-09 -4.48828525e-01 
 3.78912500e-09 -4.48828525e-01 
 3.79012500e-09 -4.48828525e-01 
 3.79112500e-09 -4.48828525e-01 
 3.79212500e-09 -4.48828525e-01 
 3.79312500e-09 -4.48828525e-01 
 3.79412500e-09 -4.48828525e-01 
 3.79512500e-09 -4.48828525e-01 
 3.79612500e-09 -4.48828525e-01 
 3.79712500e-09 -4.48828525e-01 
 3.79812500e-09 -4.48828525e-01 
 3.79912500e-09 -4.48828525e-01 
 3.80012500e-09 -4.48828525e-01 
 3.80112500e-09 -4.48828525e-01 
 3.80212500e-09 -4.48828525e-01 
 3.80312500e-09 -4.48828525e-01 
 3.80412500e-09 -4.48828525e-01 
 3.80512500e-09 -4.48828525e-01 
 3.80612500e-09 -4.48828525e-01 
 3.80712500e-09 -4.48828525e-01 
 3.80812500e-09 -4.48828525e-01 
 3.80912500e-09 -4.48828525e-01 
 3.81012500e-09 -4.48828525e-01 
 3.81112500e-09 -4.48828525e-01 
 3.81212500e-09 -4.48828525e-01 
 3.81312500e-09 -4.48828525e-01 
 3.81412500e-09 -4.48828525e-01 
 3.81512500e-09 -4.48828525e-01 
 3.81612500e-09 -4.48828525e-01 
 3.81712500e-09 -4.48828525e-01 
 3.81812500e-09 -4.48828525e-01 
 3.81912500e-09 -4.48828525e-01 
 3.82012500e-09 -4.48828525e-01 
 3.82112500e-09 -4.48828525e-01 
 3.82212500e-09 -4.48828525e-01 
 3.82312500e-09 -4.48828525e-01 
 3.82412500e-09 -4.48828525e-01 
 3.82512500e-09 -4.48828525e-01 
 3.82612500e-09 -4.48828525e-01 
 3.82712500e-09 -4.48828525e-01 
 3.82812500e-09 -4.48828525e-01 
 3.82912500e-09 -4.48828525e-01 
 3.83012500e-09 -4.48828525e-01 
 3.83112500e-09 -4.48828525e-01 
 3.83212500e-09 -4.48828525e-01 
 3.83312500e-09 -4.48828525e-01 
 3.83412500e-09 -4.48828525e-01 
 3.83512500e-09 -4.48828525e-01 
 3.83612500e-09 -4.48828525e-01 
 3.83712500e-09 -4.48828525e-01 
 3.83812500e-09 -4.48828525e-01 
 3.83912500e-09 -4.48828525e-01 
 3.84012500e-09 -4.48828525e-01 
 3.84112500e-09 -4.48828525e-01 
 3.84212500e-09 -4.48828525e-01 
 3.84312500e-09 -4.48828525e-01 
 3.84412500e-09 -4.48828525e-01 
 3.84512500e-09 -4.48828525e-01 
 3.84612500e-09 -4.48828525e-01 
 3.84712500e-09 -4.48828525e-01 
 3.84812500e-09 -4.48828525e-01 
 3.84912500e-09 -4.48828525e-01 
 3.85012500e-09 -4.48828525e-01 
 3.85112500e-09 -4.48828525e-01 
 3.85212500e-09 -4.48828525e-01 
 3.85312500e-09 -4.48828525e-01 
 3.85412500e-09 -4.48828525e-01 
 3.85512500e-09 -4.48828525e-01 
 3.85612500e-09 -4.48828525e-01 
 3.85712500e-09 -4.48828525e-01 
 3.85812500e-09 -4.48828525e-01 
 3.85912500e-09 -4.48828525e-01 
 3.86012500e-09 -4.48828525e-01 
 3.86112500e-09 -4.48828525e-01 
 3.86212500e-09 -4.48828525e-01 
 3.86312500e-09 -4.48828525e-01 
 3.86412500e-09 -4.48828525e-01 
 3.86512500e-09 -4.48828525e-01 
 3.86612500e-09 -4.48828525e-01 
 3.86712500e-09 -4.48828525e-01 
 3.86812500e-09 -4.48828525e-01 
 3.86912500e-09 -4.48828525e-01 
 3.87012500e-09 -4.48828525e-01 
 3.87112500e-09 -4.48828525e-01 
 3.87212500e-09 -4.48828525e-01 
 3.87312500e-09 -4.48828525e-01 
 3.87412500e-09 -4.48828525e-01 
 3.87512500e-09 -4.48828525e-01 
 3.87612500e-09 -4.48828525e-01 
 3.87712500e-09 -4.48828525e-01 
 3.87812500e-09 -4.48828525e-01 
 3.87912500e-09 -4.48828525e-01 
 3.88012500e-09 -4.48828525e-01 
 3.88112500e-09 -4.48828525e-01 
 3.88212500e-09 -4.48828525e-01 
 3.88312500e-09 -4.48828525e-01 
 3.88412500e-09 -4.48828525e-01 
 3.88512500e-09 -4.48828525e-01 
 3.88612500e-09 -4.48828525e-01 
 3.88712500e-09 -4.48828525e-01 
 3.88812500e-09 -4.48828525e-01 
 3.88912500e-09 -4.48828525e-01 
 3.89012500e-09 -4.48828525e-01 
 3.89112500e-09 -4.48828525e-01 
 3.89212500e-09 -4.48828525e-01 
 3.89312500e-09 -4.48828525e-01 
 3.89412500e-09 -4.48828525e-01 
 3.89512500e-09 -4.48828525e-01 
 3.89612500e-09 -4.48828525e-01 
 3.89712500e-09 -4.48828525e-01 
 3.89812500e-09 -4.48828525e-01 
 3.89912500e-09 -4.48828525e-01 
 3.90012500e-09 -4.48828525e-01 
 3.90112500e-09 -4.48828525e-01 
 3.90212500e-09 -4.48828525e-01 
 3.90312500e-09 -4.48828525e-01 
 3.90412500e-09 -4.48828525e-01 
 3.90512500e-09 -4.48828525e-01 
 3.90612500e-09 -4.48828525e-01 
 3.90712500e-09 -4.48828525e-01 
 3.90812500e-09 -4.48828525e-01 
 3.90912500e-09 -4.48828525e-01 
 3.91012500e-09 -4.48828525e-01 
 3.91112500e-09 -4.48828525e-01 
 3.91212500e-09 -4.48828525e-01 
 3.91312500e-09 -4.48828525e-01 
 3.91412500e-09 -4.48828525e-01 
 3.91512500e-09 -4.48828525e-01 
 3.91612500e-09 -4.48828525e-01 
 3.91712500e-09 -4.48828525e-01 
 3.91812500e-09 -4.48828525e-01 
 3.91912500e-09 -4.48828525e-01 
 3.92012500e-09 -4.48828525e-01 
 3.92112500e-09 -4.48828525e-01 
 3.92212500e-09 -4.48828525e-01 
 3.92312500e-09 -4.48828525e-01 
 3.92412500e-09 -4.48828525e-01 
 3.92512500e-09 -4.48828524e-01 
 3.92612500e-09 -4.48828524e-01 
 3.92712500e-09 -4.48828524e-01 
 3.92812500e-09 -4.48828524e-01 
 3.92912500e-09 -4.48828524e-01 
 3.93012500e-09 -4.48828524e-01 
 3.93112500e-09 -4.48828524e-01 
 3.93212500e-09 -4.48828524e-01 
 3.93312500e-09 -4.48828524e-01 
 3.93412500e-09 -4.48828524e-01 
 3.93512500e-09 -4.48828524e-01 
 3.93612500e-09 -4.48828524e-01 
 3.93712500e-09 -4.48828524e-01 
 3.93812500e-09 -4.48828524e-01 
 3.93912500e-09 -4.48828524e-01 
 3.94012500e-09 -4.48828524e-01 
 3.94112500e-09 -4.48828524e-01 
 3.94212500e-09 -4.48828524e-01 
 3.94312500e-09 -4.48828524e-01 
 3.94412500e-09 -4.48828524e-01 
 3.94512500e-09 -4.48828524e-01 
 3.94612500e-09 -4.48828524e-01 
 3.94712500e-09 -4.48828524e-01 
 3.94812500e-09 -4.48828524e-01 
 3.94912500e-09 -4.48828524e-01 
 3.95012500e-09 -4.48828524e-01 
 3.95112500e-09 -4.48828524e-01 
 3.95212500e-09 -4.48828524e-01 
 3.95312500e-09 -4.48828524e-01 
 3.95412500e-09 -4.48828524e-01 
 3.95512500e-09 -4.48828524e-01 
 3.95612500e-09 -4.48828524e-01 
 3.95712500e-09 -4.48828524e-01 
 3.95812500e-09 -4.48828524e-01 
 3.95912500e-09 -4.48828524e-01 
 3.96012500e-09 -4.48828524e-01 
 3.96112500e-09 -4.48828524e-01 
 3.96212500e-09 -4.48828524e-01 
 3.96312500e-09 -4.48828524e-01 
 3.96412500e-09 -4.48828524e-01 
 3.96512500e-09 -4.48828524e-01 
 3.96612500e-09 -4.48828524e-01 
 3.96712500e-09 -4.48828524e-01 
 3.96812500e-09 -4.48828524e-01 
 3.96912500e-09 -4.48828524e-01 
 3.97012500e-09 -4.48828524e-01 
 3.97112500e-09 -4.48828524e-01 
 3.97212500e-09 -4.48828524e-01 
 3.97312500e-09 -4.48828524e-01 
 3.97412500e-09 -4.48828524e-01 
 3.97512500e-09 -4.48828524e-01 
 3.97612500e-09 -4.48828524e-01 
 3.97712500e-09 -4.48828524e-01 
 3.97812500e-09 -4.48828524e-01 
 3.97912500e-09 -4.48828524e-01 
 3.98012500e-09 -4.48828524e-01 
 3.98112500e-09 -4.48828524e-01 
 3.98212500e-09 -4.48828524e-01 
 3.98312500e-09 -4.48828524e-01 
 3.98412500e-09 -4.48828524e-01 
 3.98512500e-09 -4.48828524e-01 
 3.98612500e-09 -4.48828524e-01 
 3.98712500e-09 -4.48828524e-01 
 3.98812500e-09 -4.48828524e-01 
 3.98912500e-09 -4.48828524e-01 
 3.99012500e-09 -4.48828524e-01 
 3.99112500e-09 -4.48828524e-01 
 3.99212500e-09 -4.48828524e-01 
 3.99312500e-09 -4.48828524e-01 
 3.99412500e-09 -4.48828524e-01 
 3.99512500e-09 -4.48828524e-01 
 3.99612500e-09 -4.48828524e-01 
 3.99712500e-09 -4.48828524e-01 
 3.99812500e-09 -4.48828524e-01 
 3.99912500e-09 -4.48828524e-01 
 4.00012500e-09 -4.48828524e-01 
 4.00112500e-09 -4.48828524e-01 
 4.00212500e-09 -4.48828524e-01 
 4.00312500e-09 -4.48828524e-01 
 4.00412500e-09 -4.48828524e-01 
 4.00512500e-09 -4.48828524e-01 
 4.00612500e-09 -4.48828524e-01 
 4.00712500e-09 -4.48828524e-01 
 4.00812500e-09 -4.48828524e-01 
 4.00912500e-09 -4.48828524e-01 
 4.01012500e-09 -4.48828524e-01 
 4.01112500e-09 -4.48828524e-01 
 4.01212500e-09 -4.48828524e-01 
 4.01312500e-09 -4.48828524e-01 
 4.01412500e-09 -4.48828524e-01 
 4.01512500e-09 -4.48828524e-01 
 4.01612500e-09 -4.48828524e-01 
 4.01712500e-09 -4.48828524e-01 
 4.01812500e-09 -4.48828524e-01 
 4.01912500e-09 -4.48828524e-01 
 4.02012500e-09 -4.48828524e-01 
 4.02112500e-09 -4.48828524e-01 
 4.02212500e-09 -4.48828524e-01 
 4.02312500e-09 -4.48828524e-01 
 4.02412500e-09 -4.48828524e-01 
 4.02512500e-09 -4.48828524e-01 
 4.02612500e-09 -4.48828524e-01 
 4.02712500e-09 -4.48828524e-01 
 4.02812500e-09 -4.48828524e-01 
 4.02912500e-09 -4.48828524e-01 
 4.03012500e-09 -4.48828524e-01 
 4.03112500e-09 -4.48828524e-01 
 4.03212500e-09 -4.48828524e-01 
 4.03312500e-09 -4.48828524e-01 
 4.03412500e-09 -4.48828524e-01 
 4.03512500e-09 -4.48828524e-01 
 4.03612500e-09 -4.48828524e-01 
 4.03712500e-09 -4.48828524e-01 
 4.03812500e-09 -4.48828524e-01 
 4.03912500e-09 -4.48828524e-01 
 4.04012500e-09 -4.48828524e-01 
 4.04112500e-09 -4.48828524e-01 
 4.04212500e-09 -4.48828524e-01 
 4.04312500e-09 -4.48828524e-01 
 4.04412500e-09 -4.48828524e-01 
 4.04512500e-09 -4.48828524e-01 
 4.04612500e-09 -4.48828524e-01 
 4.04712500e-09 -4.48828524e-01 
 4.04812500e-09 -4.48828524e-01 
 4.04912500e-09 -4.48828524e-01 
 4.05012500e-09 -4.48828524e-01 
 4.05112500e-09 -4.48828524e-01 
 4.05212500e-09 -4.48828524e-01 
 4.05312500e-09 -4.48828524e-01 
 4.05412500e-09 -4.48828524e-01 
 4.05512500e-09 -4.48828524e-01 
 4.05612500e-09 -4.48828524e-01 
 4.05712500e-09 -4.48828524e-01 
 4.05812500e-09 -4.48828524e-01 
 4.05912500e-09 -4.48828524e-01 
 4.06012500e-09 -4.48828524e-01 
 4.06112500e-09 -4.48828524e-01 
 4.06212500e-09 -4.48828524e-01 
 4.06312500e-09 -4.48828524e-01 
 4.06412500e-09 -4.48828524e-01 
 4.06512500e-09 -4.48828524e-01 
 4.06612500e-09 -4.48828524e-01 
 4.06712500e-09 -4.48828524e-01 
 4.06812500e-09 -4.48828524e-01 
 4.06912500e-09 -4.48828524e-01 
 4.07012500e-09 -4.48828524e-01 
 4.07112500e-09 -4.48828524e-01 
 4.07212500e-09 -4.48828524e-01 
 4.07312500e-09 -4.48828524e-01 
 4.07412500e-09 -4.48828524e-01 
 4.07512500e-09 -4.48828524e-01 
 4.07612500e-09 -4.48828524e-01 
 4.07712500e-09 -4.48828524e-01 
 4.07812500e-09 -4.48828524e-01 
 4.07912500e-09 -4.48828524e-01 
 4.08012500e-09 -4.48828524e-01 
 4.08112500e-09 -4.48828524e-01 
 4.08212500e-09 -4.48828524e-01 
 4.08312500e-09 -4.48828524e-01 
 4.08412500e-09 -4.48828524e-01 
 4.08512500e-09 -4.48828524e-01 
 4.08612500e-09 -4.48828524e-01 
 4.08712500e-09 -4.48828524e-01 
 4.08812500e-09 -4.48828524e-01 
 4.08912500e-09 -4.48828524e-01 
 4.09012500e-09 -4.48828524e-01 
 4.09112500e-09 -4.48828524e-01 
 4.09212500e-09 -4.48828524e-01 
 4.09312500e-09 -4.48828524e-01 
 4.09412500e-09 -4.48828524e-01 
 4.09512500e-09 -4.48828524e-01 
 4.09612500e-09 -4.48828524e-01 
 4.09712500e-09 -4.48828524e-01 
 4.09812500e-09 -4.48828524e-01 
 4.09912500e-09 -4.48828524e-01 
 4.10012500e-09 -4.48828524e-01 
 4.10112500e-09 -4.48828524e-01 
 4.10212500e-09 -4.48828524e-01 
 4.10312500e-09 -4.48828524e-01 
 4.10412500e-09 -4.48828524e-01 
 4.10512500e-09 -4.48828524e-01 
 4.10612500e-09 -4.48828524e-01 
 4.10712500e-09 -4.48828524e-01 
 4.10812500e-09 -4.48828524e-01 
 4.10912500e-09 -4.48828524e-01 
 4.11012500e-09 -4.48828524e-01 
 4.11112500e-09 -4.48828524e-01 
 4.11212500e-09 -4.48828524e-01 
 4.11312500e-09 -4.48828524e-01 
 4.11412500e-09 -4.48828524e-01 
 4.11512500e-09 -4.48828524e-01 
 4.11612500e-09 -4.48828524e-01 
 4.11712500e-09 -4.48828524e-01 
 4.11812500e-09 -4.48828524e-01 
 4.11912500e-09 -4.48828524e-01 
 4.12012500e-09 -4.48828524e-01 
 4.12112500e-09 -4.48828524e-01 
 4.12212500e-09 -4.48828524e-01 
 4.12312500e-09 -4.48828524e-01 
 4.12412500e-09 -4.48828524e-01 
 4.12512500e-09 -4.48828524e-01 
 4.12612500e-09 -4.48828524e-01 
 4.12712500e-09 -4.48828524e-01 
 4.12812500e-09 -4.48828524e-01 
 4.12912500e-09 -4.48828524e-01 
 4.13012500e-09 -4.48828524e-01 
 4.13112500e-09 -4.48828524e-01 
 4.13212500e-09 -4.48828524e-01 
 4.13312500e-09 -4.48828524e-01 
 4.13412500e-09 -4.48828524e-01 
 4.13512500e-09 -4.48828524e-01 
 4.13612500e-09 -4.48828524e-01 
 4.13712500e-09 -4.48828524e-01 
 4.13812500e-09 -4.48828524e-01 
 4.13912500e-09 -4.48828524e-01 
 4.14012500e-09 -4.48828524e-01 
 4.14112500e-09 -4.48828524e-01 
 4.14212500e-09 -4.48828524e-01 
 4.14312500e-09 -4.48828524e-01 
 4.14412500e-09 -4.48828524e-01 
 4.14512500e-09 -4.48828524e-01 
 4.14612500e-09 -4.48828524e-01 
 4.14712500e-09 -4.48828524e-01 
 4.14812500e-09 -4.48828524e-01 
 4.14912500e-09 -4.48828524e-01 
 4.15012500e-09 -4.48828524e-01 
 4.15112500e-09 -4.48828524e-01 
 4.15212500e-09 -4.48828524e-01 
 4.15312500e-09 -4.48828524e-01 
 4.15412500e-09 -4.48828524e-01 
 4.15512500e-09 -4.48828524e-01 
 4.15612500e-09 -4.48828524e-01 
 4.15712500e-09 -4.48828524e-01 
 4.15812500e-09 -4.48828524e-01 
 4.15912500e-09 -4.48828524e-01 
 4.16012500e-09 -4.48828524e-01 
 4.16112500e-09 -4.48828524e-01 
 4.16212500e-09 -4.48828524e-01 
 4.16312500e-09 -4.48828524e-01 
 4.16412500e-09 -4.48828524e-01 
 4.16512500e-09 -4.48828524e-01 
 4.16612500e-09 -4.48828524e-01 
 4.16712500e-09 -4.48828524e-01 
 4.16812500e-09 -4.48828524e-01 
 4.16912500e-09 -4.48828524e-01 
 4.17012500e-09 -4.48828524e-01 
 4.17112500e-09 -4.48828524e-01 
 4.17212500e-09 -4.48828524e-01 
 4.17312500e-09 -4.48828524e-01 
 4.17412500e-09 -4.48828524e-01 
 4.17425000e-09 -4.48828524e-01 
 4.17450000e-09 -4.48828524e-01 
 4.17500000e-09 -4.48828524e-01 
 4.17600000e-09 -4.48828524e-01 
 4.17700000e-09 -4.48828524e-01 
 4.17800000e-09 -4.48828524e-01 
 4.17900000e-09 -4.48828524e-01 
 4.18000000e-09 -4.48828524e-01 
 4.18100000e-09 -4.48828524e-01 
 4.18200000e-09 -4.48828524e-01 
 4.18300000e-09 -4.48828524e-01 
 4.18400000e-09 -4.48828524e-01 
 4.18500000e-09 -4.48828524e-01 
 4.18600000e-09 -4.48828524e-01 
 4.18700000e-09 -4.48828524e-01 
 4.18800000e-09 -4.48828524e-01 
 4.18900000e-09 -4.48828524e-01 
 4.19000000e-09 -4.48828524e-01 
 4.19100000e-09 -4.48828524e-01 
 4.19200000e-09 -4.48828524e-01 
 4.19300000e-09 -4.48828524e-01 
 4.19400000e-09 -4.48828524e-01 
 4.19500000e-09 -4.48828524e-01 
 4.19600000e-09 -4.48828524e-01 
 4.19700000e-09 -4.48828524e-01 
 4.19800000e-09 -4.48828524e-01 
 4.19900000e-09 -4.48828524e-01 
 4.20000000e-09 -4.48828524e-01 
 4.20100000e-09 -4.48828524e-01 
 4.20200000e-09 -4.48828524e-01 
 4.20300000e-09 -4.48828524e-01 
 4.20400000e-09 -4.48828524e-01 
 4.20500000e-09 -4.48828524e-01 
 4.20600000e-09 -4.48828524e-01 
 4.20700000e-09 -4.48828524e-01 
 4.20800000e-09 -4.48828524e-01 
 4.20900000e-09 -4.48828524e-01 
 4.21000000e-09 -4.48828524e-01 
 4.21100000e-09 -4.48828524e-01 
 4.21200000e-09 -4.48828524e-01 
 4.21300000e-09 -4.48828524e-01 
 4.21400000e-09 -4.48828524e-01 
 4.21500000e-09 -4.48828524e-01 
 4.21600000e-09 -4.48828524e-01 
 4.21700000e-09 -4.48828524e-01 
 4.21800000e-09 -4.48828524e-01 
 4.21900000e-09 -4.48828524e-01 
 4.22000000e-09 -4.48828524e-01 
 4.22100000e-09 -4.48828524e-01 
 4.22200000e-09 -4.48828524e-01 
 4.22300000e-09 -4.48828524e-01 
 4.22400000e-09 -4.48828524e-01 
 4.22500000e-09 -4.48828524e-01 
 4.22600000e-09 -4.48828524e-01 
 4.22700000e-09 -4.48828524e-01 
 4.22800000e-09 -4.48828524e-01 
 4.22900000e-09 -4.48828524e-01 
 4.23000000e-09 -4.48828524e-01 
 4.23100000e-09 -4.48828524e-01 
 4.23200000e-09 -4.48828524e-01 
 4.23300000e-09 -4.48828524e-01 
 4.23400000e-09 -4.48828524e-01 
 4.23500000e-09 -4.48828524e-01 
 4.23600000e-09 -4.48828524e-01 
 4.23700000e-09 -4.48828524e-01 
 4.23800000e-09 -4.48828524e-01 
 4.23900000e-09 -4.48828524e-01 
 4.24000000e-09 -4.48828524e-01 
 4.24100000e-09 -4.48828524e-01 
 4.24200000e-09 -4.48828524e-01 
 4.24300000e-09 -4.48828524e-01 
 4.24400000e-09 -4.48828524e-01 
 4.24500000e-09 -4.48828524e-01 
 4.24600000e-09 -4.48828524e-01 
 4.24700000e-09 -4.48828524e-01 
 4.24800000e-09 -4.48828524e-01 
 4.24900000e-09 -4.48828524e-01 
 4.25000000e-09 -4.48828524e-01 
 4.25100000e-09 -4.48828524e-01 
 4.25200000e-09 -4.48828524e-01 
 4.25300000e-09 -4.48828524e-01 
 4.25400000e-09 -4.48828524e-01 
 4.25500000e-09 -4.48828524e-01 
 4.25600000e-09 -4.48828524e-01 
 4.25700000e-09 -4.48828524e-01 
 4.25800000e-09 -4.48828524e-01 
 4.25900000e-09 -4.48828524e-01 
 4.26000000e-09 -4.48828524e-01 
 4.26100000e-09 -4.48828524e-01 
 4.26200000e-09 -4.48828524e-01 
 4.26300000e-09 -4.48828524e-01 
 4.26400000e-09 -4.48828524e-01 
 4.26500000e-09 -4.48828524e-01 
 4.26600000e-09 -4.48828524e-01 
 4.26700000e-09 -4.48828524e-01 
 4.26800000e-09 -4.48828524e-01 
 4.26900000e-09 -4.48828524e-01 
 4.27000000e-09 -4.48828524e-01 
 4.27100000e-09 -4.48828524e-01 
 4.27200000e-09 -4.48828524e-01 
 4.27300000e-09 -4.48828524e-01 
 4.27400000e-09 -4.48828524e-01 
 4.27500000e-09 -4.48828524e-01 
 4.27600000e-09 -4.48828524e-01 
 4.27700000e-09 -4.48828524e-01 
 4.27800000e-09 -4.48828524e-01 
 4.27900000e-09 -4.48828524e-01 
 4.28000000e-09 -4.48828524e-01 
 4.28100000e-09 -4.48828524e-01 
 4.28200000e-09 -4.48828524e-01 
 4.28300000e-09 -4.48828524e-01 
 4.28400000e-09 -4.48828524e-01 
 4.28500000e-09 -4.48828524e-01 
 4.28600000e-09 -4.48828524e-01 
 4.28700000e-09 -4.48828524e-01 
 4.28800000e-09 -4.48828524e-01 
 4.28900000e-09 -4.48828524e-01 
 4.29000000e-09 -4.48828524e-01 
 4.29100000e-09 -4.48828524e-01 
 4.29200000e-09 -4.48828524e-01 
 4.29300000e-09 -4.48828524e-01 
 4.29400000e-09 -4.48828524e-01 
 4.29500000e-09 -4.48828524e-01 
 4.29600000e-09 -4.48828524e-01 
 4.29700000e-09 -4.48828524e-01 
 4.29800000e-09 -4.48828524e-01 
 4.29900000e-09 -4.48828524e-01 
 4.30000000e-09 -4.48828524e-01 
 4.30100000e-09 -4.48828524e-01 
 4.30200000e-09 -4.48828524e-01 
 4.30300000e-09 -4.48828524e-01 
 4.30400000e-09 -4.48828524e-01 
 4.30500000e-09 -4.48828524e-01 
 4.30600000e-09 -4.48828524e-01 
 4.30700000e-09 -4.48828524e-01 
 4.30800000e-09 -4.48828524e-01 
 4.30900000e-09 -4.48828524e-01 
 4.31000000e-09 -4.48828524e-01 
 4.31100000e-09 -4.48828524e-01 
 4.31200000e-09 -4.48828524e-01 
 4.31300000e-09 -4.48828524e-01 
 4.31400000e-09 -4.48828524e-01 
 4.31500000e-09 -4.48828524e-01 
 4.31600000e-09 -4.48828524e-01 
 4.31700000e-09 -4.48828524e-01 
 4.31800000e-09 -4.48828524e-01 
 4.31812500e-09 -4.48828524e-01 
 4.31837500e-09 -4.48828524e-01 
 4.31887500e-09 -4.48828524e-01 
 4.31987500e-09 -4.48828524e-01 
 4.32087500e-09 -4.48828524e-01 
 4.32187500e-09 -4.48828524e-01 
 4.32287500e-09 -4.48828524e-01 
 4.32387500e-09 -4.48828524e-01 
 4.32487500e-09 -4.48828524e-01 
 4.32587500e-09 -4.48828524e-01 
 4.32687500e-09 -4.48828524e-01 
 4.32787500e-09 -4.48828524e-01 
 4.32887500e-09 -4.48828524e-01 
 4.32987500e-09 -4.48828524e-01 
 4.33087500e-09 -4.48828524e-01 
 4.33187500e-09 -4.48828524e-01 
 4.33287500e-09 -4.48828524e-01 
 4.33387500e-09 -4.48828524e-01 
 4.33487500e-09 -4.48828524e-01 
 4.33587500e-09 -4.48828524e-01 
 4.33687500e-09 -4.48828524e-01 
 4.33787500e-09 -4.48828524e-01 
 4.33887500e-09 -4.48828524e-01 
 4.33987500e-09 -4.48828524e-01 
 4.34087500e-09 -4.48828524e-01 
 4.34187500e-09 -4.48828524e-01 
 4.34287500e-09 -4.48828524e-01 
 4.34387500e-09 -4.48828524e-01 
 4.34487500e-09 -4.48828524e-01 
 4.34587500e-09 -4.48828524e-01 
 4.34687500e-09 -4.48828524e-01 
 4.34787500e-09 -4.48828524e-01 
 4.34887500e-09 -4.48828524e-01 
 4.34987500e-09 -4.48828524e-01 
 4.35087500e-09 -4.48828524e-01 
 4.35187500e-09 -4.48828524e-01 
 4.35287500e-09 -4.48828524e-01 
 4.35387500e-09 -4.48828524e-01 
 4.35487500e-09 -4.48828524e-01 
 4.35587500e-09 -4.48828524e-01 
 4.35687500e-09 -4.48828524e-01 
 4.35787500e-09 -4.48828524e-01 
 4.35887500e-09 -4.48828524e-01 
 4.35987500e-09 -4.48828524e-01 
 4.36087500e-09 -4.48828524e-01 
 4.36187500e-09 -4.48828524e-01 
 4.36287500e-09 -4.48828524e-01 
 4.36387500e-09 -4.48828524e-01 
 4.36487500e-09 -4.48828524e-01 
 4.36587500e-09 -4.48828524e-01 
 4.36687500e-09 -4.48828524e-01 
 4.36787500e-09 -4.48828524e-01 
 4.36887500e-09 -4.48828524e-01 
 4.36987500e-09 -4.48828524e-01 
 4.37087500e-09 -4.48828524e-01 
 4.37187500e-09 -4.48828524e-01 
 4.37287500e-09 -4.48828524e-01 
 4.37387500e-09 -4.48828524e-01 
 4.37487500e-09 -4.48828524e-01 
 4.37587500e-09 -4.48828524e-01 
 4.37687500e-09 -4.48828524e-01 
 4.37787500e-09 -4.48828524e-01 
 4.37887500e-09 -4.48828524e-01 
 4.37987500e-09 -4.48828524e-01 
 4.38087500e-09 -4.48828524e-01 
 4.38187500e-09 -4.48828524e-01 
 4.38287500e-09 -4.48828524e-01 
 4.38387500e-09 -4.48828524e-01 
 4.38487500e-09 -4.48828524e-01 
 4.38587500e-09 -4.48828524e-01 
 4.38687500e-09 -4.48828524e-01 
 4.38787500e-09 -4.48828524e-01 
 4.38887500e-09 -4.48828524e-01 
 4.38987500e-09 -4.48828524e-01 
 4.39087500e-09 -4.48828524e-01 
 4.39187500e-09 -4.48828524e-01 
 4.39287500e-09 -4.48828524e-01 
 4.39387500e-09 -4.48828524e-01 
 4.39487500e-09 -4.48828524e-01 
 4.39587500e-09 -4.48828524e-01 
 4.39687500e-09 -4.48828524e-01 
 4.39787500e-09 -4.48828524e-01 
 4.39887500e-09 -4.48828524e-01 
 4.39987500e-09 -4.48828524e-01 
 4.40087500e-09 -4.48828524e-01 
 4.40187500e-09 -4.48828524e-01 
 4.40287500e-09 -4.48828524e-01 
 4.40387500e-09 -4.48828524e-01 
 4.40487500e-09 -4.48828524e-01 
 4.40587500e-09 -4.48828524e-01 
 4.40687500e-09 -4.48828524e-01 
 4.40787500e-09 -4.48828524e-01 
 4.40887500e-09 -4.48828524e-01 
 4.40987500e-09 -4.48828524e-01 
 4.41087500e-09 -4.48828524e-01 
 4.41187500e-09 -4.48828524e-01 
 4.41287500e-09 -4.48828524e-01 
 4.41387500e-09 -4.48828524e-01 
 4.41487500e-09 -4.48828524e-01 
 4.41587500e-09 -4.48828524e-01 
 4.41687500e-09 -4.48828524e-01 
 4.41787500e-09 -4.48828524e-01 
 4.41887500e-09 -4.48828524e-01 
 4.41987500e-09 -4.48828524e-01 
 4.42087500e-09 -4.48828524e-01 
 4.42187500e-09 -4.48828524e-01 
 4.42287500e-09 -4.48828524e-01 
 4.42387500e-09 -4.48828524e-01 
 4.42487500e-09 -4.48828524e-01 
 4.42587500e-09 -4.48828524e-01 
 4.42687500e-09 -4.48828524e-01 
 4.42787500e-09 -4.48828524e-01 
 4.42887500e-09 -4.48828524e-01 
 4.42987500e-09 -4.48828524e-01 
 4.43087500e-09 -4.48828524e-01 
 4.43187500e-09 -4.48828524e-01 
 4.43287500e-09 -4.48828524e-01 
 4.43387500e-09 -4.48828524e-01 
 4.43487500e-09 -4.48828524e-01 
 4.43587500e-09 -4.48828524e-01 
 4.43687500e-09 -4.48828524e-01 
 4.43787500e-09 -4.48828524e-01 
 4.43887500e-09 -4.48828524e-01 
 4.43987500e-09 -4.48828524e-01 
 4.44087500e-09 -4.48828524e-01 
 4.44187500e-09 -4.48828524e-01 
 4.44287500e-09 -4.48828524e-01 
 4.44387500e-09 -4.48828524e-01 
 4.44487500e-09 -4.48828524e-01 
 4.44587500e-09 -4.48828524e-01 
 4.44687500e-09 -4.48828524e-01 
 4.44787500e-09 -4.48828524e-01 
 4.44887500e-09 -4.48828524e-01 
 4.44987500e-09 -4.48828524e-01 
 4.45087500e-09 -4.48828524e-01 
 4.45187500e-09 -4.48828524e-01 
 4.45287500e-09 -4.48828524e-01 
 4.45387500e-09 -4.48828524e-01 
 4.45487500e-09 -4.48828524e-01 
 4.45587500e-09 -4.48828524e-01 
 4.45687500e-09 -4.48828524e-01 
 4.45787500e-09 -4.48828524e-01 
 4.45887500e-09 -4.48828524e-01 
 4.45987500e-09 -4.48828524e-01 
 4.46087500e-09 -4.48828524e-01 
 4.46187500e-09 -4.48828524e-01 
 4.46287500e-09 -4.48828524e-01 
 4.46387500e-09 -4.48828524e-01 
 4.46487500e-09 -4.48828524e-01 
 4.46587500e-09 -4.48828524e-01 
 4.46687500e-09 -4.48828524e-01 
 4.46787500e-09 -4.48828524e-01 
 4.46887500e-09 -4.48828524e-01 
 4.46987500e-09 -4.48828524e-01 
 4.47087500e-09 -4.48828524e-01 
 4.47187500e-09 -4.48828524e-01 
 4.47287500e-09 -4.48828524e-01 
 4.47387500e-09 -4.48828524e-01 
 4.47487500e-09 -4.48828524e-01 
 4.47587500e-09 -4.48828524e-01 
 4.47687500e-09 -4.48828524e-01 
 4.47787500e-09 -4.48828524e-01 
 4.47887500e-09 -4.48828524e-01 
 4.47987500e-09 -4.48828524e-01 
 4.48087500e-09 -4.48828524e-01 
 4.48187500e-09 -4.48828524e-01 
 4.48287500e-09 -4.48828524e-01 
 4.48387500e-09 -4.48828524e-01 
 4.48487500e-09 -4.48828524e-01 
 4.48587500e-09 -4.48828524e-01 
 4.48687500e-09 -4.48828524e-01 
 4.48787500e-09 -4.48828524e-01 
 4.48887500e-09 -4.48828524e-01 
 4.48987500e-09 -4.48828524e-01 
 4.49087500e-09 -4.48828524e-01 
 4.49187500e-09 -4.48828524e-01 
 4.49287500e-09 -4.48828524e-01 
 4.49387500e-09 -4.48828524e-01 
 4.49487500e-09 -4.48828524e-01 
 4.49587500e-09 -4.48828524e-01 
 4.49687500e-09 -4.48828524e-01 
 4.49787500e-09 -4.48828524e-01 
 4.49887500e-09 -4.48828524e-01 
 4.49987500e-09 -4.48828524e-01 
 4.50087500e-09 -4.48828524e-01 
 4.50187500e-09 -4.48828524e-01 
 4.50287500e-09 -4.48828524e-01 
 4.50387500e-09 -4.48828524e-01 
 4.50487500e-09 -4.48828524e-01 
 4.50587500e-09 -4.48828524e-01 
 4.50687500e-09 -4.48828524e-01 
 4.50787500e-09 -4.48828524e-01 
 4.50887500e-09 -4.48828524e-01 
 4.50987500e-09 -4.48828524e-01 
 4.51087500e-09 -4.48828524e-01 
 4.51187500e-09 -4.48828524e-01 
 4.51287500e-09 -4.48828524e-01 
 4.51387500e-09 -4.48828524e-01 
 4.51487500e-09 -4.48828524e-01 
 4.51587500e-09 -4.48828524e-01 
 4.51687500e-09 -4.48828524e-01 
 4.51787500e-09 -4.48828524e-01 
 4.51887500e-09 -4.48828524e-01 
 4.51987500e-09 -4.48828524e-01 
 4.52087500e-09 -4.48828524e-01 
 4.52187500e-09 -4.48828524e-01 
 4.52287500e-09 -4.48828524e-01 
 4.52387500e-09 -4.48828524e-01 
 4.52487500e-09 -4.48828524e-01 
 4.52587500e-09 -4.48828524e-01 
 4.52687500e-09 -4.48828524e-01 
 4.52787500e-09 -4.48828524e-01 
 4.52887500e-09 -4.48828524e-01 
 4.52987500e-09 -4.48828524e-01 
 4.53087500e-09 -4.48828524e-01 
 4.53187500e-09 -4.48828524e-01 
 4.53287500e-09 -4.48828524e-01 
 4.53387500e-09 -4.48828524e-01 
 4.53487500e-09 -4.48828524e-01 
 4.53587500e-09 -4.48828524e-01 
 4.53687500e-09 -4.48828524e-01 
 4.53787500e-09 -4.48828524e-01 
 4.53887500e-09 -4.48828524e-01 
 4.53987500e-09 -4.48828524e-01 
 4.54087500e-09 -4.48828524e-01 
 4.54187500e-09 -4.48828524e-01 
 4.54287500e-09 -4.48828524e-01 
 4.54387500e-09 -4.48828524e-01 
 4.54487500e-09 -4.48828524e-01 
 4.54587500e-09 -4.48828524e-01 
 4.54687500e-09 -4.48828524e-01 
 4.54787500e-09 -4.48828524e-01 
 4.54887500e-09 -4.48828524e-01 
 4.54987500e-09 -4.48828524e-01 
 4.55087500e-09 -4.48828524e-01 
 4.55187500e-09 -4.48828524e-01 
 4.55287500e-09 -4.48828524e-01 
 4.55387500e-09 -4.48828524e-01 
 4.55487500e-09 -4.48828524e-01 
 4.55587500e-09 -4.48828524e-01 
 4.55687500e-09 -4.48828524e-01 
 4.55787500e-09 -4.48828524e-01 
 4.55887500e-09 -4.48828524e-01 
 4.55987500e-09 -4.48828524e-01 
 4.56087500e-09 -4.48828524e-01 
 4.56187500e-09 -4.48828524e-01 
 4.56287500e-09 -4.48828524e-01 
 4.56387500e-09 -4.48828524e-01 
 4.56487500e-09 -4.48828524e-01 
 4.56587500e-09 -4.48828524e-01 
 4.56687500e-09 -4.48828524e-01 
 4.56787500e-09 -4.48828524e-01 
 4.56887500e-09 -4.48828524e-01 
 4.56987500e-09 -4.48828524e-01 
 4.57087500e-09 -4.48828524e-01 
 4.57187500e-09 -4.48828524e-01 
 4.57287500e-09 -4.48828524e-01 
 4.57387500e-09 -4.48828524e-01 
 4.57487500e-09 -4.48828524e-01 
 4.57587500e-09 -4.48828524e-01 
 4.57687500e-09 -4.48828524e-01 
 4.57787500e-09 -4.48828524e-01 
 4.57887500e-09 -4.48828524e-01 
 4.57987500e-09 -4.48828524e-01 
 4.58087500e-09 -4.48828524e-01 
 4.58187500e-09 -4.48828524e-01 
 4.58287500e-09 -4.48828524e-01 
 4.58387500e-09 -4.48828524e-01 
 4.58487500e-09 -4.48828524e-01 
 4.58587500e-09 -4.48828524e-01 
 4.58687500e-09 -4.48828524e-01 
 4.58787500e-09 -4.48828524e-01 
 4.58887500e-09 -4.48828524e-01 
 4.58987500e-09 -4.48828524e-01 
 4.59087500e-09 -4.48828524e-01 
 4.59187500e-09 -4.48828524e-01 
 4.59287500e-09 -4.48828524e-01 
 4.59387500e-09 -4.48828524e-01 
 4.59487500e-09 -4.48828524e-01 
 4.59587500e-09 -4.48828524e-01 
 4.59687500e-09 -4.48828524e-01 
 4.59787500e-09 -4.48828524e-01 
 4.59887500e-09 -4.48828524e-01 
 4.59987500e-09 -4.48828524e-01 
 4.60087500e-09 -4.48828524e-01 
 4.60187500e-09 -4.48828524e-01 
 4.60287500e-09 -4.48828524e-01 
 4.60387500e-09 -4.48828524e-01 
 4.60487500e-09 -4.48828524e-01 
 4.60587500e-09 -4.48828524e-01 
 4.60687500e-09 -4.48828524e-01 
 4.60787500e-09 -4.48828524e-01 
 4.60887500e-09 -4.48828524e-01 
 4.60987500e-09 -4.48828524e-01 
 4.61087500e-09 -4.48828524e-01 
 4.61187500e-09 -4.48828524e-01 
 4.61287500e-09 -4.48828524e-01 
 4.61387500e-09 -4.48828524e-01 
 4.61487500e-09 -4.48828524e-01 
 4.61587500e-09 -4.48828524e-01 
 4.61687500e-09 -4.48828524e-01 
 4.61787500e-09 -4.48828524e-01 
 4.61887500e-09 -4.48828524e-01 
 4.61987500e-09 -4.48828524e-01 
 4.62087500e-09 -4.48828524e-01 
 4.62187500e-09 -4.48828524e-01 
 4.62287500e-09 -4.48828524e-01 
 4.62387500e-09 -4.48828524e-01 
 4.62487500e-09 -4.48828524e-01 
 4.62587500e-09 -4.48828524e-01 
 4.62687500e-09 -4.48828524e-01 
 4.62787500e-09 -4.48828524e-01 
 4.62887500e-09 -4.48828524e-01 
 4.62987500e-09 -4.48828524e-01 
 4.63087500e-09 -4.48828524e-01 
 4.63187500e-09 -4.48828524e-01 
 4.63287500e-09 -4.48828524e-01 
 4.63387500e-09 -4.48828524e-01 
 4.63487500e-09 -4.48828524e-01 
 4.63587500e-09 -4.48828524e-01 
 4.63687500e-09 -4.48828524e-01 
 4.63787500e-09 -4.48828524e-01 
 4.63887500e-09 -4.48828524e-01 
 4.63987500e-09 -4.48828524e-01 
 4.64087500e-09 -4.48828524e-01 
 4.64187500e-09 -4.48828524e-01 
 4.64287500e-09 -4.48828524e-01 
 4.64387500e-09 -4.48828524e-01 
 4.64487500e-09 -4.48828524e-01 
 4.64587500e-09 -4.48828524e-01 
 4.64687500e-09 -4.48828524e-01 
 4.64787500e-09 -4.48828524e-01 
 4.64887500e-09 -4.48828524e-01 
 4.64987500e-09 -4.48828524e-01 
 4.65087500e-09 -4.48828524e-01 
 4.65187500e-09 -4.48828524e-01 
 4.65287500e-09 -4.48828524e-01 
 4.65387500e-09 -4.48828524e-01 
 4.65487500e-09 -4.48828524e-01 
 4.65587500e-09 -4.48828524e-01 
 4.65687500e-09 -4.48828524e-01 
 4.65787500e-09 -4.48828524e-01 
 4.65887500e-09 -4.48828524e-01 
 4.65987500e-09 -4.48828524e-01 
 4.66087500e-09 -4.48828524e-01 
 4.66187500e-09 -4.48828524e-01 
 4.66287500e-09 -4.48828524e-01 
 4.66387500e-09 -4.48828524e-01 
 4.66487500e-09 -4.48828524e-01 
 4.66587500e-09 -4.48828524e-01 
 4.66687500e-09 -4.48828524e-01 
 4.66787500e-09 -4.48828524e-01 
 4.66887500e-09 -4.48828524e-01 
 4.66987500e-09 -4.48828524e-01 
 4.67087500e-09 -4.48828524e-01 
 4.67187500e-09 -4.48828524e-01 
 4.67287500e-09 -4.48828524e-01 
 4.67387500e-09 -4.48828524e-01 
 4.67487500e-09 -4.48828524e-01 
 4.67587500e-09 -4.48828524e-01 
 4.67687500e-09 -4.48828524e-01 
 4.67787500e-09 -4.48828524e-01 
 4.67887500e-09 -4.48828524e-01 
 4.67987500e-09 -4.48828524e-01 
 4.68087500e-09 -4.48828524e-01 
 4.68187500e-09 -4.48828524e-01 
 4.68287500e-09 -4.48828524e-01 
 4.68387500e-09 -4.48828524e-01 
 4.68487500e-09 -4.48828524e-01 
 4.68587500e-09 -4.48828524e-01 
 4.68687500e-09 -4.48828524e-01 
 4.68787500e-09 -4.48828524e-01 
 4.68887500e-09 -4.48828524e-01 
 4.68987500e-09 -4.48828524e-01 
 4.69087500e-09 -4.48828524e-01 
 4.69187500e-09 -4.48828524e-01 
 4.69287500e-09 -4.48828524e-01 
 4.69387500e-09 -4.48828524e-01 
 4.69487500e-09 -4.48828524e-01 
 4.69587500e-09 -4.48828524e-01 
 4.69687500e-09 -4.48828524e-01 
 4.69787500e-09 -4.48828524e-01 
 4.69887500e-09 -4.48828524e-01 
 4.69987500e-09 -4.48828524e-01 
 4.70087500e-09 -4.48828524e-01 
 4.70187500e-09 -4.48828524e-01 
 4.70287500e-09 -4.48828524e-01 
 4.70387500e-09 -4.48828524e-01 
 4.70487500e-09 -4.48828524e-01 
 4.70587500e-09 -4.48828524e-01 
 4.70687500e-09 -4.48828524e-01 
 4.70787500e-09 -4.48828524e-01 
 4.70887500e-09 -4.48828524e-01 
 4.70987500e-09 -4.48828524e-01 
 4.71087500e-09 -4.48828524e-01 
 4.71187500e-09 -4.48828524e-01 
 4.71287500e-09 -4.48828524e-01 
 4.71387500e-09 -4.48828524e-01 
 4.71487500e-09 -4.48828524e-01 
 4.71587500e-09 -4.48828524e-01 
 4.71687500e-09 -4.48828524e-01 
 4.71787500e-09 -4.48828524e-01 
 4.71887500e-09 -4.48828524e-01 
 4.71900000e-09 -4.48828524e-01 
 4.71925000e-09 -4.48828524e-01 
 4.71975000e-09 -4.48828524e-01 
 4.72075000e-09 -4.48828524e-01 
 4.72175000e-09 -4.48828524e-01 
 4.72275000e-09 -4.48828524e-01 
 4.72375000e-09 -4.48828524e-01 
 4.72475000e-09 -4.48828524e-01 
 4.72575000e-09 -4.48828524e-01 
 4.72675000e-09 -4.48828524e-01 
 4.72775000e-09 -4.48828524e-01 
 4.72875000e-09 -4.48828524e-01 
 4.72975000e-09 -4.48828524e-01 
 4.73075000e-09 -4.48828524e-01 
 4.73175000e-09 -4.48828524e-01 
 4.73275000e-09 -4.48828524e-01 
 4.73375000e-09 -4.48828524e-01 
 4.73475000e-09 -4.48828524e-01 
 4.73575000e-09 -4.48828524e-01 
 4.73675000e-09 -4.48828524e-01 
 4.73775000e-09 -4.48828524e-01 
 4.73875000e-09 -4.48828524e-01 
 4.73975000e-09 -4.48828524e-01 
 4.74075000e-09 -4.48828524e-01 
 4.74175000e-09 -4.48828524e-01 
 4.74275000e-09 -4.48828524e-01 
 4.74375000e-09 -4.48828524e-01 
 4.74475000e-09 -4.48828524e-01 
 4.74575000e-09 -4.48828524e-01 
 4.74675000e-09 -4.48828524e-01 
 4.74775000e-09 -4.48828524e-01 
 4.74875000e-09 -4.48828524e-01 
 4.74975000e-09 -4.48828524e-01 
 4.75075000e-09 -4.48828524e-01 
 4.75175000e-09 -4.48828524e-01 
 4.75275000e-09 -4.48828524e-01 
 4.75375000e-09 -4.48828524e-01 
 4.75475000e-09 -4.48828524e-01 
 4.75575000e-09 -4.48828524e-01 
 4.75675000e-09 -4.48828524e-01 
 4.75775000e-09 -4.48828524e-01 
 4.75875000e-09 -4.48828524e-01 
 4.75975000e-09 -4.48828524e-01 
 4.76075000e-09 -4.48828524e-01 
 4.76175000e-09 -4.48828524e-01 
 4.76275000e-09 -4.48828524e-01 
 4.76375000e-09 -4.48828524e-01 
 4.76475000e-09 -4.48828524e-01 
 4.76575000e-09 -4.48828524e-01 
 4.76675000e-09 -4.48828524e-01 
 4.76775000e-09 -4.48828524e-01 
 4.76875000e-09 -4.48828524e-01 
 4.76975000e-09 -4.48828524e-01 
 4.77075000e-09 -4.48828524e-01 
 4.77175000e-09 -4.48828524e-01 
 4.77275000e-09 -4.48828524e-01 
 4.77375000e-09 -4.48828524e-01 
 4.77475000e-09 -4.48828524e-01 
 4.77575000e-09 -4.48828524e-01 
 4.77675000e-09 -4.48828524e-01 
 4.77775000e-09 -4.48828524e-01 
 4.77875000e-09 -4.48828524e-01 
 4.77975000e-09 -4.48828524e-01 
 4.78075000e-09 -4.48828524e-01 
 4.78175000e-09 -4.48828524e-01 
 4.78275000e-09 -4.48828524e-01 
 4.78375000e-09 -4.48828524e-01 
 4.78475000e-09 -4.48828524e-01 
 4.78575000e-09 -4.48828524e-01 
 4.78675000e-09 -4.48828524e-01 
 4.78775000e-09 -4.48828524e-01 
 4.78875000e-09 -4.48828524e-01 
 4.78975000e-09 -4.48828524e-01 
 4.79075000e-09 -4.48828524e-01 
 4.79175000e-09 -4.48828524e-01 
 4.79275000e-09 -4.48828524e-01 
 4.79375000e-09 -4.48828524e-01 
 4.79475000e-09 -4.48828524e-01 
 4.79575000e-09 -4.48828524e-01 
 4.79675000e-09 -4.48828524e-01 
 4.79775000e-09 -4.48828524e-01 
 4.79875000e-09 -4.48828524e-01 
 4.79975000e-09 -4.48828524e-01 
 4.80075000e-09 -4.48828524e-01 
 4.80175000e-09 -4.48828524e-01 
 4.80275000e-09 -4.48828524e-01 
 4.80375000e-09 -4.48828524e-01 
 4.80475000e-09 -4.48828524e-01 
 4.80575000e-09 -4.48828524e-01 
 4.80675000e-09 -4.48828524e-01 
 4.80775000e-09 -4.48828524e-01 
 4.80875000e-09 -4.48828524e-01 
 4.80975000e-09 -4.48828524e-01 
 4.81075000e-09 -4.48828524e-01 
 4.81175000e-09 -4.48828524e-01 
 4.81275000e-09 -4.48828524e-01 
 4.81375000e-09 -4.48828524e-01 
 4.81475000e-09 -4.48828524e-01 
 4.81575000e-09 -4.48828524e-01 
 4.81675000e-09 -4.48828524e-01 
 4.81775000e-09 -4.48828524e-01 
 4.81875000e-09 -4.48828524e-01 
 4.81975000e-09 -4.48828524e-01 
 4.82075000e-09 -4.48828524e-01 
 4.82175000e-09 -4.48828524e-01 
 4.82275000e-09 -4.48828524e-01 
 4.82375000e-09 -4.48828524e-01 
 4.82475000e-09 -4.48828524e-01 
 4.82575000e-09 -4.48828524e-01 
 4.82675000e-09 -4.48828524e-01 
 4.82775000e-09 -4.48828524e-01 
 4.82875000e-09 -4.48828524e-01 
 4.82975000e-09 -4.48828524e-01 
 4.83075000e-09 -4.48828524e-01 
 4.83175000e-09 -4.48828524e-01 
 4.83275000e-09 -4.48828524e-01 
 4.83375000e-09 -4.48828524e-01 
 4.83475000e-09 -4.48828524e-01 
 4.83575000e-09 -4.48828524e-01 
 4.83675000e-09 -4.48828524e-01 
 4.83775000e-09 -4.48828524e-01 
 4.83875000e-09 -4.48828524e-01 
 4.83975000e-09 -4.48828524e-01 
 4.84075000e-09 -4.48828524e-01 
 4.84175000e-09 -4.48828524e-01 
 4.84275000e-09 -4.48828524e-01 
 4.84375000e-09 -4.48828524e-01 
 4.84475000e-09 -4.48828524e-01 
 4.84575000e-09 -4.48828524e-01 
 4.84675000e-09 -4.48828524e-01 
 4.84775000e-09 -4.48828524e-01 
 4.84875000e-09 -4.48828524e-01 
 4.84975000e-09 -4.48828524e-01 
 4.85075000e-09 -4.48828524e-01 
 4.85175000e-09 -4.48828524e-01 
 4.85275000e-09 -4.48828524e-01 
 4.85375000e-09 -4.48828524e-01 
 4.85475000e-09 -4.48828524e-01 
 4.85575000e-09 -4.48828524e-01 
 4.85675000e-09 -4.48828524e-01 
 4.85775000e-09 -4.48828524e-01 
 4.85875000e-09 -4.48828524e-01 
 4.85975000e-09 -4.48828524e-01 
 4.86075000e-09 -4.48828524e-01 
 4.86175000e-09 -4.48828524e-01 
 4.86275000e-09 -4.48828524e-01 
 4.86375000e-09 -4.48828524e-01 
 4.86475000e-09 -4.48828524e-01 
 4.86575000e-09 -4.48828524e-01 
 4.86675000e-09 -4.48828524e-01 
 4.86775000e-09 -4.48828524e-01 
 4.86875000e-09 -4.48828524e-01 
 4.86975000e-09 -4.48828524e-01 
 4.87075000e-09 -4.48828524e-01 
 4.87175000e-09 -4.48828524e-01 
 4.87275000e-09 -4.48828524e-01 
 4.87375000e-09 -4.48828524e-01 
 4.87475000e-09 -4.48828524e-01 
 4.87575000e-09 -4.48828524e-01 
 4.87675000e-09 -4.48828524e-01 
 4.87775000e-09 -4.48828524e-01 
 4.87875000e-09 -4.48828524e-01 
 4.87975000e-09 -4.48828524e-01 
 4.88075000e-09 -4.48828524e-01 
 4.88175000e-09 -4.48828524e-01 
 4.88275000e-09 -4.48828524e-01 
 4.88375000e-09 -4.48828524e-01 
 4.88475000e-09 -4.48828524e-01 
 4.88575000e-09 -4.48828524e-01 
 4.88675000e-09 -4.48828524e-01 
 4.88775000e-09 -4.48828524e-01 
 4.88875000e-09 -4.48828524e-01 
 4.88975000e-09 -4.48828524e-01 
 4.89075000e-09 -4.48828524e-01 
 4.89175000e-09 -4.48828524e-01 
 4.89275000e-09 -4.48828524e-01 
 4.89375000e-09 -4.48828524e-01 
 4.89475000e-09 -4.48828524e-01 
 4.89575000e-09 -4.48828524e-01 
 4.89587500e-09 -4.48828524e-01 
 4.89612500e-09 -4.48828524e-01 
 4.89662500e-09 -4.48828524e-01 
 4.89762500e-09 -4.48828524e-01 
 4.89862500e-09 -4.48828524e-01 
 4.89962500e-09 -4.48828524e-01 
 4.90062500e-09 -4.48828524e-01 
 4.90162500e-09 -4.48828524e-01 
 4.90262500e-09 -4.48828524e-01 
 4.90362500e-09 -4.48828524e-01 
 4.90462500e-09 -4.48828524e-01 
 4.90562500e-09 -4.48828524e-01 
 4.90662500e-09 -4.48828524e-01 
 4.90762500e-09 -4.48828524e-01 
 4.90862500e-09 -4.48828524e-01 
 4.90962500e-09 -4.48828524e-01 
 4.91062500e-09 -4.48828524e-01 
 4.91162500e-09 -4.48828524e-01 
 4.91262500e-09 -4.48828524e-01 
 4.91362500e-09 -4.48828524e-01 
 4.91462500e-09 -4.48828524e-01 
 4.91562500e-09 -4.48828524e-01 
 4.91662500e-09 -4.48828524e-01 
 4.91762500e-09 -4.48828524e-01 
 4.91862500e-09 -4.48828524e-01 
 4.91962500e-09 -4.48828524e-01 
 4.92062500e-09 -4.48828524e-01 
 4.92162500e-09 -4.48828524e-01 
 4.92262500e-09 -4.48828524e-01 
 4.92362500e-09 -4.48828524e-01 
 4.92462500e-09 -4.48828524e-01 
 4.92562500e-09 -4.48828524e-01 
 4.92662500e-09 -4.48828524e-01 
 4.92762500e-09 -4.48828524e-01 
 4.92862500e-09 -4.48828524e-01 
 4.92962500e-09 -4.48828524e-01 
 4.93062500e-09 -4.48828524e-01 
 4.93162500e-09 -4.48828524e-01 
 4.93262500e-09 -4.48828524e-01 
 4.93362500e-09 -4.48828524e-01 
 4.93462500e-09 -4.48828524e-01 
 4.93562500e-09 -4.48828524e-01 
 4.93662500e-09 -4.48828524e-01 
 4.93762500e-09 -4.48828524e-01 
 4.93862500e-09 -4.48828524e-01 
 4.93962500e-09 -4.48828524e-01 
 4.94062500e-09 -4.48828524e-01 
 4.94162500e-09 -4.48828524e-01 
 4.94262500e-09 -4.48828524e-01 
 4.94362500e-09 -4.48828524e-01 
 4.94462500e-09 -4.48828524e-01 
 4.94562500e-09 -4.48828524e-01 
 4.94662500e-09 -4.48828524e-01 
 4.94762500e-09 -4.48828524e-01 
 4.94862500e-09 -4.48828524e-01 
 4.94962500e-09 -4.48828524e-01 
 4.95062500e-09 -4.48828524e-01 
 4.95162500e-09 -4.48828524e-01 
 4.95262500e-09 -4.48828524e-01 
 4.95362500e-09 -4.48828524e-01 
 4.95462500e-09 -4.48828524e-01 
 4.95562500e-09 -4.48828524e-01 
 4.95662500e-09 -4.48828524e-01 
 4.95762500e-09 -4.48828524e-01 
 4.95862500e-09 -4.48828524e-01 
 4.95962500e-09 -4.48828524e-01 
 4.96062500e-09 -4.48828524e-01 
 4.96162500e-09 -4.48828524e-01 
 4.96262500e-09 -4.48828524e-01 
 4.96362500e-09 -4.48828524e-01 
 4.96462500e-09 -4.48828524e-01 
 4.96562500e-09 -4.48828524e-01 
 4.96662500e-09 -4.48828524e-01 
 4.96762500e-09 -4.48828524e-01 
 4.96862500e-09 -4.48828524e-01 
 4.96962500e-09 -4.48828524e-01 
 4.97062500e-09 -4.48828524e-01 
 4.97162500e-09 -4.48828524e-01 
 4.97262500e-09 -4.48828524e-01 
 4.97362500e-09 -4.48828524e-01 
 4.97462500e-09 -4.48828524e-01 
 4.97562500e-09 -4.48828524e-01 
 4.97662500e-09 -4.48828524e-01 
 4.97762500e-09 -4.48828524e-01 
 4.97862500e-09 -4.48828524e-01 
 4.97962500e-09 -4.48828524e-01 
 4.98062500e-09 -4.48828524e-01 
 4.98162500e-09 -4.48828524e-01 
 4.98262500e-09 -4.48828524e-01 
 4.98362500e-09 -4.48828524e-01 
 4.98462500e-09 -4.48828524e-01 
 4.98562500e-09 -4.48828524e-01 
 4.98662500e-09 -4.48828524e-01 
 4.98762500e-09 -4.48828524e-01 
 4.98862500e-09 -4.48828524e-01 
 4.98962500e-09 -4.48828524e-01 
 4.99062500e-09 -4.48828524e-01 
 4.99162500e-09 -4.48828524e-01 
 4.99262500e-09 -4.48828524e-01 
 4.99362500e-09 -4.48828524e-01 
 4.99462500e-09 -4.48828524e-01 
 4.99562500e-09 -4.48828524e-01 
 4.99662500e-09 -4.48828524e-01 
 4.99762500e-09 -4.48828524e-01 
 4.99862500e-09 -4.48828524e-01 
 4.99962500e-09 -4.48828524e-01 
 5.00062500e-09 -4.48828524e-01 
 5.00162500e-09 -4.48828524e-01 
 5.00262500e-09 -4.48828524e-01 
 5.00362500e-09 -4.48828524e-01 
 5.00462500e-09 -4.48828524e-01 
 5.00562500e-09 -4.48828524e-01 
 5.00662500e-09 -4.48828524e-01 
 5.00762500e-09 -4.48828524e-01 
 5.00862500e-09 -4.48828524e-01 
 5.00962500e-09 -4.48828524e-01 
 5.01062500e-09 -4.48828524e-01 
 5.01162500e-09 -4.48828524e-01 
 5.01262500e-09 -4.48828524e-01 
 5.01362500e-09 -4.48828524e-01 
 5.01462500e-09 -4.48828524e-01 
 5.01562500e-09 -4.48828524e-01 
 5.01662500e-09 -4.48828524e-01 
 5.01762500e-09 -4.48828524e-01 
 5.01862500e-09 -4.48828524e-01 
 5.01962500e-09 -4.48828524e-01 
 5.02062500e-09 -4.48828524e-01 
 5.02162500e-09 -4.48828524e-01 
 5.02262500e-09 -4.48828524e-01 
 5.02362500e-09 -4.48828524e-01 
 5.02462500e-09 -4.48828524e-01 
 5.02562500e-09 -4.48828524e-01 
 5.02662500e-09 -4.48828524e-01 
 5.02762500e-09 -4.48828524e-01 
 5.02862500e-09 -4.48828524e-01 
 5.02962500e-09 -4.48828524e-01 
 5.03062500e-09 -4.48828524e-01 
 5.03162500e-09 -4.48828524e-01 
 5.03262500e-09 -4.48828524e-01 
 5.03362500e-09 -4.48828524e-01 
 5.03462500e-09 -4.48828524e-01 
 5.03562500e-09 -4.48828524e-01 
 5.03662500e-09 -4.48828524e-01 
 5.03762500e-09 -4.48828524e-01 
 5.03862500e-09 -4.48828524e-01 
 5.03962500e-09 -4.48828524e-01 
 5.04062500e-09 -4.48828524e-01 
 5.04162500e-09 -4.48828524e-01 
 5.04262500e-09 -4.48828524e-01 
 5.04362500e-09 -4.48828524e-01 
 5.04462500e-09 -4.48828524e-01 
 5.04562500e-09 -4.48828524e-01 
 5.04662500e-09 -4.48828524e-01 
 5.04762500e-09 -4.48828524e-01 
 5.04862500e-09 -4.48828524e-01 
 5.04962500e-09 -4.48828524e-01 
 5.05062500e-09 -4.48828524e-01 
 5.05162500e-09 -4.48828524e-01 
 5.05262500e-09 -4.48828524e-01 
 5.05362500e-09 -4.48828524e-01 
 5.05462500e-09 -4.48828524e-01 
 5.05562500e-09 -4.48828524e-01 
 5.05662500e-09 -4.48828524e-01 
 5.05762500e-09 -4.48828524e-01 
 5.05862500e-09 -4.48828524e-01 
 5.05962500e-09 -4.48828524e-01 
 5.06062500e-09 -4.48828524e-01 
 5.06162500e-09 -4.48828524e-01 
 5.06262500e-09 -4.48828524e-01 
 5.06362500e-09 -4.48828524e-01 
 5.06462500e-09 -4.48828524e-01 
 5.06562500e-09 -4.48828524e-01 
 5.06662500e-09 -4.48828524e-01 
 5.06762500e-09 -4.48828524e-01 
 5.06862500e-09 -4.48828524e-01 
 5.06962500e-09 -4.48828524e-01 
 5.07062500e-09 -4.48828524e-01 
 5.07162500e-09 -4.48828524e-01 
 5.07262500e-09 -4.48828524e-01 
 5.07362500e-09 -4.48828524e-01 
 5.07462500e-09 -4.48828524e-01 
 5.07562500e-09 -4.48828524e-01 
 5.07662500e-09 -4.48828524e-01 
 5.07762500e-09 -4.48828524e-01 
 5.07862500e-09 -4.48828524e-01 
 5.07962500e-09 -4.48828524e-01 
 5.08062500e-09 -4.48828524e-01 
 5.08162500e-09 -4.48828524e-01 
 5.08262500e-09 -4.48828524e-01 
 5.08362500e-09 -4.48828524e-01 
 5.08462500e-09 -4.48828524e-01 
 5.08562500e-09 -4.48828524e-01 
 5.08662500e-09 -4.48828524e-01 
 5.08762500e-09 -4.48828524e-01 
 5.08862500e-09 -4.48828524e-01 
 5.08962500e-09 -4.48828524e-01 
 5.09062500e-09 -4.48828524e-01 
 5.09162500e-09 -4.48828524e-01 
 5.09262500e-09 -4.48828524e-01 
 5.09362500e-09 -4.48828524e-01 
 5.09462500e-09 -4.48828524e-01 
 5.09562500e-09 -4.48828524e-01 
 5.09662500e-09 -4.48828524e-01 
 5.09762500e-09 -4.48828524e-01 
 5.09862500e-09 -4.48828524e-01 
 5.09962500e-09 -4.48828524e-01 
 5.10062500e-09 -4.48828524e-01 
 5.10162500e-09 -4.48828524e-01 
 5.10262500e-09 -4.48828524e-01 
 5.10362500e-09 -4.48828524e-01 
 5.10462500e-09 -4.48828524e-01 
 5.10562500e-09 -4.48828524e-01 
 5.10662500e-09 -4.48828524e-01 
 5.10762500e-09 -4.48828524e-01 
 5.10862500e-09 -4.48828524e-01 
 5.10962500e-09 -4.48828524e-01 
 5.11062500e-09 -4.48828524e-01 
 5.11162500e-09 -4.48828524e-01 
 5.11262500e-09 -4.48828524e-01 
 5.11362500e-09 -4.48828524e-01 
 5.11462500e-09 -4.48828524e-01 
 5.11562500e-09 -4.48828524e-01 
 5.11662500e-09 -4.48828524e-01 
 5.11762500e-09 -4.48828524e-01 
 5.11862500e-09 -4.48828524e-01 
 5.11962500e-09 -4.48828524e-01 
 5.12062500e-09 -4.48828524e-01 
 5.12162500e-09 -4.48828524e-01 
 5.12262500e-09 -4.48828524e-01 
 5.12362500e-09 -4.48828524e-01 
 5.12462500e-09 -4.48828524e-01 
 5.12562500e-09 -4.48828524e-01 
 5.12662500e-09 -4.48828524e-01 
 5.12762500e-09 -4.48828524e-01 
 5.12862500e-09 -4.48828524e-01 
 5.12962500e-09 -4.48828524e-01 
 5.13062500e-09 -4.48828524e-01 
 5.13162500e-09 -4.48828524e-01 
 5.13262500e-09 -4.48828524e-01 
 5.13362500e-09 -4.48828524e-01 
 5.13462500e-09 -4.48828524e-01 
 5.13562500e-09 -4.48828524e-01 
 5.13662500e-09 -4.48828524e-01 
 5.13762500e-09 -4.48828524e-01 
 5.13862500e-09 -4.48828524e-01 
 5.13962500e-09 -4.48828524e-01 
 5.14062500e-09 -4.48828524e-01 
 5.14162500e-09 -4.48828524e-01 
 5.14262500e-09 -4.48828524e-01 
 5.14362500e-09 -4.48828524e-01 
 5.14462500e-09 -4.48828524e-01 
 5.14562500e-09 -4.48828524e-01 
 5.14662500e-09 -4.48828524e-01 
 5.14762500e-09 -4.48828524e-01 
 5.14862500e-09 -4.48828524e-01 
 5.14962500e-09 -4.48828524e-01 
 5.15062500e-09 -4.48828524e-01 
 5.15162500e-09 -4.48828524e-01 
 5.15262500e-09 -4.48828524e-01 
 5.15362500e-09 -4.48828524e-01 
 5.15462500e-09 -4.48828524e-01 
 5.15562500e-09 -4.48828524e-01 
 5.15662500e-09 -4.48828524e-01 
 5.15762500e-09 -4.48828524e-01 
 5.15862500e-09 -4.48828524e-01 
 5.15962500e-09 -4.48828524e-01 
 5.16062500e-09 -4.48828524e-01 
 5.16162500e-09 -4.48828524e-01 
 5.16262500e-09 -4.48828524e-01 
 5.16362500e-09 -4.48828524e-01 
 5.16462500e-09 -4.48828524e-01 
 5.16562500e-09 -4.48828524e-01 
 5.16662500e-09 -4.48828524e-01 
 5.16762500e-09 -4.48828524e-01 
 5.16862500e-09 -4.48828524e-01 
 5.16962500e-09 -4.48828524e-01 
 5.17062500e-09 -4.48828524e-01 
 5.17162500e-09 -4.48828524e-01 
 5.17262500e-09 -4.48828524e-01 
 5.17362500e-09 -4.48828524e-01 
 5.17462500e-09 -4.48828524e-01 
 5.17562500e-09 -4.48828524e-01 
 5.17662500e-09 -4.48828524e-01 
 5.17762500e-09 -4.48828524e-01 
 5.17862500e-09 -4.48828524e-01 
 5.17962500e-09 -4.48828524e-01 
 5.18062500e-09 -4.48828524e-01 
 5.18162500e-09 -4.48828524e-01 
 5.18262500e-09 -4.48828524e-01 
 5.18362500e-09 -4.48828524e-01 
 5.18462500e-09 -4.48828524e-01 
 5.18562500e-09 -4.48828524e-01 
 5.18662500e-09 -4.48828524e-01 
 5.18762500e-09 -4.48828524e-01 
 5.18862500e-09 -4.48828524e-01 
 5.18962500e-09 -4.48828524e-01 
 5.19062500e-09 -4.48828524e-01 
 5.19162500e-09 -4.48828524e-01 
 5.19262500e-09 -4.48828524e-01 
 5.19362500e-09 -4.48828524e-01 
 5.19462500e-09 -4.48828524e-01 
 5.19562500e-09 -4.48828524e-01 
 5.19662500e-09 -4.48828524e-01 
 5.19762500e-09 -4.48828524e-01 
 5.19862500e-09 -4.48828524e-01 
 5.19962500e-09 -4.48828524e-01 
 5.20062500e-09 -4.48828524e-01 
 5.20162500e-09 -4.48828524e-01 
 5.20262500e-09 -4.48828524e-01 
 5.20362500e-09 -4.48828524e-01 
 5.20462500e-09 -4.48828524e-01 
 5.20562500e-09 -4.48828524e-01 
 5.20662500e-09 -4.48828524e-01 
 5.20762500e-09 -4.48828524e-01 
 5.20862500e-09 -4.48828524e-01 
 5.20962500e-09 -4.48828524e-01 
 5.21062500e-09 -4.48828524e-01 
 5.21162500e-09 -4.48828524e-01 
 5.21262500e-09 -4.48828524e-01 
 5.21362500e-09 -4.48828524e-01 
 5.21462500e-09 -4.48828524e-01 
 5.21562500e-09 -4.48828524e-01 
 5.21662500e-09 -4.48828524e-01 
 5.21762500e-09 -4.48828524e-01 
 5.21862500e-09 -4.48828524e-01 
 5.21962500e-09 -4.48828524e-01 
 5.22062500e-09 -4.48828524e-01 
 5.22162500e-09 -4.48828524e-01 
 5.22262500e-09 -4.48828524e-01 
 5.22362500e-09 -4.48828524e-01 
 5.22462500e-09 -4.48828524e-01 
 5.22562500e-09 -4.48828524e-01 
 5.22662500e-09 -4.48828524e-01 
 5.22762500e-09 -4.48828524e-01 
 5.22862500e-09 -4.48828524e-01 
 5.22962500e-09 -4.48828524e-01 
 5.23062500e-09 -4.48828524e-01 
 5.23162500e-09 -4.48828524e-01 
 5.23262500e-09 -4.48828524e-01 
 5.23362500e-09 -4.48828524e-01 
 5.23462500e-09 -4.48828524e-01 
 5.23562500e-09 -4.48828524e-01 
 5.23662500e-09 -4.48828524e-01 
 5.23762500e-09 -4.48828524e-01 
 5.23862500e-09 -4.48828524e-01 
 5.23962500e-09 -4.48828524e-01 
 5.24062500e-09 -4.48828524e-01 
 5.24162500e-09 -4.48828524e-01 
 5.24262500e-09 -4.48828524e-01 
 5.24362500e-09 -4.48828524e-01 
 5.24462500e-09 -4.48828524e-01 
 5.24562500e-09 -4.48828524e-01 
 5.24662500e-09 -4.48828524e-01 
 5.24762500e-09 -4.48828524e-01 
 5.24862500e-09 -4.48828524e-01 
 5.24962500e-09 -4.48828524e-01 
 5.25062500e-09 -4.48828524e-01 
 5.25162500e-09 -4.48828524e-01 
 5.25262500e-09 -4.48828524e-01 
 5.25362500e-09 -4.48828524e-01 
 5.25462500e-09 -4.48828524e-01 
 5.25562500e-09 -4.48828524e-01 
 5.25662500e-09 -4.48828524e-01 
 5.25762500e-09 -4.48828524e-01 
 5.25862500e-09 -4.48828524e-01 
 5.25962500e-09 -4.48828524e-01 
 5.26062500e-09 -4.48828524e-01 
 5.26162500e-09 -4.48828524e-01 
 5.26262500e-09 -4.48828524e-01 
 5.26362500e-09 -4.48828524e-01 
 5.26462500e-09 -4.48828524e-01 
 5.26562500e-09 -4.48828524e-01 
 5.26662500e-09 -4.48828524e-01 
 5.26762500e-09 -4.48828524e-01 
 5.26862500e-09 -4.48828524e-01 
 5.26962500e-09 -4.48828524e-01 
 5.27062500e-09 -4.48828524e-01 
 5.27162500e-09 -4.48828524e-01 
 5.27262500e-09 -4.48828524e-01 
 5.27362500e-09 -4.48828524e-01 
 5.27462500e-09 -4.48828524e-01 
 5.27562500e-09 -4.48828524e-01 
 5.27662500e-09 -4.48828524e-01 
 5.27762500e-09 -4.48828524e-01 
 5.27862500e-09 -4.48828524e-01 
 5.27962500e-09 -4.48828524e-01 
 5.28062500e-09 -4.48828524e-01 
 5.28162500e-09 -4.48828524e-01 
 5.28262500e-09 -4.48828524e-01 
 5.28362500e-09 -4.48828524e-01 
 5.28462500e-09 -4.48828524e-01 
 5.28562500e-09 -4.48828524e-01 
 5.28662500e-09 -4.48828524e-01 
 5.28762500e-09 -4.48828524e-01 
 5.28862500e-09 -4.48828524e-01 
 5.28962500e-09 -4.48828524e-01 
 5.29062500e-09 -4.48828524e-01 
 5.29162500e-09 -4.48828524e-01 
 5.29262500e-09 -4.48828524e-01 
 5.29362500e-09 -4.48828524e-01 
 5.29462500e-09 -4.48828524e-01 
 5.29562500e-09 -4.48828524e-01 
 5.29662500e-09 -4.48828524e-01 
 5.29762500e-09 -4.48828524e-01 
 5.29862500e-09 -4.48828524e-01 
 5.29962500e-09 -4.48828524e-01 
 5.30062500e-09 -4.48828524e-01 
 5.30162500e-09 -4.48828524e-01 
 5.30262500e-09 -4.48828524e-01 
 5.30362500e-09 -4.48828524e-01 
 5.30462500e-09 -4.48828524e-01 
 5.30562500e-09 -4.48828524e-01 
 5.30662500e-09 -4.48828524e-01 
 5.30762500e-09 -4.48828524e-01 
 5.30862500e-09 -4.48828524e-01 
 5.30962500e-09 -4.48828524e-01 
 5.31062500e-09 -4.48828524e-01 
 5.31162500e-09 -4.48828524e-01 
 5.31262500e-09 -4.48828524e-01 
 5.31362500e-09 -4.48828524e-01 
 5.31462500e-09 -4.48828524e-01 
 5.31562500e-09 -4.48828524e-01 
 5.31662500e-09 -4.48828524e-01 
 5.31762500e-09 -4.48828524e-01 
 5.31862500e-09 -4.48828524e-01 
 5.31962500e-09 -4.48828524e-01 
 5.32062500e-09 -4.48828524e-01 
 5.32162500e-09 -4.48828524e-01 
 5.32262500e-09 -4.48828524e-01 
 5.32362500e-09 -4.48828524e-01 
 5.32462500e-09 -4.48828524e-01 
 5.32562500e-09 -4.48828524e-01 
 5.32662500e-09 -4.48828524e-01 
 5.32762500e-09 -4.48828524e-01 
 5.32862500e-09 -4.48828524e-01 
 5.32962500e-09 -4.48828524e-01 
 5.33062500e-09 -4.48828524e-01 
 5.33162500e-09 -4.48828524e-01 
 5.33262500e-09 -4.48828524e-01 
 5.33362500e-09 -4.48828524e-01 
 5.33462500e-09 -4.48828524e-01 
 5.33562500e-09 -4.48828524e-01 
 5.33662500e-09 -4.48828524e-01 
 5.33762500e-09 -4.48828524e-01 
 5.33862500e-09 -4.48828524e-01 
 5.33962500e-09 -4.48828524e-01 
 5.34062500e-09 -4.48828524e-01 
 5.34162500e-09 -4.48828524e-01 
 5.34262500e-09 -4.48828524e-01 
 5.34362500e-09 -4.48828524e-01 
 5.34462500e-09 -4.48828524e-01 
 5.34562500e-09 -4.48828524e-01 
 5.34662500e-09 -4.48828524e-01 
 5.34762500e-09 -4.48828524e-01 
 5.34862500e-09 -4.48828524e-01 
 5.34962500e-09 -4.48828524e-01 
 5.35062500e-09 -4.48828524e-01 
 5.35162500e-09 -4.48828524e-01 
 5.35262500e-09 -4.48828524e-01 
 5.35362500e-09 -4.48828524e-01 
 5.35462500e-09 -4.48828524e-01 
 5.35562500e-09 -4.48828524e-01 
 5.35662500e-09 -4.48828524e-01 
 5.35762500e-09 -4.48828524e-01 
 5.35862500e-09 -4.48828524e-01 
 5.35962500e-09 -4.48828524e-01 
 5.36062500e-09 -4.48828524e-01 
 5.36162500e-09 -4.48828524e-01 
 5.36262500e-09 -4.48828524e-01 
 5.36362500e-09 -4.48828524e-01 
 5.36462500e-09 -4.48828524e-01 
 5.36562500e-09 -4.48828524e-01 
 5.36662500e-09 -4.48828524e-01 
 5.36762500e-09 -4.48828524e-01 
 5.36862500e-09 -4.48828524e-01 
 5.36962500e-09 -4.48828524e-01 
 5.37062500e-09 -4.48828524e-01 
 5.37162500e-09 -4.48828524e-01 
 5.37262500e-09 -4.48828524e-01 
 5.37362500e-09 -4.48828524e-01 
 5.37462500e-09 -4.48828524e-01 
 5.37562500e-09 -4.48828524e-01 
 5.37662500e-09 -4.48828524e-01 
 5.37762500e-09 -4.48828524e-01 
 5.37862500e-09 -4.48828524e-01 
 5.37962500e-09 -4.48828524e-01 
 5.38062500e-09 -4.48828524e-01 
 5.38162500e-09 -4.48828524e-01 
 5.38262500e-09 -4.48828524e-01 
 5.38362500e-09 -4.48828524e-01 
 5.38462500e-09 -4.48828524e-01 
 5.38562500e-09 -4.48828524e-01 
 5.38662500e-09 -4.48828524e-01 
 5.38762500e-09 -4.48828524e-01 
 5.38862500e-09 -4.48828524e-01 
 5.38962500e-09 -4.48828524e-01 
 5.39062500e-09 -4.48828524e-01 
 5.39162500e-09 -4.48828524e-01 
 5.39262500e-09 -4.48828524e-01 
 5.39362500e-09 -4.48828524e-01 
 5.39462500e-09 -4.48828524e-01 
 5.39562500e-09 -4.48828524e-01 
 5.39662500e-09 -4.48828524e-01 
 5.39762500e-09 -4.48828524e-01 
 5.39862500e-09 -4.48828524e-01 
 5.39962500e-09 -4.48828524e-01 
 5.40062500e-09 -4.48828524e-01 
 5.40162500e-09 -4.48828524e-01 
 5.40262500e-09 -4.48828524e-01 
 5.40362500e-09 -4.48828524e-01 
 5.40462500e-09 -4.48828524e-01 
 5.40562500e-09 -4.48828524e-01 
 5.40662500e-09 -4.48828524e-01 
 5.40762500e-09 -4.48828524e-01 
 5.40862500e-09 -4.48828524e-01 
 5.40962500e-09 -4.48828524e-01 
 5.41062500e-09 -4.48828524e-01 
 5.41162500e-09 -4.48828524e-01 
 5.41262500e-09 -4.48828524e-01 
 5.41362500e-09 -4.48828524e-01 
 5.41462500e-09 -4.48828524e-01 
 5.41562500e-09 -4.48828524e-01 
 5.41662500e-09 -4.48828524e-01 
 5.41762500e-09 -4.48828524e-01 
 5.41862500e-09 -4.48828524e-01 
 5.41962500e-09 -4.48828524e-01 
 5.42062500e-09 -4.48828524e-01 
 5.42162500e-09 -4.48828524e-01 
 5.42262500e-09 -4.48828524e-01 
 5.42362500e-09 -4.48828524e-01 
 5.42462500e-09 -4.48828524e-01 
 5.42562500e-09 -4.48828524e-01 
 5.42662500e-09 -4.48828524e-01 
 5.42762500e-09 -4.48828524e-01 
 5.42862500e-09 -4.48828524e-01 
 5.42962500e-09 -4.48828524e-01 
 5.43062500e-09 -4.48828524e-01 
 5.43162500e-09 -4.48828524e-01 
 5.43262500e-09 -4.48828524e-01 
 5.43362500e-09 -4.48828524e-01 
 5.43462500e-09 -4.48828524e-01 
 5.43562500e-09 -4.48828524e-01 
 5.43662500e-09 -4.48828524e-01 
 5.43762500e-09 -4.48828524e-01 
 5.43862500e-09 -4.48828524e-01 
 5.43962500e-09 -4.48828524e-01 
 5.44062500e-09 -4.48828524e-01 
 5.44162500e-09 -4.48828524e-01 
 5.44262500e-09 -4.48828524e-01 
 5.44362500e-09 -4.48828524e-01 
 5.44462500e-09 -4.48828524e-01 
 5.44562500e-09 -4.48828524e-01 
 5.44662500e-09 -4.48828524e-01 
 5.44762500e-09 -4.48828524e-01 
 5.44862500e-09 -4.48828524e-01 
 5.44962500e-09 -4.48828524e-01 
 5.45062500e-09 -4.48828524e-01 
 5.45162500e-09 -4.48828524e-01 
 5.45262500e-09 -4.48828524e-01 
 5.45362500e-09 -4.48828524e-01 
 5.45462500e-09 -4.48828524e-01 
 5.45562500e-09 -4.48828524e-01 
 5.45662500e-09 -4.48828524e-01 
 5.45762500e-09 -4.48828524e-01 
 5.45862500e-09 -4.48828524e-01 
 5.45962500e-09 -4.48828524e-01 
 5.46062500e-09 -4.48828524e-01 
 5.46162500e-09 -4.48828524e-01 
 5.46262500e-09 -4.48828524e-01 
 5.46362500e-09 -4.48828524e-01 
 5.46462500e-09 -4.48828524e-01 
 5.46562500e-09 -4.48828524e-01 
 5.46662500e-09 -4.48828524e-01 
 5.46762500e-09 -4.48828524e-01 
 5.46862500e-09 -4.48828524e-01 
 5.46962500e-09 -4.48828524e-01 
 5.47062500e-09 -4.48828524e-01 
 5.47162500e-09 -4.48828524e-01 
 5.47262500e-09 -4.48828524e-01 
 5.47362500e-09 -4.48828524e-01 
 5.47462500e-09 -4.48828524e-01 
 5.47562500e-09 -4.48828524e-01 
 5.47662500e-09 -4.48828524e-01 
 5.47762500e-09 -4.48828524e-01 
 5.47862500e-09 -4.48828524e-01 
 5.47962500e-09 -4.48828524e-01 
 5.48062500e-09 -4.48828524e-01 
 5.48162500e-09 -4.48828524e-01 
 5.48262500e-09 -4.48828524e-01 
 5.48362500e-09 -4.48828524e-01 
 5.48462500e-09 -4.48828524e-01 
 5.48562500e-09 -4.48828524e-01 
 5.48662500e-09 -4.48828524e-01 
 5.48762500e-09 -4.48828524e-01 
 5.48862500e-09 -4.48828524e-01 
 5.48962500e-09 -4.48828524e-01 
 5.49062500e-09 -4.48828524e-01 
 5.49162500e-09 -4.48828524e-01 
 5.49262500e-09 -4.48828524e-01 
 5.49362500e-09 -4.48828524e-01 
 5.49462500e-09 -4.48828524e-01 
 5.49562500e-09 -4.48828524e-01 
 5.49662500e-09 -4.48828524e-01 
 5.49762500e-09 -4.48828524e-01 
 5.49862500e-09 -4.48828524e-01 
 5.49962500e-09 -4.48828524e-01 
 5.50062500e-09 -4.48828524e-01 
 5.50162500e-09 -4.48828524e-01 
 5.50262500e-09 -4.48828524e-01 
 5.50362500e-09 -4.48828524e-01 
 5.50462500e-09 -4.48828524e-01 
 5.50562500e-09 -4.48828524e-01 
 5.50662500e-09 -4.48828524e-01 
 5.50762500e-09 -4.48828524e-01 
 5.50862500e-09 -4.48828524e-01 
 5.50962500e-09 -4.48828524e-01 
 5.51062500e-09 -4.48828524e-01 
 5.51162500e-09 -4.48828524e-01 
 5.51262500e-09 -4.48828524e-01 
 5.51362500e-09 -4.48828524e-01 
 5.51462500e-09 -4.48828524e-01 
 5.51562500e-09 -4.48828524e-01 
 5.51662500e-09 -4.48828524e-01 
 5.51762500e-09 -4.48828524e-01 
 5.51862500e-09 -4.48828524e-01 
 5.51962500e-09 -4.48828524e-01 
 5.52062500e-09 -4.48828524e-01 
 5.52162500e-09 -4.48828524e-01 
 5.52262500e-09 -4.48828524e-01 
 5.52362500e-09 -4.48828524e-01 
 5.52462500e-09 -4.48828524e-01 
 5.52562500e-09 -4.48828524e-01 
 5.52662500e-09 -4.48828524e-01 
 5.52762500e-09 -4.48828524e-01 
 5.52862500e-09 -4.48828524e-01 
 5.52962500e-09 -4.48828524e-01 
 5.53062500e-09 -4.48828524e-01 
 5.53162500e-09 -4.48828524e-01 
 5.53262500e-09 -4.48828524e-01 
 5.53362500e-09 -4.48828524e-01 
 5.53462500e-09 -4.48828524e-01 
 5.53562500e-09 -4.48828524e-01 
 5.53662500e-09 -4.48828524e-01 
 5.53762500e-09 -4.48828524e-01 
 5.53862500e-09 -4.48828524e-01 
 5.53962500e-09 -4.48828524e-01 
 5.54062500e-09 -4.48828524e-01 
 5.54162500e-09 -4.48828524e-01 
 5.54262500e-09 -4.48828524e-01 
 5.54362500e-09 -4.48828524e-01 
 5.54462500e-09 -4.48828524e-01 
 5.54562500e-09 -4.48828524e-01 
 5.54662500e-09 -4.48828524e-01 
 5.54762500e-09 -4.48828524e-01 
 5.54862500e-09 -4.48828524e-01 
 5.54962500e-09 -4.48828524e-01 
 5.55062500e-09 -4.48828524e-01 
 5.55162500e-09 -4.48828524e-01 
 5.55262500e-09 -4.48828524e-01 
 5.55362500e-09 -4.48828524e-01 
 5.55462500e-09 -4.48828524e-01 
 5.55562500e-09 -4.48828524e-01 
 5.55662500e-09 -4.48828524e-01 
 5.55762500e-09 -4.48828524e-01 
 5.55862500e-09 -4.48828524e-01 
 5.55962500e-09 -4.48828524e-01 
 5.56062500e-09 -4.48828524e-01 
 5.56162500e-09 -4.48828524e-01 
 5.56262500e-09 -4.48828524e-01 
 5.56362500e-09 -4.48828524e-01 
 5.56462500e-09 -4.48828524e-01 
 5.56562500e-09 -4.48828524e-01 
 5.56662500e-09 -4.48828524e-01 
 5.56762500e-09 -4.48828524e-01 
 5.56862500e-09 -4.48828524e-01 
 5.56962500e-09 -4.48828524e-01 
 5.57062500e-09 -4.48828524e-01 
 5.57162500e-09 -4.48828524e-01 
 5.57262500e-09 -4.48828524e-01 
 5.57362500e-09 -4.48828524e-01 
 5.57462500e-09 -4.48828524e-01 
 5.57562500e-09 -4.48828524e-01 
 5.57662500e-09 -4.48828524e-01 
 5.57762500e-09 -4.48828524e-01 
 5.57862500e-09 -4.48828524e-01 
 5.57962500e-09 -4.48828524e-01 
 5.58062500e-09 -4.48828524e-01 
 5.58162500e-09 -4.48828524e-01 
 5.58262500e-09 -4.48828524e-01 
 5.58362500e-09 -4.48828524e-01 
 5.58462500e-09 -4.48828524e-01 
 5.58562500e-09 -4.48828524e-01 
 5.58662500e-09 -4.48828524e-01 
 5.58762500e-09 -4.48828524e-01 
 5.58862500e-09 -4.48828524e-01 
 5.58962500e-09 -4.48828524e-01 
 5.59062500e-09 -4.48828524e-01 
 5.59162500e-09 -4.48828524e-01 
 5.59262500e-09 -4.48828524e-01 
 5.59362500e-09 -4.48828524e-01 
 5.59462500e-09 -4.48828524e-01 
 5.59562500e-09 -4.48828524e-01 
 5.59662500e-09 -4.48828524e-01 
 5.59762500e-09 -4.48828524e-01 
 5.59862500e-09 -4.48828524e-01 
 5.59962500e-09 -4.48828524e-01 
 5.60062500e-09 -4.48828524e-01 
 5.60162500e-09 -4.48828524e-01 
 5.60262500e-09 -4.48828524e-01 
 5.60362500e-09 -4.48828524e-01 
 5.60462500e-09 -4.48828524e-01 
 5.60562500e-09 -4.48828524e-01 
 5.60662500e-09 -4.48828524e-01 
 5.60762500e-09 -4.48828524e-01 
 5.60862500e-09 -4.48828524e-01 
 5.60962500e-09 -4.48828524e-01 
 5.61062500e-09 -4.48828524e-01 
 5.61162500e-09 -4.48828524e-01 
 5.61262500e-09 -4.48828524e-01 
 5.61362500e-09 -4.48828524e-01 
 5.61462500e-09 -4.48828524e-01 
 5.61562500e-09 -4.48828524e-01 
 5.61662500e-09 -4.48828524e-01 
 5.61762500e-09 -4.48828524e-01 
 5.61862500e-09 -4.48828524e-01 
 5.61962500e-09 -4.48828524e-01 
 5.62062500e-09 -4.48828524e-01 
 5.62162500e-09 -4.48828524e-01 
 5.62262500e-09 -4.48828524e-01 
 5.62362500e-09 -4.48828524e-01 
 5.62462500e-09 -4.48828524e-01 
 5.62562500e-09 -4.48828524e-01 
 5.62662500e-09 -4.48828524e-01 
 5.62762500e-09 -4.48828524e-01 
 5.62862500e-09 -4.48828524e-01 
 5.62962500e-09 -4.48828524e-01 
 5.63062500e-09 -4.48828524e-01 
 5.63162500e-09 -4.48828524e-01 
 5.63262500e-09 -4.48828524e-01 
 5.63362500e-09 -4.48828524e-01 
 5.63462500e-09 -4.48828524e-01 
 5.63562500e-09 -4.48828524e-01 
 5.63662500e-09 -4.48828524e-01 
 5.63762500e-09 -4.48828524e-01 
 5.63862500e-09 -4.48828524e-01 
 5.63962500e-09 -4.48828524e-01 
 5.64062500e-09 -4.48828524e-01 
 5.64162500e-09 -4.48828524e-01 
 5.64262500e-09 -4.48828524e-01 
 5.64362500e-09 -4.48828524e-01 
 5.64462500e-09 -4.48828524e-01 
 5.64562500e-09 -4.48828524e-01 
 5.64662500e-09 -4.48828524e-01 
 5.64762500e-09 -4.48828524e-01 
 5.64862500e-09 -4.48828524e-01 
 5.64962500e-09 -4.48828524e-01 
 5.65062500e-09 -4.48828524e-01 
 5.65162500e-09 -4.48828524e-01 
 5.65262500e-09 -4.48828524e-01 
 5.65362500e-09 -4.48828524e-01 
 5.65462500e-09 -4.48828524e-01 
 5.65562500e-09 -4.48828524e-01 
 5.65662500e-09 -4.48828524e-01 
 5.65762500e-09 -4.48828524e-01 
 5.65862500e-09 -4.48828524e-01 
 5.65962500e-09 -4.48828524e-01 
 5.66062500e-09 -4.48828524e-01 
 5.66162500e-09 -4.48828524e-01 
 5.66262500e-09 -4.48828524e-01 
 5.66362500e-09 -4.48828524e-01 
 5.66462500e-09 -4.48828524e-01 
 5.66562500e-09 -4.48828524e-01 
 5.66662500e-09 -4.48828524e-01 
 5.66762500e-09 -4.48828524e-01 
 5.66862500e-09 -4.48828524e-01 
 5.66962500e-09 -4.48828524e-01 
 5.67062500e-09 -4.48828524e-01 
 5.67162500e-09 -4.48828524e-01 
 5.67262500e-09 -4.48828524e-01 
 5.67362500e-09 -4.48828524e-01 
 5.67462500e-09 -4.48828524e-01 
 5.67562500e-09 -4.48828524e-01 
 5.67662500e-09 -4.48828524e-01 
 5.67762500e-09 -4.48828524e-01 
 5.67862500e-09 -4.48828524e-01 
 5.67962500e-09 -4.48828524e-01 
 5.68062500e-09 -4.48828524e-01 
 5.68162500e-09 -4.48828524e-01 
 5.68262500e-09 -4.48828524e-01 
 5.68362500e-09 -4.48828524e-01 
 5.68462500e-09 -4.48828524e-01 
 5.68562500e-09 -4.48828524e-01 
 5.68662500e-09 -4.48828524e-01 
 5.68762500e-09 -4.48828524e-01 
 5.68862500e-09 -4.48828524e-01 
 5.68962500e-09 -4.48828524e-01 
 5.69062500e-09 -4.48828524e-01 
 5.69162500e-09 -4.48828524e-01 
 5.69262500e-09 -4.48828524e-01 
 5.69362500e-09 -4.48828524e-01 
 5.69462500e-09 -4.48828524e-01 
 5.69562500e-09 -4.48828524e-01 
 5.69662500e-09 -4.48828524e-01 
 5.69762500e-09 -4.48828524e-01 
 5.69862500e-09 -4.48828524e-01 
 5.69962500e-09 -4.48828524e-01 
 5.70062500e-09 -4.48828524e-01 
 5.70162500e-09 -4.48828524e-01 
 5.70262500e-09 -4.48828524e-01 
 5.70362500e-09 -4.48828524e-01 
 5.70462500e-09 -4.48828524e-01 
 5.70562500e-09 -4.48828524e-01 
 5.70662500e-09 -4.48828524e-01 
 5.70762500e-09 -4.48828524e-01 
 5.70862500e-09 -4.48828524e-01 
 5.70962500e-09 -4.48828524e-01 
 5.71062500e-09 -4.48828524e-01 
 5.71162500e-09 -4.48828524e-01 
 5.71262500e-09 -4.48828524e-01 
 5.71362500e-09 -4.48828524e-01 
 5.71462500e-09 -4.48828524e-01 
 5.71562500e-09 -4.48828524e-01 
 5.71662500e-09 -4.48828524e-01 
 5.71762500e-09 -4.48828524e-01 
 5.71862500e-09 -4.48828524e-01 
 5.71962500e-09 -4.48828524e-01 
 5.72062500e-09 -4.48828524e-01 
 5.72162500e-09 -4.48828524e-01 
 5.72262500e-09 -4.48828524e-01 
 5.72362500e-09 -4.48828524e-01 
 5.72462500e-09 -4.48828524e-01 
 5.72562500e-09 -4.48828524e-01 
 5.72662500e-09 -4.48828524e-01 
 5.72762500e-09 -4.48828524e-01 
 5.72862500e-09 -4.48828524e-01 
 5.72962500e-09 -4.48828524e-01 
 5.73062500e-09 -4.48828524e-01 
 5.73162500e-09 -4.48828524e-01 
 5.73262500e-09 -4.48828524e-01 
 5.73362500e-09 -4.48828524e-01 
 5.73462500e-09 -4.48828524e-01 
 5.73562500e-09 -4.48828524e-01 
 5.73662500e-09 -4.48828524e-01 
 5.73762500e-09 -4.48828524e-01 
 5.73862500e-09 -4.48828524e-01 
 5.73962500e-09 -4.48828524e-01 
 5.74062500e-09 -4.48828524e-01 
 5.74162500e-09 -4.48828524e-01 
 5.74262500e-09 -4.48828524e-01 
 5.74362500e-09 -4.48828524e-01 
 5.74462500e-09 -4.48828524e-01 
 5.74562500e-09 -4.48828524e-01 
 5.74662500e-09 -4.48828524e-01 
 5.74762500e-09 -4.48828524e-01 
 5.74862500e-09 -4.48828524e-01 
 5.74962500e-09 -4.48828524e-01 
 5.75062500e-09 -4.48828524e-01 
 5.75162500e-09 -4.48828524e-01 
 5.75262500e-09 -4.48828524e-01 
 5.75362500e-09 -4.48828524e-01 
 5.75462500e-09 -4.48828524e-01 
 5.75562500e-09 -4.48828524e-01 
 5.75662500e-09 -4.48828524e-01 
 5.75762500e-09 -4.48828524e-01 
 5.75862500e-09 -4.48828524e-01 
 5.75962500e-09 -4.48828524e-01 
 5.76062500e-09 -4.48828524e-01 
 5.76162500e-09 -4.48828524e-01 
 5.76262500e-09 -4.48828524e-01 
 5.76362500e-09 -4.48828524e-01 
 5.76462500e-09 -4.48828524e-01 
 5.76562500e-09 -4.48828524e-01 
 5.76662500e-09 -4.48828524e-01 
 5.76762500e-09 -4.48828524e-01 
 5.76862500e-09 -4.48828524e-01 
 5.76962500e-09 -4.48828524e-01 
 5.77062500e-09 -4.48828524e-01 
 5.77162500e-09 -4.48828524e-01 
 5.77262500e-09 -4.48828524e-01 
 5.77362500e-09 -4.48828524e-01 
 5.77462500e-09 -4.48828524e-01 
 5.77562500e-09 -4.48828524e-01 
 5.77662500e-09 -4.48828524e-01 
 5.77762500e-09 -4.48828524e-01 
 5.77862500e-09 -4.48828524e-01 
 5.77962500e-09 -4.48828524e-01 
 5.78062500e-09 -4.48828524e-01 
 5.78162500e-09 -4.48828524e-01 
 5.78262500e-09 -4.48828524e-01 
 5.78362500e-09 -4.48828524e-01 
 5.78462500e-09 -4.48828524e-01 
 5.78562500e-09 -4.48828524e-01 
 5.78662500e-09 -4.48828524e-01 
 5.78762500e-09 -4.48828524e-01 
 5.78862500e-09 -4.48828524e-01 
 5.78962500e-09 -4.48828524e-01 
 5.79062500e-09 -4.48828524e-01 
 5.79162500e-09 -4.48828524e-01 
 5.79262500e-09 -4.48828524e-01 
 5.79362500e-09 -4.48828524e-01 
 5.79462500e-09 -4.48828524e-01 
 5.79562500e-09 -4.48828524e-01 
 5.79662500e-09 -4.48828524e-01 
 5.79762500e-09 -4.48828524e-01 
 5.79862500e-09 -4.48828524e-01 
 5.79962500e-09 -4.48828524e-01 
 5.80062500e-09 -4.48828524e-01 
 5.80162500e-09 -4.48828524e-01 
 5.80262500e-09 -4.48828524e-01 
 5.80362500e-09 -4.48828524e-01 
 5.80462500e-09 -4.48828524e-01 
 5.80562500e-09 -4.48828524e-01 
 5.80662500e-09 -4.48828524e-01 
 5.80762500e-09 -4.48828524e-01 
 5.80862500e-09 -4.48828524e-01 
 5.80962500e-09 -4.48828524e-01 
 5.81062500e-09 -4.48828524e-01 
 5.81162500e-09 -4.48828524e-01 
 5.81262500e-09 -4.48828524e-01 
 5.81362500e-09 -4.48828524e-01 
 5.81462500e-09 -4.48828524e-01 
 5.81562500e-09 -4.48828524e-01 
 5.81662500e-09 -4.48828524e-01 
 5.81762500e-09 -4.48828524e-01 
 5.81862500e-09 -4.48828524e-01 
 5.81962500e-09 -4.48828524e-01 
 5.82062500e-09 -4.48828524e-01 
 5.82162500e-09 -4.48828524e-01 
 5.82262500e-09 -4.48828524e-01 
 5.82362500e-09 -4.48828524e-01 
 5.82462500e-09 -4.48828524e-01 
 5.82562500e-09 -4.48828524e-01 
 5.82662500e-09 -4.48828524e-01 
 5.82762500e-09 -4.48828524e-01 
 5.82862500e-09 -4.48828524e-01 
 5.82962500e-09 -4.48828524e-01 
 5.83062500e-09 -4.48828524e-01 
 5.83162500e-09 -4.48828524e-01 
 5.83262500e-09 -4.48828524e-01 
 5.83362500e-09 -4.48828524e-01 
 5.83462500e-09 -4.48828524e-01 
 5.83562500e-09 -4.48828524e-01 
 5.83662500e-09 -4.48828524e-01 
 5.83762500e-09 -4.48828524e-01 
 5.83862500e-09 -4.48828524e-01 
 5.83962500e-09 -4.48828524e-01 
 5.84062500e-09 -4.48828524e-01 
 5.84162500e-09 -4.48828524e-01 
 5.84262500e-09 -4.48828524e-01 
 5.84362500e-09 -4.48828524e-01 
 5.84462500e-09 -4.48828524e-01 
 5.84562500e-09 -4.48828524e-01 
 5.84662500e-09 -4.48828524e-01 
 5.84762500e-09 -4.48828524e-01 
 5.84862500e-09 -4.48828524e-01 
 5.84962500e-09 -4.48828524e-01 
 5.85062500e-09 -4.48828524e-01 
 5.85162500e-09 -4.48828524e-01 
 5.85262500e-09 -4.48828524e-01 
 5.85362500e-09 -4.48828524e-01 
 5.85462500e-09 -4.48828524e-01 
 5.85562500e-09 -4.48828524e-01 
 5.85662500e-09 -4.48828524e-01 
 5.85762500e-09 -4.48828524e-01 
 5.85862500e-09 -4.48828524e-01 
 5.85962500e-09 -4.48828524e-01 
 5.86062500e-09 -4.48828524e-01 
 5.86162500e-09 -4.48828524e-01 
 5.86262500e-09 -4.48828524e-01 
 5.86362500e-09 -4.48828524e-01 
 5.86462500e-09 -4.48828524e-01 
 5.86562500e-09 -4.48828524e-01 
 5.86662500e-09 -4.48828524e-01 
 5.86762500e-09 -4.48828524e-01 
 5.86862500e-09 -4.48828524e-01 
 5.86962500e-09 -4.48828524e-01 
 5.87062500e-09 -4.48828524e-01 
 5.87162500e-09 -4.48828524e-01 
 5.87262500e-09 -4.48828524e-01 
 5.87362500e-09 -4.48828524e-01 
 5.87462500e-09 -4.48828524e-01 
 5.87562500e-09 -4.48828524e-01 
 5.87662500e-09 -4.48828524e-01 
 5.87762500e-09 -4.48828524e-01 
 5.87862500e-09 -4.48828524e-01 
 5.87962500e-09 -4.48828524e-01 
 5.88062500e-09 -4.48828524e-01 
 5.88162500e-09 -4.48828524e-01 
 5.88262500e-09 -4.48828524e-01 
 5.88362500e-09 -4.48828524e-01 
 5.88462500e-09 -4.48828524e-01 
 5.88562500e-09 -4.48828524e-01 
 5.88662500e-09 -4.48828524e-01 
 5.88762500e-09 -4.48828524e-01 
 5.88862500e-09 -4.48828524e-01 
 5.88962500e-09 -4.48828524e-01 
 5.89062500e-09 -4.48828524e-01 
 5.89162500e-09 -4.48828524e-01 
 5.89262500e-09 -4.48828524e-01 
 5.89362500e-09 -4.48828524e-01 
 5.89462500e-09 -4.48828524e-01 
 5.89562500e-09 -4.48828524e-01 
 5.89662500e-09 -4.48828524e-01 
 5.89762500e-09 -4.48828524e-01 
 5.89862500e-09 -4.48828524e-01 
 5.89962500e-09 -4.48828524e-01 
 5.90062500e-09 -4.48828524e-01 
 5.90162500e-09 -4.48828524e-01 
 5.90262500e-09 -4.48828524e-01 
 5.90362500e-09 -4.48828524e-01 
 5.90462500e-09 -4.48828524e-01 
 5.90562500e-09 -4.48828524e-01 
 5.90662500e-09 -4.48828524e-01 
 5.90762500e-09 -4.48828524e-01 
 5.90862500e-09 -4.48828524e-01 
 5.90962500e-09 -4.48828524e-01 
 5.91062500e-09 -4.48828524e-01 
 5.91075000e-09 -4.48828524e-01 
 5.91100000e-09 -4.48828524e-01 
 5.91150000e-09 -4.48828524e-01 
 5.91250000e-09 -4.48828524e-01 
 5.91350000e-09 -4.48828524e-01 
 5.91450000e-09 -4.48828524e-01 
 5.91550000e-09 -4.48828524e-01 
 5.91650000e-09 -4.48828524e-01 
 5.91750000e-09 -4.48828524e-01 
 5.91850000e-09 -4.48828524e-01 
 5.91950000e-09 -4.48828524e-01 
 5.92050000e-09 -4.48828524e-01 
 5.92150000e-09 -4.48828524e-01 
 5.92250000e-09 -4.48828524e-01 
 5.92350000e-09 -4.48828524e-01 
 5.92450000e-09 -4.48828524e-01 
 5.92550000e-09 -4.48828524e-01 
 5.92650000e-09 -4.48828524e-01 
 5.92750000e-09 -4.48828524e-01 
 5.92850000e-09 -4.48828524e-01 
 5.92950000e-09 -4.48828524e-01 
 5.93050000e-09 -4.48828524e-01 
 5.93150000e-09 -4.48828524e-01 
 5.93250000e-09 -4.48828524e-01 
 5.93350000e-09 -4.48828524e-01 
 5.93450000e-09 -4.48828524e-01 
 5.93550000e-09 -4.48828524e-01 
 5.93650000e-09 -4.48828524e-01 
 5.93750000e-09 -4.48828524e-01 
 5.93850000e-09 -4.48828524e-01 
 5.93950000e-09 -4.48828524e-01 
 5.94050000e-09 -4.48828524e-01 
 5.94150000e-09 -4.48828524e-01 
 5.94250000e-09 -4.48828524e-01 
 5.94350000e-09 -4.48828524e-01 
 5.94450000e-09 -4.48828524e-01 
 5.94550000e-09 -4.48828524e-01 
 5.94650000e-09 -4.48828524e-01 
 5.94750000e-09 -4.48828524e-01 
 5.94850000e-09 -4.48828524e-01 
 5.94950000e-09 -4.48828524e-01 
 5.95050000e-09 -4.48828524e-01 
 5.95150000e-09 -4.48828524e-01 
 5.95250000e-09 -4.48828524e-01 
 5.95350000e-09 -4.48828524e-01 
 5.95450000e-09 -4.48828524e-01 
 5.95550000e-09 -4.48828524e-01 
 5.95650000e-09 -4.48828524e-01 
 5.95750000e-09 -4.48828524e-01 
 5.95850000e-09 -4.48828524e-01 
 5.95950000e-09 -4.48828524e-01 
 5.96050000e-09 -4.48828524e-01 
 5.96150000e-09 -4.48828524e-01 
 5.96250000e-09 -4.48828524e-01 
 5.96350000e-09 -4.48828524e-01 
 5.96450000e-09 -4.48828524e-01 
 5.96550000e-09 -4.48828524e-01 
 5.96650000e-09 -4.48828524e-01 
 5.96750000e-09 -4.48828524e-01 
 5.96850000e-09 -4.48828524e-01 
 5.96950000e-09 -4.48828524e-01 
 5.97050000e-09 -4.48828524e-01 
 5.97150000e-09 -4.48828524e-01 
 5.97250000e-09 -4.48828524e-01 
 5.97350000e-09 -4.48828524e-01 
 5.97450000e-09 -4.48828524e-01 
 5.97550000e-09 -4.48828524e-01 
 5.97650000e-09 -4.48828524e-01 
 5.97750000e-09 -4.48828524e-01 
 5.97850000e-09 -4.48828524e-01 
 5.97950000e-09 -4.48828524e-01 
 5.98050000e-09 -4.48828524e-01 
 5.98150000e-09 -4.48828524e-01 
 5.98250000e-09 -4.48828524e-01 
 5.98350000e-09 -4.48828524e-01 
 5.98450000e-09 -4.48828524e-01 
 5.98550000e-09 -4.48828524e-01 
 5.98650000e-09 -4.48828524e-01 
 5.98750000e-09 -4.48828524e-01 
 5.98850000e-09 -4.48828524e-01 
 5.98950000e-09 -4.48828524e-01 
 5.99050000e-09 -4.48828524e-01 
 5.99150000e-09 -4.48828524e-01 
 5.99250000e-09 -4.48828524e-01 
 5.99350000e-09 -4.48828524e-01 
 5.99450000e-09 -4.48828524e-01 
 5.99550000e-09 -4.48828524e-01 
 5.99650000e-09 -4.48828524e-01 
 5.99750000e-09 -4.48828524e-01 
 5.99850000e-09 -4.48828524e-01 
 5.99925000e-09 -4.48828524e-01 
 6.00000000e-09 -4.48828524e-01 
