 0.00000000e+00  0.00000000e+00 
 1.00000000e-14  1.30913214e-16 
 2.00000000e-14  1.89965773e-16 
 4.00000000e-14  7.12505397e-17 
 8.00000000e-14 -2.23980628e-16 
 1.60000000e-13  4.47865481e-16 
 3.20000000e-13  1.59431679e-15 
 6.40000000e-13  2.23736295e-15 
 1.28000000e-12  4.30606182e-15 
 2.28000000e-12 -2.75502817e-15 
 3.28000000e-12 -3.47166949e-14 
 4.28000000e-12 -6.13300676e-14 
 5.28000000e-12 -8.67831470e-14 
 6.28000000e-12 -1.11875321e-13 
 7.28000000e-12 -1.35218868e-13 
 8.28000000e-12 -1.58837507e-13 
 9.28000000e-12 -1.81034639e-13 
 1.02800000e-11 -2.03375097e-13 
 1.12800000e-11 -2.24855892e-13 
 1.22800000e-11 -2.46256934e-13 
 1.32800000e-11 -2.66712314e-13 
 1.42800000e-11 -2.87144057e-13 
 1.52800000e-11 -3.06817511e-13 
 1.62800000e-11 -3.26409445e-13 
 1.72800000e-11 -3.45098840e-13 
 1.82800000e-11 -3.63747993e-13 
 1.92800000e-11 -3.81730953e-13 
 2.02800000e-11 -3.99611289e-13 
 2.12800000e-11 -4.16785257e-13 
 2.22800000e-11 -4.33940902e-13 
 2.32800000e-11 -4.50566518e-13 
 2.42800000e-11 -4.66917776e-13 
 2.52800000e-11 -4.83017029e-13 
 2.62800000e-11 -4.98792770e-13 
 2.72800000e-11 -5.14023437e-13 
 2.82800000e-11 -5.28947709e-13 
 2.92800000e-11 -5.43586628e-13 
 3.02800000e-11 -5.58287850e-13 
 3.12800000e-11 -5.72404241e-13 
 3.22800000e-11 -5.86274192e-13 
 3.32800000e-11 -5.99920304e-13 
 3.42800000e-11 -6.13460305e-13 
 3.52800000e-11 -6.26592605e-13 
 3.62800000e-11 -6.39469465e-13 
 3.72800000e-11 -6.51740464e-13 
 3.82800000e-11 -6.63977756e-13 
 3.92800000e-11 -6.76054002e-13 
 4.02800000e-11 -6.87830623e-13 
 4.12800000e-11 -6.99335465e-13 
 4.22800000e-11 -7.10748896e-13 
 4.32800000e-11 -7.21880533e-13 
 4.42800000e-11 -7.32781808e-13 
 4.52800000e-11 -7.43305474e-13 
 4.62800000e-11 -7.53770979e-13 
 4.72800000e-11 -7.64017093e-13 
 4.82800000e-11 -7.73897176e-13 
 4.92800000e-11 -7.83526068e-13 
 5.02800000e-11 -7.93131960e-13 
 5.12800000e-11 -8.02579311e-13 
 5.22800000e-11 -8.11706314e-13 
 5.32800000e-11 -8.20737401e-13 
 5.42800000e-11 -8.29604692e-13 
 5.52800000e-11 -8.38251183e-13 
 5.62800000e-11 -8.46666789e-13 
 5.72800000e-11 -8.54902474e-13 
 5.82800000e-11 -8.63065880e-13 
 5.92800000e-11 -8.70957494e-13 
 6.02800000e-11 -8.78793794e-13 
 6.12800000e-11 -8.86441272e-13 
 6.22800000e-11 -8.93772523e-13 
 6.32800000e-11 -9.01001486e-13 
 6.42800000e-11 -9.08062754e-13 
 6.52800000e-11 -9.15093832e-13 
 6.62800000e-11 -9.22039626e-13 
 6.72800000e-11 -9.28717899e-13 
 6.82800000e-11 -9.35386765e-13 
 6.92800000e-11 -9.41842354e-13 
 7.02800000e-11 -9.48125968e-13 
 7.12800000e-11 -9.54377636e-13 
 7.22800000e-11 -9.60528573e-13 
 7.32800000e-11 -9.66518320e-13 
 7.42800000e-11 -9.72358703e-13 
 7.52800000e-11 -9.77839865e-13 
 7.62800000e-11 -9.83394107e-13 
 7.72800000e-11 -9.89054553e-13 
 7.82800000e-11 -9.94434721e-13 
 7.92800000e-11 -9.99701311e-13 
 8.02800000e-11 -1.00492881e-12 
 8.12800000e-11 -1.00994927e-12 
 8.22800000e-11 -1.01457561e-12 
 8.32800000e-11 -1.01925648e-12 
 8.42800000e-11 -1.02394515e-12 
 8.52800000e-11 -1.02869983e-12 
 8.62800000e-11 -1.03319524e-12 
 8.72800000e-11 -1.03747360e-12 
 8.82800000e-11 -1.04185484e-12 
 8.92800000e-11 -1.04615585e-12 
 9.02800000e-11 -1.05036073e-12 
 9.12800000e-11 -1.05445611e-12 
 9.22800000e-11 -1.05834298e-12 
 9.32800000e-11 -1.06218998e-12 
 9.42800000e-11 -1.06606700e-12 
 9.52800000e-11 -1.06977294e-12 
 9.62800000e-11 -1.07334726e-12 
 9.72800000e-11 -1.07688554e-12 
 9.82800000e-11 -1.08054580e-12 
 9.92800000e-11 -1.08404224e-12 
 1.00280000e-10 -1.08751046e-12 
 1.01280000e-10 -1.09086824e-12 
 1.02280000e-10 -1.09406666e-12 
 1.03280000e-10 -1.09722787e-12 
 1.04280000e-10 -1.10031638e-12 
 1.05280000e-10 -1.10331913e-12 
 1.06280000e-10 -1.10619829e-12 
 1.07280000e-10 -1.10897390e-12 
 1.08280000e-10 -1.11174378e-12 
 1.09280000e-10 -1.11447222e-12 
 1.10280000e-10 -1.11724955e-12 
 1.11280000e-10 -1.11993187e-12 
 1.12280000e-10 -1.12254821e-12 
 1.13280000e-10 -1.12512777e-12 
 1.14280000e-10 -1.12765970e-12 
 1.15280000e-10 -1.13021588e-12 
 1.16280000e-10 -1.13237870e-12 
 1.17280000e-10 -1.13458550e-12 
 1.18280000e-10 -1.13687418e-12 
 1.19280000e-10 -1.13902282e-12 
 1.20280000e-10 -1.14119817e-12 
 1.21280000e-10 -1.14335475e-12 
 1.22280000e-10 -1.14537047e-12 
 1.23280000e-10 -1.14743971e-12 
 1.24280000e-10 -1.14954718e-12 
 1.25280000e-10 -1.15140634e-12 
 1.26280000e-10 -1.15328985e-12 
 1.27280000e-10 -1.15515102e-12 
 1.28280000e-10 -1.15688652e-12 
 1.29280000e-10 -1.15881415e-12 
 1.30280000e-10 -1.16056838e-12 
 1.31280000e-10 -1.16218236e-12 
 1.32280000e-10 -1.16396008e-12 
 1.33280000e-10 -1.16550775e-12 
 1.34280000e-10 -1.16703780e-12 
 1.35280000e-10 -1.16892199e-12 
 1.36280000e-10 -1.17059027e-12 
 1.37280000e-10 -1.17215036e-12 
 1.38280000e-10 -1.17380110e-12 
 1.39280000e-10 -1.17517688e-12 
 1.40280000e-10 -1.17663474e-12 
 1.41280000e-10 -1.17809617e-12 
 1.42280000e-10 -1.17951814e-12 
 1.43280000e-10 -1.18095299e-12 
 1.44280000e-10 -1.18230454e-12 
 1.45280000e-10 -1.18357659e-12 
 1.46280000e-10 -1.18483880e-12 
 1.47280000e-10 -1.18594484e-12 
 1.48280000e-10 -1.18706218e-12 
 1.49280000e-10 -1.18825001e-12 
 1.50280000e-10 -1.18941723e-12 
 1.51280000e-10 -1.19045102e-12 
 1.52280000e-10 -1.19146108e-12 
 1.53280000e-10 -1.19253684e-12 
 1.54280000e-10 -1.19373280e-12 
 1.55280000e-10 -1.19504330e-12 
 1.56280000e-10 -1.19619288e-12 
 1.57280000e-10 -1.19725817e-12 
 1.58280000e-10 -1.19819543e-12 
 1.59280000e-10 -1.19914269e-12 
 1.60280000e-10 -1.20002939e-12 
 1.61280000e-10 -1.20076094e-12 
 1.62280000e-10 -1.20137454e-12 
 1.63280000e-10 -1.20210745e-12 
 1.64280000e-10 -1.20306306e-12 
 1.65280000e-10 -1.20405978e-12 
 1.66280000e-10 -1.20484862e-12 
 1.67280000e-10 -1.20562139e-12 
 1.68280000e-10 -1.20648342e-12 
 1.69280000e-10 -1.20732042e-12 
 1.70280000e-10 -1.20821530e-12 
 1.71280000e-10 -1.20884062e-12 
 1.72280000e-10 -1.20958060e-12 
 1.73280000e-10 -1.21037462e-12 
 1.74280000e-10 -1.21122894e-12 
 1.75280000e-10 -1.21185354e-12 
 1.76280000e-10 -1.21245540e-12 
 1.77280000e-10 -1.21303806e-12 
 1.78280000e-10 -1.21373622e-12 
 1.79280000e-10 -1.21450607e-12 
 1.80280000e-10 -1.21530968e-12 
 1.81280000e-10 -1.21588821e-12 
 1.82280000e-10 -1.21650485e-12 
 1.83280000e-10 -1.21721561e-12 
 1.84280000e-10 -1.21784019e-12 
 1.85280000e-10 -1.21839672e-12 
 1.86280000e-10 -1.21893642e-12 
 1.87280000e-10 -1.21953273e-12 
 1.88280000e-10 -1.21988744e-12 
 1.89280000e-10 -1.22035399e-12 
 1.90280000e-10 -1.22095555e-12 
 1.91280000e-10 -1.22132034e-12 
 1.92280000e-10 -1.22148766e-12 
 1.93280000e-10 -1.22197135e-12 
 1.94280000e-10 -1.22234644e-12 
 1.95280000e-10 -1.22277986e-12 
 1.96280000e-10 -1.22322355e-12 
 1.97280000e-10 -1.22384503e-12 
 1.98280000e-10 -1.22445393e-12 
 1.99280000e-10 -1.22465770e-12 
 2.00280000e-10 -1.22498489e-12 
 2.01280000e-10 -1.22540827e-12 
 2.02280000e-10 -1.22592446e-12 
 2.03280000e-10 -1.22645965e-12 
 2.04280000e-10 -1.22655962e-12 
 2.05280000e-10 -1.22678863e-12 
 2.06280000e-10 -1.22699399e-12 
 2.07280000e-10 -1.22730462e-12 
 2.08280000e-10 -1.22782179e-12 
 2.09280000e-10 -1.22803162e-12 
 2.10280000e-10 -1.22800484e-12 
 2.11280000e-10 -1.22815913e-12 
 2.12280000e-10 -1.22836106e-12 
 2.13280000e-10 -1.22859012e-12 
 2.14280000e-10 -1.22883594e-12 
 2.15280000e-10 -1.22895977e-12 
 2.16280000e-10 -1.22933824e-12 
 2.17280000e-10 -1.22956269e-12 
 2.18280000e-10 -1.22971516e-12 
 2.19280000e-10 -1.23010593e-12 
 2.20280000e-10 -1.23036537e-12 
 2.21280000e-10 -1.23030150e-12 
 2.22280000e-10 -1.23041503e-12 
 2.23280000e-10 -1.23053566e-12 
 2.24280000e-10 -1.23066073e-12 
 2.25280000e-10 -1.23063938e-12 
 2.26280000e-10 -1.23074619e-12 
 2.27280000e-10 -1.23102214e-12 
 2.28280000e-10 -1.23117721e-12 
 2.29280000e-10 -1.23141662e-12 
 2.30280000e-10 -1.23156190e-12 
 2.31280000e-10 -1.23160161e-12 
 2.32280000e-10 -1.23181238e-12 
 2.33280000e-10 -1.23196745e-12 
 2.34280000e-10 -1.23195639e-12 
 2.35280000e-10 -1.23210990e-12 
 2.36280000e-10 -1.23235410e-12 
 2.37280000e-10 -1.23234837e-12 
 2.38280000e-10 -1.23247256e-12 
 2.39280000e-10 -1.23277381e-12 
 2.40280000e-10 -1.23313138e-12 
 2.41280000e-10 -1.23356898e-12 
 2.42280000e-10 -1.23395044e-12 
 2.43280000e-10 -1.23405754e-12 
 2.44280000e-10 -1.23410497e-12 
 2.45280000e-10 -1.23412925e-12 
 2.46280000e-10 -1.23432347e-12 
 2.47280000e-10 -1.23450557e-12 
 2.48280000e-10 -1.23465863e-12 
 2.49280000e-10 -1.23472152e-12 
 2.50280000e-10 -1.23475347e-12 
 2.51280000e-10 -1.23483884e-12 
 2.52280000e-10 -1.23494953e-12 
 2.53280000e-10 -1.23516531e-12 
 2.54280000e-10 -1.23535600e-12 
 2.55280000e-10 -1.23554375e-12 
 2.56280000e-10 -1.23559952e-12 
 2.57280000e-10 -1.23571289e-12 
 2.58280000e-10 -1.23573868e-12 
 2.59280000e-10 -1.23581427e-12 
 2.60280000e-10 -1.23583706e-12 
 2.61280000e-10 -1.23586800e-12 
 2.62280000e-10 -1.23596914e-12 
 2.63280000e-10 -1.23616124e-12 
 2.64280000e-10 -1.23627249e-12 
 2.65280000e-10 -1.23639573e-12 
 2.66280000e-10 -1.23636125e-12 
 2.67280000e-10 -1.23656284e-12 
 2.68280000e-10 -1.23681506e-12 
 2.69280000e-10 -1.23681541e-12 
 2.70280000e-10 -1.23667986e-12 
 2.71280000e-10 -1.23662367e-12 
 2.72280000e-10 -1.23676424e-12 
 2.73280000e-10 -1.23693133e-12 
 2.74280000e-10 -1.23684469e-12 
 2.75280000e-10 -1.23680963e-12 
 2.76280000e-10 -1.23670186e-12 
 2.77280000e-10 -1.23652582e-12 
 2.78280000e-10 -1.23638361e-12 
 2.79280000e-10 -1.23623277e-12 
 2.80280000e-10 -1.23610480e-12 
 2.81280000e-10 -1.23613218e-12 
 2.82280000e-10 -1.23635174e-12 
 2.83280000e-10 -1.23639408e-12 
 2.84280000e-10 -1.23643984e-12 
 2.85280000e-10 -1.23650431e-12 
 2.86280000e-10 -1.23661715e-12 
 2.87280000e-10 -1.23648951e-12 
 2.88280000e-10 -1.23642156e-12 
 2.89280000e-10 -1.23633725e-12 
 2.90280000e-10 -1.23646623e-12 
 2.91280000e-10 -1.23648092e-12 
 2.92280000e-10 -1.23632579e-12 
 2.93280000e-10 -1.23624739e-12 
 2.94280000e-10 -1.23623813e-12 
 2.95280000e-10 -1.23634544e-12 
 2.96280000e-10 -1.23654996e-12 
 2.97280000e-10 -1.23652208e-12 
 2.98280000e-10 -1.23642897e-12 
 2.99280000e-10 -1.23642143e-12 
 3.00280000e-10 -1.23642705e-12 
 3.01280000e-10 -1.23633119e-12 
 3.02280000e-10 -1.23643401e-12 
 3.03280000e-10 -1.23644892e-12 
 3.04280000e-10 -1.23631771e-12 
 3.05280000e-10 -1.23635103e-12 
 3.06280000e-10 -1.23645520e-12 
 3.07280000e-10 -1.23635966e-12 
 3.08280000e-10 -1.23610856e-12 
 3.09280000e-10 -1.23601689e-12 
 3.10280000e-10 -1.23604287e-12 
 3.11280000e-10 -1.23594244e-12 
 3.12280000e-10 -1.23584028e-12 
 3.13280000e-10 -1.23595200e-12 
 3.14280000e-10 -1.23598618e-12 
 3.15280000e-10 -1.23598144e-12 
 3.16280000e-10 -1.23596902e-12 
 3.17280000e-10 -1.23593340e-12 
 3.18280000e-10 -1.23579346e-12 
 3.19280000e-10 -1.23567417e-12 
 3.20280000e-10 -1.23559707e-12 
 3.21280000e-10 -1.23566363e-12 
 3.22280000e-10 -1.23571101e-12 
 3.23280000e-10 -1.23582766e-12 
 3.24280000e-10 -1.23578189e-12 
 3.25280000e-10 -1.23566861e-12 
 3.26280000e-10 -1.23572654e-12 
 3.27280000e-10 -1.23569018e-12 
 3.28280000e-10 -1.23569870e-12 
 3.29280000e-10 -1.23562989e-12 
 3.30280000e-10 -1.23567975e-12 
 3.31280000e-10 -1.23571275e-12 
 3.32280000e-10 -1.23572401e-12 
 3.33280000e-10 -1.23572742e-12 
 3.34280000e-10 -1.23571806e-12 
 3.35280000e-10 -1.23578848e-12 
 3.36280000e-10 -1.23575794e-12 
 3.37280000e-10 -1.23575662e-12 
 3.38280000e-10 -1.23578162e-12 
 3.39280000e-10 -1.23577147e-12 
 3.40280000e-10 -1.23574546e-12 
 3.41280000e-10 -1.23571967e-12 
 3.42280000e-10 -1.23574779e-12 
 3.43280000e-10 -1.23585246e-12 
 3.44280000e-10 -1.23591003e-12 
 3.45280000e-10 -1.23581617e-12 
 3.46280000e-10 -1.23562921e-12 
 3.47280000e-10 -1.23550542e-12 
 3.48280000e-10 -1.23565211e-12 
 3.49280000e-10 -1.23573282e-12 
 3.50280000e-10 -1.23568098e-12 
 3.51280000e-10 -1.23571625e-12 
 3.52280000e-10 -1.23577453e-12 
 3.53280000e-10 -1.23596905e-12 
 3.54280000e-10 -1.23606735e-12 
 3.55280000e-10 -1.23606211e-12 
 3.56280000e-10 -1.23601002e-12 
 3.57280000e-10 -1.23585451e-12 
 3.58280000e-10 -1.23583462e-12 
 3.59280000e-10 -1.23591009e-12 
 3.60280000e-10 -1.23583843e-12 
 3.61280000e-10 -1.23579254e-12 
 3.62280000e-10 -1.23583318e-12 
 3.63280000e-10 -1.23596387e-12 
 3.64280000e-10 -1.23601265e-12 
 3.65280000e-10 -1.23602009e-12 
 3.66280000e-10 -1.23614643e-12 
 3.67280000e-10 -1.23615377e-12 
 3.68280000e-10 -1.23616601e-12 
 3.69280000e-10 -1.23614017e-12 
 3.70280000e-10 -1.23612057e-12 
 3.71280000e-10 -1.23608053e-12 
 3.72280000e-10 -1.23606268e-12 
 3.73280000e-10 -1.23607909e-12 
 3.74280000e-10 -1.23606619e-12 
 3.75280000e-10 -1.23591432e-12 
 3.76280000e-10 -1.23579904e-12 
 3.77280000e-10 -1.23579145e-12 
 3.78280000e-10 -1.23574469e-12 
 3.79280000e-10 -1.23573530e-12 
 3.80280000e-10 -1.23575449e-12 
 3.81280000e-10 -1.23573459e-12 
 3.82280000e-10 -1.23570909e-12 
 3.83280000e-10 -1.23565082e-12 
 3.84280000e-10 -1.23558931e-12 
 3.85280000e-10 -1.23557645e-12 
 3.86280000e-10 -1.23554793e-12 
 3.87280000e-10 -1.23541716e-12 
 3.88280000e-10 -1.23544103e-12 
 3.89280000e-10 -1.23542640e-12 
 3.90280000e-10 -1.23549063e-12 
 3.91280000e-10 -1.23543293e-12 
 3.92280000e-10 -1.23526189e-12 
 3.93280000e-10 -1.23501892e-12 
 3.94280000e-10 -1.23499373e-12 
 3.95280000e-10 -1.23503345e-12 
 3.96280000e-10 -1.23493140e-12 
 3.97280000e-10 -1.23477378e-12 
 3.98280000e-10 -1.23468474e-12 
 3.99280000e-10 -1.23477770e-12 
 4.00280000e-10 -1.23484968e-12 
 4.01280000e-10 -1.23486612e-12 
 4.02280000e-10 -1.23471131e-12 
 4.03280000e-10 -1.23455866e-12 
 4.04280000e-10 -1.23442727e-12 
 4.05280000e-10 -1.23435810e-12 
 4.06280000e-10 -1.23419519e-12 
 4.07280000e-10 -1.23406791e-12 
 4.08280000e-10 -1.23414883e-12 
 4.09280000e-10 -1.23401987e-12 
 4.10280000e-10 -1.23381128e-12 
 4.11280000e-10 -1.23379818e-12 
 4.12280000e-10 -1.23367544e-12 
 4.13280000e-10 -1.23356501e-12 
 4.14280000e-10 -1.23337879e-12 
 4.15280000e-10 -1.23328506e-12 
 4.16280000e-10 -1.23316310e-12 
 4.17280000e-10 -1.23301706e-12 
 4.18280000e-10 -1.23287133e-12 
 4.19280000e-10 -1.23283740e-12 
 4.20280000e-10 -1.23297425e-12 
 4.21280000e-10 -1.23297770e-12 
 4.22280000e-10 -1.23301371e-12 
 4.23280000e-10 -1.23313320e-12 
 4.24280000e-10 -1.23316136e-12 
 4.25280000e-10 -1.23313493e-12 
 4.26280000e-10 -1.23306553e-12 
 4.27280000e-10 -1.23283601e-12 
 4.28280000e-10 -1.23286386e-12 
 4.29280000e-10 -1.23277329e-12 
 4.30280000e-10 -1.23251866e-12 
 4.31280000e-10 -1.23225840e-12 
 4.32280000e-10 -1.23217355e-12 
 4.33280000e-10 -1.23209201e-12 
 4.34280000e-10 -1.23206115e-12 
 4.35280000e-10 -1.23216767e-12 
 4.36280000e-10 -1.23224485e-12 
 4.37280000e-10 -1.23248281e-12 
 4.38280000e-10 -1.23253826e-12 
 4.39280000e-10 -1.23254867e-12 
 4.40280000e-10 -1.23250715e-12 
 4.41280000e-10 -1.23239994e-12 
 4.42280000e-10 -1.23213225e-12 
 4.43280000e-10 -1.23198982e-12 
 4.44280000e-10 -1.23190436e-12 
 4.45280000e-10 -1.23199161e-12 
 4.46280000e-10 -1.23201378e-12 
 4.47280000e-10 -1.23202837e-12 
 4.48280000e-10 -1.23203900e-12 
 4.49280000e-10 -1.23194479e-12 
 4.50280000e-10 -1.23176815e-12 
 4.51280000e-10 -1.23154969e-12 
 4.52280000e-10 -1.23144823e-12 
 4.53280000e-10 -1.23136015e-12 
 4.54280000e-10 -1.23133477e-12 
 4.55280000e-10 -1.23119774e-12 
 4.56280000e-10 -1.23110724e-12 
 4.57280000e-10 -1.23107656e-12 
 4.58280000e-10 -1.23098410e-12 
 4.59280000e-10 -1.23095689e-12 
 4.60280000e-10 -1.23101306e-12 
 4.61280000e-10 -1.23102679e-12 
 4.62280000e-10 -1.23102004e-12 
 4.63280000e-10 -1.23100797e-12 
 4.64280000e-10 -1.23107223e-12 
 4.65280000e-10 -1.23099788e-12 
 4.66280000e-10 -1.23088962e-12 
 4.67280000e-10 -1.23087660e-12 
 4.68280000e-10 -1.23085768e-12 
 4.69280000e-10 -1.23078223e-12 
 4.70280000e-10 -1.23071963e-12 
 4.71280000e-10 -1.23075450e-12 
 4.72280000e-10 -1.23075232e-12 
 4.73280000e-10 -1.23071377e-12 
 4.74280000e-10 -1.23056080e-12 
 4.75280000e-10 -1.23034905e-12 
 4.76280000e-10 -1.23021573e-12 
 4.77280000e-10 -1.23002614e-12 
 4.78280000e-10 -1.23010671e-12 
 4.79280000e-10 -1.23003339e-12 
 4.80280000e-10 -1.22996551e-12 
 4.81280000e-10 -1.22982558e-12 
 4.82280000e-10 -1.22974387e-12 
 4.83280000e-10 -1.22954037e-12 
 4.84280000e-10 -1.22936934e-12 
 4.85280000e-10 -1.22931119e-12 
 4.86280000e-10 -1.22911703e-12 
 4.87280000e-10 -1.22899703e-12 
 4.88280000e-10 -1.22900148e-12 
 4.89280000e-10 -1.22913416e-12 
 4.90280000e-10 -1.22918771e-12 
 4.91280000e-10 -1.22927373e-12 
 4.92280000e-10 -1.22918403e-12 
 4.93280000e-10 -1.22912990e-12 
 4.94280000e-10 -1.22901800e-12 
 4.95280000e-10 -1.22886081e-12 
 4.96280000e-10 -1.22869329e-12 
 4.97280000e-10 -1.22854353e-12 
 4.98280000e-10 -1.22849385e-12 
 4.99280000e-10 -1.22847607e-12 
 5.00280000e-10 -1.22844934e-12 
 5.01280000e-10 -1.22844749e-12 
 5.02280000e-10 -1.22843542e-12 
 5.03280000e-10 -1.22842660e-12 
 5.04280000e-10 -1.22845526e-12 
 5.05280000e-10 -1.22856933e-12 
 5.06280000e-10 -1.22863243e-12 
 5.07280000e-10 -1.22861381e-12 
 5.08280000e-10 -1.22870070e-12 
 5.09280000e-10 -1.22888146e-12 
 5.10280000e-10 -1.22912216e-12 
 5.11280000e-10 -1.22936820e-12 
 5.12280000e-10 -1.22947788e-12 
 5.13280000e-10 -1.22946647e-12 
 5.14280000e-10 -1.22930338e-12 
 5.15280000e-10 -1.22913887e-12 
 5.16280000e-10 -1.22909429e-12 
 5.17280000e-10 -1.22892401e-12 
 5.18280000e-10 -1.22895433e-12 
 5.19280000e-10 -1.22894352e-12 
 5.20280000e-10 -1.22894435e-12 
 5.21280000e-10 -1.22893145e-12 
 5.22280000e-10 -1.22889456e-12 
 5.23280000e-10 -1.22877451e-12 
 5.24280000e-10 -1.22881773e-12 
 5.25280000e-10 -1.22874347e-12 
 5.26280000e-10 -1.22869863e-12 
 5.27280000e-10 -1.22860190e-12 
 5.28280000e-10 -1.22847302e-12 
 5.29280000e-10 -1.22844996e-12 
 5.30280000e-10 -1.22838768e-12 
 5.31280000e-10 -1.22849046e-12 
 5.32280000e-10 -1.22860323e-12 
 5.33280000e-10 -1.22854164e-12 
 5.34280000e-10 -1.22843367e-12 
 5.35280000e-10 -1.22824264e-12 
 5.36280000e-10 -1.22822188e-12 
 5.37280000e-10 -1.22819404e-12 
 5.38280000e-10 -1.22825734e-12 
 5.39280000e-10 -1.22837780e-12 
 5.40280000e-10 -1.22841801e-12 
 5.41280000e-10 -1.22846664e-12 
 5.42280000e-10 -1.22849518e-12 
 5.43280000e-10 -1.22851426e-12 
 5.44280000e-10 -1.22854232e-12 
 5.45280000e-10 -1.22855086e-12 
 5.46280000e-10 -1.22859070e-12 
 5.47280000e-10 -1.22854599e-12 
 5.48280000e-10 -1.22849243e-12 
 5.49280000e-10 -1.22846711e-12 
 5.50280000e-10 -1.22843735e-12 
 5.51280000e-10 -1.22839009e-12 
 5.52280000e-10 -1.22834011e-12 
 5.53280000e-10 -1.22819492e-12 
 5.54280000e-10 -1.22789825e-12 
 5.55280000e-10 -1.22773750e-12 
 5.56280000e-10 -1.22755400e-12 
 5.57280000e-10 -1.22739739e-12 
 5.58280000e-10 -1.22739493e-12 
 5.59280000e-10 -1.22737366e-12 
 5.60280000e-10 -1.22725574e-12 
 5.61280000e-10 -1.22719656e-12 
 5.62280000e-10 -1.22720790e-12 
 5.63280000e-10 -1.22714702e-12 
 5.64280000e-10 -1.22705697e-12 
 5.65280000e-10 -1.22694380e-12 
 5.66280000e-10 -1.22692426e-12 
 5.67280000e-10 -1.22689667e-12 
 5.68280000e-10 -1.22684523e-12 
 5.69280000e-10 -1.22676544e-12 
 5.70280000e-10 -1.22675363e-12 
 5.71280000e-10 -1.22684745e-12 
 5.72280000e-10 -1.22684349e-12 
 5.73280000e-10 -1.22677771e-12 
 5.74280000e-10 -1.22680240e-12 
 5.75280000e-10 -1.22679403e-12 
 5.76280000e-10 -1.22680600e-12 
 5.77280000e-10 -1.22681362e-12 
 5.78280000e-10 -1.22672631e-12 
 5.79280000e-10 -1.22668259e-12 
 5.80280000e-10 -1.22655207e-12 
 5.81280000e-10 -1.22657757e-12 
 5.82280000e-10 -1.22655905e-12 
 5.83280000e-10 -1.22649102e-12 
 5.84280000e-10 -1.22637639e-12 
 5.85280000e-10 -1.22614102e-12 
 5.86280000e-10 -1.22608898e-12 
 5.87280000e-10 -1.22609008e-12 
 5.88280000e-10 -1.22603081e-12 
 5.89280000e-10 -1.22589099e-12 
 5.90280000e-10 -1.22585649e-12 
 5.91280000e-10 -1.22596902e-12 
 5.92280000e-10 -1.22596708e-12 
 5.93280000e-10 -1.22595594e-12 
 5.94280000e-10 -1.22595829e-12 
 5.95280000e-10 -1.22596079e-12 
 5.96280000e-10 -1.22590105e-12 
 5.97280000e-10 -1.22585546e-12 
 5.98280000e-10 -1.22596775e-12 
 5.99280000e-10 -1.22600377e-12 
 6.00280000e-10 -1.22604367e-12 
 6.01280000e-10 -1.22609799e-12 
 6.02280000e-10 -1.22603957e-12 
 6.03280000e-10 -1.22601831e-12 
 6.04280000e-10 -1.22604061e-12 
 6.05280000e-10 -1.22612151e-12 
 6.06280000e-10 -1.22604533e-12 
 6.07280000e-10 -1.22606781e-12 
 6.08280000e-10 -1.22605305e-12 
 6.09280000e-10 -1.22603173e-12 
 6.10280000e-10 -1.22599548e-12 
 6.11280000e-10 -1.22595243e-12 
 6.12280000e-10 -1.22598910e-12 
 6.13280000e-10 -1.22594757e-12 
 6.14280000e-10 -1.22596997e-12 
 6.15280000e-10 -1.22595303e-12 
 6.16280000e-10 -1.22597584e-12 
 6.17280000e-10 -1.22595288e-12 
 6.18280000e-10 -1.22597585e-12 
 6.19280000e-10 -1.22596087e-12 
 6.20280000e-10 -1.22597606e-12 
 6.21280000e-10 -1.22593662e-12 
 6.22280000e-10 -1.22584192e-12 
 6.23280000e-10 -1.22589604e-12 
 6.24280000e-10 -1.22594390e-12 
 6.25280000e-10 -1.22588952e-12 
 6.26280000e-10 -1.22582574e-12 
 6.27280000e-10 -1.22584208e-12 
 6.28280000e-10 -1.22584362e-12 
 6.29280000e-10 -1.22589928e-12 
 6.30280000e-10 -1.22593241e-12 
 6.31280000e-10 -1.22585538e-12 
 6.32280000e-10 -1.22581666e-12 
 6.33280000e-10 -1.22580823e-12 
 6.34280000e-10 -1.22580228e-12 
 6.35280000e-10 -1.22577852e-12 
 6.36280000e-10 -1.22576495e-12 
 6.37280000e-10 -1.22568718e-12 
 6.38280000e-10 -1.22559659e-12 
 6.39280000e-10 -1.22559489e-12 
 6.40280000e-10 -1.22550767e-12 
 6.41280000e-10 -1.22544917e-12 
 6.42280000e-10 -1.22548872e-12 
 6.43280000e-10 -1.22546304e-12 
 6.44280000e-10 -1.22543413e-12 
 6.45280000e-10 -1.22540137e-12 
 6.46280000e-10 -1.22542196e-12 
 6.47280000e-10 -1.22547025e-12 
 6.48280000e-10 -1.22542306e-12 
 6.49280000e-10 -1.22542851e-12 
 6.50280000e-10 -1.22540129e-12 
 6.51280000e-10 -1.22537707e-12 
 6.52280000e-10 -1.22535109e-12 
 6.53280000e-10 -1.22527364e-12 
 6.54280000e-10 -1.22529816e-12 
 6.55280000e-10 -1.22524473e-12 
 6.56280000e-10 -1.22516835e-12 
 6.57280000e-10 -1.22510453e-12 
 6.58280000e-10 -1.22505873e-12 
 6.59280000e-10 -1.22510761e-12 
 6.60280000e-10 -1.22515483e-12 
 6.61280000e-10 -1.22505911e-12 
 6.62280000e-10 -1.22489658e-12 
 6.63280000e-10 -1.22485922e-12 
 6.64280000e-10 -1.22488289e-12 
 6.65280000e-10 -1.22478181e-12 
 6.66280000e-10 -1.22483230e-12 
 6.67280000e-10 -1.22487579e-12 
 6.68280000e-10 -1.22485184e-12 
 6.69280000e-10 -1.22478406e-12 
 6.70280000e-10 -1.22473874e-12 
 6.71280000e-10 -1.22479205e-12 
 6.72280000e-10 -1.22480010e-12 
 6.73280000e-10 -1.22476615e-12 
 6.74280000e-10 -1.22483651e-12 
 6.75280000e-10 -1.22487341e-12 
 6.76280000e-10 -1.22478194e-12 
 6.77280000e-10 -1.22475282e-12 
 6.78280000e-10 -1.22477871e-12 
 6.79280000e-10 -1.22473869e-12 
 6.80280000e-10 -1.22469417e-12 
 6.81280000e-10 -1.22471284e-12 
 6.82280000e-10 -1.22461814e-12 
 6.83280000e-10 -1.22451766e-12 
 6.84280000e-10 -1.22453204e-12 
 6.85280000e-10 -1.22456049e-12 
 6.86280000e-10 -1.22447990e-12 
 6.87280000e-10 -1.22449703e-12 
 6.88280000e-10 -1.22452941e-12 
 6.89280000e-10 -1.22445369e-12 
 6.90280000e-10 -1.22443241e-12 
 6.91280000e-10 -1.22444392e-12 
 6.92280000e-10 -1.22424771e-12 
 6.93280000e-10 -1.22415952e-12 
 6.94280000e-10 -1.22399702e-12 
 6.95280000e-10 -1.22392806e-12 
 6.96280000e-10 -1.22404478e-12 
 6.97280000e-10 -1.22407433e-12 
 6.98280000e-10 -1.22409999e-12 
 6.99280000e-10 -1.22420343e-12 
 7.00280000e-10 -1.22425304e-12 
 7.01280000e-10 -1.22426540e-12 
 7.02280000e-10 -1.22426558e-12 
 7.03280000e-10 -1.22424418e-12 
 7.04280000e-10 -1.22424640e-12 
 7.05280000e-10 -1.22425149e-12 
 7.06280000e-10 -1.22419623e-12 
 7.07280000e-10 -1.22415394e-12 
 7.08280000e-10 -1.22409035e-12 
 7.09280000e-10 -1.22408864e-12 
 7.10280000e-10 -1.22408806e-12 
 7.11280000e-10 -1.22406578e-12 
 7.12280000e-10 -1.22406635e-12 
 7.13280000e-10 -1.22407643e-12 
 7.14280000e-10 -1.22405486e-12 
 7.15280000e-10 -1.22404955e-12 
 7.16280000e-10 -1.22401947e-12 
 7.17280000e-10 -1.22398461e-12 
 7.18280000e-10 -1.22402025e-12 
 7.19280000e-10 -1.22401479e-12 
 7.20280000e-10 -1.22402740e-12 
 7.21280000e-10 -1.22393761e-12 
 7.22280000e-10 -1.22393721e-12 
 7.23280000e-10 -1.22392844e-12 
 7.24280000e-10 -1.22395404e-12 
 7.25280000e-10 -1.22394345e-12 
 7.26280000e-10 -1.22395278e-12 
 7.27280000e-10 -1.22402569e-12 
 7.28280000e-10 -1.22405533e-12 
 7.29280000e-10 -1.22403180e-12 
 7.30280000e-10 -1.22403025e-12 
 7.31280000e-10 -1.22406276e-12 
 7.32280000e-10 -1.22412234e-12 
 7.33280000e-10 -1.22409948e-12 
 7.34280000e-10 -1.22414249e-12 
 7.35280000e-10 -1.22409380e-12 
 7.36280000e-10 -1.22408455e-12 
 7.37280000e-10 -1.22412302e-12 
 7.38280000e-10 -1.22413139e-12 
 7.39280000e-10 -1.22413059e-12 
 7.40280000e-10 -1.22413141e-12 
 7.41280000e-10 -1.22411658e-12 
 7.42280000e-10 -1.22409888e-12 
 7.43280000e-10 -1.22412977e-12 
 7.44280000e-10 -1.22416424e-12 
 7.45280000e-10 -1.22420744e-12 
 7.46280000e-10 -1.22416895e-12 
 7.47280000e-10 -1.22420164e-12 
 7.48280000e-10 -1.22418856e-12 
 7.49280000e-10 -1.22419707e-12 
 7.50280000e-10 -1.22417976e-12 
 7.51280000e-10 -1.22409899e-12 
 7.52280000e-10 -1.22411370e-12 
 7.53280000e-10 -1.22415342e-12 
 7.54280000e-10 -1.22414034e-12 
 7.55280000e-10 -1.22413058e-12 
 7.56280000e-10 -1.22414169e-12 
 7.57280000e-10 -1.22417861e-12 
 7.58280000e-10 -1.22413188e-12 
 7.59280000e-10 -1.22405482e-12 
 7.60280000e-10 -1.22413351e-12 
 7.61280000e-10 -1.22421166e-12 
 7.62280000e-10 -1.22408953e-12 
 7.63280000e-10 -1.22413488e-12 
 7.64280000e-10 -1.22409268e-12 
 7.65280000e-10 -1.22405908e-12 
 7.66280000e-10 -1.22414213e-12 
 7.67280000e-10 -1.22410024e-12 
 7.68280000e-10 -1.22416172e-12 
 7.69280000e-10 -1.22417117e-12 
 7.70280000e-10 -1.22415151e-12 
 7.71280000e-10 -1.22416968e-12 
 7.72280000e-10 -1.22415720e-12 
 7.73280000e-10 -1.22416949e-12 
 7.74280000e-10 -1.22415739e-12 
 7.75280000e-10 -1.22414824e-12 
 7.76280000e-10 -1.22415659e-12 
 7.77280000e-10 -1.22414865e-12 
 7.78280000e-10 -1.22415552e-12 
 7.79280000e-10 -1.22416987e-12 
 7.80280000e-10 -1.22414534e-12 
 7.81280000e-10 -1.22413531e-12 
 7.82280000e-10 -1.22415549e-12 
 7.83280000e-10 -1.22415645e-12 
 7.84280000e-10 -1.22415571e-12 
 7.85280000e-10 -1.22414231e-12 
 7.86280000e-10 -1.22414914e-12 
 7.87280000e-10 -1.22415624e-12 
 7.88280000e-10 -1.22415577e-12 
 7.89280000e-10 -1.22416977e-12 
 7.90280000e-10 -1.22415631e-12 
 7.91280000e-10 -1.22413570e-12 
 7.92280000e-10 -1.22414907e-12 
 7.93280000e-10 -1.22417142e-12 
 7.94280000e-10 -1.22415638e-12 
 7.95280000e-10 -1.22414832e-12 
 7.96280000e-10 -1.22415567e-12 
 7.97280000e-10 -1.22414865e-12 
 7.98280000e-10 -1.22415343e-12 
 7.99280000e-10 -1.22416987e-12 
 8.00280000e-10 -1.22415627e-12 
 8.01280000e-10 -1.22414836e-12 
 8.02280000e-10 -1.22415564e-12 
 8.03280000e-10 -1.22414867e-12 
 8.04280000e-10 -1.22416133e-12 
 8.05280000e-10 -1.22416636e-12 
 8.06280000e-10 -1.22417560e-12 
 8.07280000e-10 -1.22420519e-12 
 8.08280000e-10 -1.22416833e-12 
 8.09280000e-10 -1.22414944e-12 
 8.10280000e-10 -1.22418706e-12 
 8.11280000e-10 -1.22420564e-12 
 8.12280000e-10 -1.22416801e-12 
 8.13280000e-10 -1.22417153e-12 
 8.14280000e-10 -1.22417703e-12 
 8.15280000e-10 -1.22416074e-12 
 8.16280000e-10 -1.22416309e-12 
 8.17280000e-10 -1.22407601e-12 
 8.18280000e-10 -1.22412562e-12 
 8.19280000e-10 -1.22419869e-12 
 8.20280000e-10 -1.22417743e-12 
 8.21280000e-10 -1.22417943e-12 
 8.22280000e-10 -1.22417027e-12 
 8.23280000e-10 -1.22418076e-12 
 8.24280000e-10 -1.22418032e-12 
 8.25280000e-10 -1.22421123e-12 
 8.26280000e-10 -1.22420700e-12 
 8.27280000e-10 -1.22421950e-12 
 8.28280000e-10 -1.22415630e-12 
 8.29280000e-10 -1.22414066e-12 
 8.30280000e-10 -1.22414394e-12 
 8.31280000e-10 -1.22412862e-12 
 8.32280000e-10 -1.22419389e-12 
 8.33280000e-10 -1.22419603e-12 
 8.34280000e-10 -1.22423498e-12 
 8.35280000e-10 -1.22423808e-12 
 8.36280000e-10 -1.22440872e-12 
 8.37280000e-10 -1.22458401e-12 
 8.38280000e-10 -1.22463186e-12 
 8.39280000e-10 -1.22456920e-12 
 8.40280000e-10 -1.22449475e-12 
 8.41280000e-10 -1.22446562e-12 
 8.42280000e-10 -1.22447125e-12 
 8.43280000e-10 -1.22441492e-12 
 8.44280000e-10 -1.22437305e-12 
 8.45280000e-10 -1.22446796e-12 
 8.46280000e-10 -1.22443944e-12 
 8.47280000e-10 -1.22441121e-12 
 8.48280000e-10 -1.22450155e-12 
 8.49280000e-10 -1.22465363e-12 
 8.50280000e-10 -1.22471598e-12 
 8.51280000e-10 -1.22476432e-12 
 8.52280000e-10 -1.22479118e-12 
 8.53280000e-10 -1.22485436e-12 
 8.54280000e-10 -1.22483787e-12 
 8.55280000e-10 -1.22471248e-12 
 8.56280000e-10 -1.22477091e-12 
 8.57280000e-10 -1.22471067e-12 
 8.58280000e-10 -1.22460796e-12 
 8.59280000e-10 -1.22453191e-12 
 8.60280000e-10 -1.22435831e-12 
 8.61280000e-10 -1.22414194e-12 
 8.62280000e-10 -1.22402132e-12 
 8.63280000e-10 -1.22398711e-12 
 8.64280000e-10 -1.22385989e-12 
 8.65280000e-10 -1.22381500e-12 
 8.66280000e-10 -1.22387926e-12 
 8.67280000e-10 -1.22394007e-12 
 8.68280000e-10 -1.22400209e-12 
 8.69280000e-10 -1.22418707e-12 
 8.70280000e-10 -1.22419901e-12 
 8.71280000e-10 -1.22409361e-12 
 8.72280000e-10 -1.22407091e-12 
 8.73280000e-10 -1.22412470e-12 
 8.74280000e-10 -1.22411519e-12 
 8.75280000e-10 -1.22404956e-12 
 8.76280000e-10 -1.22410425e-12 
 8.77280000e-10 -1.22417344e-12 
 8.78280000e-10 -1.22400596e-12 
 8.79280000e-10 -1.22388868e-12 
 8.80280000e-10 -1.22395328e-12 
 8.81280000e-10 -1.22400636e-12 
 8.82280000e-10 -1.22397360e-12 
 8.83280000e-10 -1.22403785e-12 
 8.84280000e-10 -1.22423147e-12 
 8.85280000e-10 -1.22426926e-12 
 8.86280000e-10 -1.22437438e-12 
 8.87280000e-10 -1.22434144e-12 
 8.88280000e-10 -1.22430017e-12 
 8.89280000e-10 -1.22433269e-12 
 8.90280000e-10 -1.22425887e-12 
 8.91280000e-10 -1.22414024e-12 
 8.92280000e-10 -1.22406700e-12 
 8.93280000e-10 -1.22424115e-12 
 8.94280000e-10 -1.22429849e-12 
 8.95280000e-10 -1.22419530e-12 
 8.96280000e-10 -1.22407315e-12 
 8.97280000e-10 -1.22417150e-12 
 8.98280000e-10 -1.22429056e-12 
 8.99280000e-10 -1.22437070e-12 
 9.00280000e-10 -1.22434713e-12 
 9.01280000e-10 -1.22430172e-12 
 9.02280000e-10 -1.22422945e-12 
 9.03280000e-10 -1.22419113e-12 
 9.04280000e-10 -1.22412746e-12 
 9.05280000e-10 -1.22398586e-12 
 9.06280000e-10 -1.22391584e-12 
 9.07280000e-10 -1.22396346e-12 
 9.08280000e-10 -1.22396128e-12 
 9.09280000e-10 -1.22389801e-12 
 9.10280000e-10 -1.22386904e-12 
 9.11280000e-10 -1.22395313e-12 
 9.12280000e-10 -1.22390755e-12 
 9.13280000e-10 -1.22383843e-12 
 9.14280000e-10 -1.22383244e-12 
 9.15280000e-10 -1.22387523e-12 
 9.16280000e-10 -1.22388484e-12 
 9.17280000e-10 -1.22390664e-12 
 9.18280000e-10 -1.22394189e-12 
 9.19280000e-10 -1.22390668e-12 
 9.20280000e-10 -1.22389291e-12 
 9.21280000e-10 -1.22394614e-12 
 9.22280000e-10 -1.22401266e-12 
 9.23280000e-10 -1.22417360e-12 
 9.24280000e-10 -1.22426370e-12 
 9.25280000e-10 -1.22430720e-12 
 9.26280000e-10 -1.22416672e-12 
 9.27280000e-10 -1.22404120e-12 
 9.28280000e-10 -1.22419314e-12 
 9.29280000e-10 -1.22422533e-12 
 9.30280000e-10 -1.22428034e-12 
 9.31280000e-10 -1.22425294e-12 
 9.32280000e-10 -1.22416177e-12 
 9.33280000e-10 -1.22409680e-12 
 9.34280000e-10 -1.22410411e-12 
 9.35280000e-10 -1.22402640e-12 
 9.36280000e-10 -1.22392412e-12 
 9.37280000e-10 -1.22395571e-12 
 9.38280000e-10 -1.22402749e-12 
 9.39280000e-10 -1.22408129e-12 
 9.40280000e-10 -1.22408193e-12 
 9.41280000e-10 -1.22404707e-12 
 9.42280000e-10 -1.22402609e-12 
 9.43280000e-10 -1.22414877e-12 
 9.44280000e-10 -1.22416947e-12 
 9.45280000e-10 -1.22419460e-12 
 9.46280000e-10 -1.22413240e-12 
 9.47280000e-10 -1.22412316e-12 
 9.48280000e-10 -1.22407883e-12 
 9.49280000e-10 -1.22411966e-12 
 9.50280000e-10 -1.22417680e-12 
 9.51280000e-10 -1.22413492e-12 
 9.52280000e-10 -1.22413397e-12 
 9.53280000e-10 -1.22413430e-12 
 9.54280000e-10 -1.22418986e-12 
 9.55280000e-10 -1.22420641e-12 
 9.56280000e-10 -1.22415139e-12 
 9.57280000e-10 -1.22416676e-12 
 9.58280000e-10 -1.22421981e-12 
 9.59280000e-10 -1.22420241e-12 
 9.60280000e-10 -1.22416760e-12 
 9.61280000e-10 -1.22404119e-12 
 9.62280000e-10 -1.22402997e-12 
 9.63280000e-10 -1.22407338e-12 
 9.64280000e-10 -1.22404956e-12 
 9.65280000e-10 -1.22407723e-12 
 9.66280000e-10 -1.22411643e-12 
 9.67280000e-10 -1.22414453e-12 
 9.68280000e-10 -1.22419861e-12 
 9.69280000e-10 -1.22419831e-12 
 9.70280000e-10 -1.22419301e-12 
 9.71280000e-10 -1.22417394e-12 
 9.72280000e-10 -1.22412683e-12 
 9.73280000e-10 -1.22411345e-12 
 9.74280000e-10 -1.22413582e-12 
 9.75280000e-10 -1.22410747e-12 
 9.76280000e-10 -1.22417519e-12 
 9.77280000e-10 -1.22419919e-12 
 9.78280000e-10 -1.22413753e-12 
 9.79280000e-10 -1.22410182e-12 
 9.80280000e-10 -1.22416336e-12 
 9.81280000e-10 -1.22419863e-12 
 9.82280000e-10 -1.22410017e-12 
 9.83280000e-10 -1.22403636e-12 
 9.84280000e-10 -1.22403662e-12 
 9.85280000e-10 -1.22413477e-12 
 9.86280000e-10 -1.22417127e-12 
 9.87280000e-10 -1.22417047e-12 
 9.88280000e-10 -1.22420999e-12 
 9.89280000e-10 -1.22416106e-12 
 9.90280000e-10 -1.22417563e-12 
 9.91280000e-10 -1.22417267e-12 
 9.92280000e-10 -1.22410192e-12 
 9.93280000e-10 -1.22411274e-12 
 9.94280000e-10 -1.22407868e-12 
 9.95280000e-10 -1.22413042e-12 
 9.96280000e-10 -1.22420989e-12 
 9.97280000e-10 -1.22416110e-12 
 9.98280000e-10 -1.22417567e-12 
 9.99140000e-10 -1.21187237e-12 
 1.00000000e-09 -1.18251635e-12 
 1.00010000e-09 -9.65735061e-07 
 1.00030000e-09 -4.03053841e-06 
 1.00070000e-09 -1.62615228e-05 
 1.00144247e-09 -6.33855980e-05 
 1.00244247e-09 -1.79886187e-04 
 1.00344247e-09 -3.55143161e-04 
 1.00444247e-09 -5.86316251e-04 
 1.00544247e-09 -8.70936001e-04 
 1.00644247e-09 -1.20734526e-03 
 1.00744247e-09 -1.59403149e-03 
 1.00844247e-09 -2.02982020e-03 
 1.00944247e-09 -2.51353032e-03 
 1.01044247e-09 -3.04415330e-03 
 1.01144247e-09 -3.62064716e-03 
 1.01244247e-09 -4.24207762e-03 
 1.01344247e-09 -4.90747986e-03 
 1.01444247e-09 -5.61596587e-03 
 1.01544247e-09 -6.36662526e-03 
 1.01644247e-09 -7.15860689e-03 
 1.01744247e-09 -7.99104498e-03 
 1.01844247e-09 -8.86312167e-03 
 1.01944247e-09 -9.77401065e-03 
 1.02044247e-09 -1.07229256e-02 
 1.02144247e-09 -1.17090766e-02 
 1.02244247e-09 -1.27317076e-02 
 1.02344247e-09 -1.37900627e-02 
 1.02444247e-09 -1.48834153e-02 
 1.02544247e-09 -1.60110414e-02 
 1.02644247e-09 -1.71722429e-02 
 1.02744247e-09 -1.83663264e-02 
 1.02844247e-09 -1.95926213e-02 
 1.02944247e-09 -2.08504629e-02 
 1.03044247e-09 -2.21392074e-02 
 1.03144247e-09 -2.34582176e-02 
 1.03244247e-09 -2.48068753e-02 
 1.03344247e-09 -2.61845698e-02 
 1.03444247e-09 -2.75907074e-02 
 1.03544247e-09 -2.90247027e-02 
 1.03644247e-09 -3.04859858e-02 
 1.03744247e-09 -3.19739952e-02 
 1.03844247e-09 -3.34881842e-02 
 1.03944247e-09 -3.50280140e-02 
 1.04044247e-09 -3.65929600e-02 
 1.04144247e-09 -3.81825057e-02 
 1.04244247e-09 -3.97961474e-02 
 1.04344247e-09 -4.14333897e-02 
 1.04444247e-09 -4.30937492e-02 
 1.04544247e-09 -4.47767510e-02 
 1.04644247e-09 -4.64819311e-02 
 1.04744247e-09 -4.82088338e-02 
 1.04844247e-09 -4.99570141e-02 
 1.04944247e-09 -5.17260349e-02 
 1.05044247e-09 -5.35154689e-02 
 1.05144247e-09 -5.53248971e-02 
 1.05244247e-09 -5.71539095e-02 
 1.05344247e-09 -5.90021039e-02 
 1.05444247e-09 -6.08690871e-02 
 1.05544247e-09 -6.27544734e-02 
 1.05644247e-09 -6.46578854e-02 
 1.05744247e-09 -6.65789530e-02 
 1.05844247e-09 -6.85173142e-02 
 1.05944247e-09 -7.04726139e-02 
 1.06044247e-09 -7.24445049e-02 
 1.06144247e-09 -7.44326465e-02 
 1.06244247e-09 -7.64367055e-02 
 1.06344247e-09 -7.84563551e-02 
 1.06444247e-09 -8.04912756e-02 
 1.06544247e-09 -8.25411536e-02 
 1.06644247e-09 -8.46056822e-02 
 1.06744247e-09 -8.66845608e-02 
 1.06844247e-09 -8.87774951e-02 
 1.06944247e-09 -9.08841965e-02 
 1.07044247e-09 -9.30043827e-02 
 1.07144247e-09 -9.51377770e-02 
 1.07244247e-09 -9.72841084e-02 
 1.07344247e-09 -9.94431113e-02 
 1.07444247e-09 -1.01614526e-01 
 1.07544247e-09 -1.03798098e-01 
 1.07644247e-09 -1.05993577e-01 
 1.07744247e-09 -1.08200719e-01 
 1.07844247e-09 -1.10419286e-01 
 1.07944247e-09 -1.12649042e-01 
 1.08044247e-09 -1.14889757e-01 
 1.08144247e-09 -1.17141208e-01 
 1.08244247e-09 -1.19403174e-01 
 1.08344247e-09 -1.21675439e-01 
 1.08444247e-09 -1.23957792e-01 
 1.08544247e-09 -1.26250026e-01 
 1.08644247e-09 -1.28551937e-01 
 1.08744247e-09 -1.30863329e-01 
 1.08844247e-09 -1.33184005e-01 
 1.08944247e-09 -1.35513775e-01 
 1.09044247e-09 -1.37852454e-01 
 1.09144247e-09 -1.40199858e-01 
 1.09244247e-09 -1.42555808e-01 
 1.09344247e-09 -1.44920129e-01 
 1.09444247e-09 -1.47292648e-01 
 1.09544247e-09 -1.49673199e-01 
 1.09644247e-09 -1.52061616e-01 
 1.09744247e-09 -1.54457737e-01 
 1.09844247e-09 -1.56861405e-01 
 1.09944247e-09 -1.59272465e-01 
 1.10044247e-09 -1.61690764e-01 
 1.10144247e-09 -1.64116155e-01 
 1.10244247e-09 -1.66548493e-01 
 1.10344247e-09 -1.68987634e-01 
 1.10444247e-09 -1.71433438e-01 
 1.10544247e-09 -1.73885770e-01 
 1.10644247e-09 -1.76344495e-01 
 1.10744247e-09 -1.78809483e-01 
 1.10844247e-09 -1.81280603e-01 
 1.10944247e-09 -1.83757732e-01 
 1.11044247e-09 -1.86240745e-01 
 1.11144247e-09 -1.88729522e-01 
 1.11244247e-09 -1.91223945e-01 
 1.11344247e-09 -1.93723897e-01 
 1.11444247e-09 -1.96229265e-01 
 1.11544247e-09 -1.98739939e-01 
 1.11644247e-09 -2.01255808e-01 
 1.11744247e-09 -2.03776768e-01 
 1.11844247e-09 -2.06302712e-01 
 1.11944247e-09 -2.08833540e-01 
 1.12044247e-09 -2.11369150e-01 
 1.12144247e-09 -2.13909445e-01 
 1.12244247e-09 -2.16454328e-01 
 1.12344247e-09 -2.19003706e-01 
 1.12444247e-09 -2.21557486e-01 
 1.12544247e-09 -2.24115577e-01 
 1.12644247e-09 -2.26677892e-01 
 1.12744247e-09 -2.29244344e-01 
 1.12844247e-09 -2.31814848e-01 
 1.12944247e-09 -2.34389320e-01 
 1.13044247e-09 -2.36967679e-01 
 1.13144247e-09 -2.39549846e-01 
 1.13244247e-09 -2.42135743e-01 
 1.13344247e-09 -2.44725292e-01 
 1.13444247e-09 -2.47318419e-01 
 1.13544247e-09 -2.49915051e-01 
 1.13644247e-09 -2.52515115e-01 
 1.13744247e-09 -2.55118541e-01 
 1.13844247e-09 -2.57725261e-01 
 1.13944247e-09 -2.60335206e-01 
 1.14044247e-09 -2.62948311e-01 
 1.14144247e-09 -2.65564510e-01 
 1.14244247e-09 -2.68183741e-01 
 1.14344247e-09 -2.70805940e-01 
 1.14444247e-09 -2.73431047e-01 
 1.14544247e-09 -2.76059003e-01 
 1.14644247e-09 -2.78689749e-01 
 1.14744247e-09 -2.81323227e-01 
 1.14844247e-09 -2.83959382e-01 
 1.14922123e-09 -2.86014152e-01 
 1.15000000e-09 -2.88070485e-01 
 1.15010000e-09 -2.88333695e-01 
 1.15030000e-09 -2.88859031e-01 
 1.15070000e-09 -2.89903903e-01 
 1.15150000e-09 -2.91967123e-01 
 1.15250000e-09 -2.94493639e-01 
 1.15350000e-09 -2.96963960e-01 
 1.15450000e-09 -2.99380883e-01 
 1.15550000e-09 -3.01746788e-01 
 1.15650000e-09 -3.04063258e-01 
 1.15750000e-09 -3.06331745e-01 
 1.15850000e-09 -3.08553370e-01 
 1.15950000e-09 -3.10729265e-01 
 1.16050000e-09 -3.12860390e-01 
 1.16150000e-09 -3.14947743e-01 
 1.16250000e-09 -3.16992214e-01 
 1.16350000e-09 -3.18994726e-01 
 1.16450000e-09 -3.20956123e-01 
 1.16550000e-09 -3.22877278e-01 
 1.16650000e-09 -3.24759000e-01 
 1.16750000e-09 -3.26602118e-01 
 1.16850000e-09 -3.28407410e-01 
 1.16950000e-09 -3.30175666e-01 
 1.17050000e-09 -3.31907636e-01 
 1.17150000e-09 -3.33604073e-01 
 1.17250000e-09 -3.35265700e-01 
 1.17350000e-09 -3.36893237e-01 
 1.17450000e-09 -3.38487378e-01 
 1.17550000e-09 -3.40048814e-01 
 1.17650000e-09 -3.41578210e-01 
 1.17750000e-09 -3.43076230e-01 
 1.17850000e-09 -3.44543511e-01 
 1.17950000e-09 -3.45980690e-01 
 1.18050000e-09 -3.47388379e-01 
 1.18150000e-09 -3.48767188e-01 
 1.18250000e-09 -3.50117705e-01 
 1.18350000e-09 -3.51440515e-01 
 1.18450000e-09 -3.52736183e-01 
 1.18550000e-09 -3.54005268e-01 
 1.18650000e-09 -3.55248313e-01 
 1.18750000e-09 -3.56465855e-01 
 1.18850000e-09 -3.57658416e-01 
 1.18950000e-09 -3.58826509e-01 
 1.19050000e-09 -3.59970635e-01 
 1.19150000e-09 -3.61091287e-01 
 1.19250000e-09 -3.62188945e-01 
 1.19350000e-09 -3.63264083e-01 
 1.19450000e-09 -3.64317161e-01 
 1.19550000e-09 -3.65348633e-01 
 1.19650000e-09 -3.66358941e-01 
 1.19750000e-09 -3.67348521e-01 
 1.19850000e-09 -3.68317797e-01 
 1.19950000e-09 -3.69267186e-01 
 1.20050000e-09 -3.70197095e-01 
 1.20150000e-09 -3.71107926e-01 
 1.20250000e-09 -3.72000068e-01 
 1.20350000e-09 -3.72873906e-01 
 1.20450000e-09 -3.73729814e-01 
 1.20550000e-09 -3.74568162e-01 
 1.20650000e-09 -3.75389309e-01 
 1.20750000e-09 -3.76193608e-01 
 1.20850000e-09 -3.76981405e-01 
 1.20950000e-09 -3.77753038e-01 
 1.21050000e-09 -3.78508840e-01 
 1.21150000e-09 -3.79249134e-01 
 1.21250000e-09 -3.79974239e-01 
 1.21350000e-09 -3.80684467e-01 
 1.21450000e-09 -3.81380122e-01 
 1.21550000e-09 -3.82061505e-01 
 1.21650000e-09 -3.82728907e-01 
 1.21750000e-09 -3.83382616e-01 
 1.21850000e-09 -3.84022913e-01 
 1.21950000e-09 -3.84650072e-01 
 1.22050000e-09 -3.85264363e-01 
 1.22150000e-09 -3.85866051e-01 
 1.22250000e-09 -3.86455394e-01 
 1.22350000e-09 -3.87032645e-01 
 1.22450000e-09 -3.87598052e-01 
 1.22550000e-09 -3.88151858e-01 
 1.22650000e-09 -3.88694301e-01 
 1.22750000e-09 -3.89225615e-01 
 1.22850000e-09 -3.89746028e-01 
 1.22950000e-09 -3.90255763e-01 
 1.23050000e-09 -3.90755040e-01 
 1.23150000e-09 -3.91244073e-01 
 1.23250000e-09 -3.91723072e-01 
 1.23350000e-09 -3.92192243e-01 
 1.23450000e-09 -3.92651788e-01 
 1.23550000e-09 -3.93101904e-01 
 1.23650000e-09 -3.93542785e-01 
 1.23750000e-09 -3.93974621e-01 
 1.23850000e-09 -3.94397596e-01 
 1.23950000e-09 -3.94811893e-01 
 1.24050000e-09 -3.95217689e-01 
 1.24150000e-09 -3.95615159e-01 
 1.24250000e-09 -3.96004475e-01 
 1.24350000e-09 -3.96385802e-01 
 1.24450000e-09 -3.96759306e-01 
 1.24550000e-09 -3.97125146e-01 
 1.24650000e-09 -3.97483480e-01 
 1.24750000e-09 -3.97834463e-01 
 1.24850000e-09 -3.98178243e-01 
 1.24950000e-09 -3.98514971e-01 
 1.25050000e-09 -3.98844789e-01 
 1.25150000e-09 -3.99167841e-01 
 1.25250000e-09 -3.99484264e-01 
 1.25350000e-09 -3.99794195e-01 
 1.25450000e-09 -4.00097767e-01 
 1.25550000e-09 -4.00395110e-01 
 1.25650000e-09 -4.00686353e-01 
 1.25750000e-09 -4.00971620e-01 
 1.25850000e-09 -4.01251034e-01 
 1.25950000e-09 -4.01524716e-01 
 1.26050000e-09 -4.01792782e-01 
 1.26150000e-09 -4.02055348e-01 
 1.26250000e-09 -4.02312527e-01 
 1.26350000e-09 -4.02564429e-01 
 1.26450000e-09 -4.02811163e-01 
 1.26550000e-09 -4.03052834e-01 
 1.26650000e-09 -4.03289547e-01 
 1.26750000e-09 -4.03521403e-01 
 1.26850000e-09 -4.03748502e-01 
 1.26950000e-09 -4.03970942e-01 
 1.27050000e-09 -4.04188817e-01 
 1.27150000e-09 -4.04402223e-01 
 1.27250000e-09 -4.04611250e-01 
 1.27350000e-09 -4.04815988e-01 
 1.27450000e-09 -4.05016525e-01 
 1.27550000e-09 -4.05212948e-01 
 1.27650000e-09 -4.05405341e-01 
 1.27750000e-09 -4.05593786e-01 
 1.27850000e-09 -4.05778365e-01 
 1.27950000e-09 -4.05959157e-01 
 1.28050000e-09 -4.06136239e-01 
 1.28150000e-09 -4.06309689e-01 
 1.28250000e-09 -4.06479579e-01 
 1.28350000e-09 -4.06645984e-01 
 1.28450000e-09 -4.06808974e-01 
 1.28550000e-09 -4.06968620e-01 
 1.28650000e-09 -4.07124991e-01 
 1.28750000e-09 -4.07278154e-01 
 1.28850000e-09 -4.07428174e-01 
 1.28950000e-09 -4.07575116e-01 
 1.29050000e-09 -4.07719043e-01 
 1.29150000e-09 -4.07860017e-01 
 1.29250000e-09 -4.07998098e-01 
 1.29350000e-09 -4.08133347e-01 
 1.29450000e-09 -4.08265820e-01 
 1.29550000e-09 -4.08395576e-01 
 1.29650000e-09 -4.08522669e-01 
 1.29750000e-09 -4.08647155e-01 
 1.29850000e-09 -4.08769086e-01 
 1.29950000e-09 -4.08888516e-01 
 1.30050000e-09 -4.09005495e-01 
 1.30150000e-09 -4.09120074e-01 
 1.30250000e-09 -4.09232303e-01 
 1.30350000e-09 -4.09342228e-01 
 1.30450000e-09 -4.09449899e-01 
 1.30550000e-09 -4.09555360e-01 
 1.30650000e-09 -4.09658657e-01 
 1.30750000e-09 -4.09759835e-01 
 1.30850000e-09 -4.09858937e-01 
 1.30950000e-09 -4.09956006e-01 
 1.31050000e-09 -4.10051083e-01 
 1.31150000e-09 -4.10144210e-01 
 1.31250000e-09 -4.10235425e-01 
 1.31350000e-09 -4.10324769e-01 
 1.31450000e-09 -4.10412280e-01 
 1.31550000e-09 -4.10497996e-01 
 1.31650000e-09 -4.10581953e-01 
 1.31750000e-09 -4.10664187e-01 
 1.31850000e-09 -4.10744734e-01 
 1.31950000e-09 -4.10823629e-01 
 1.32050000e-09 -4.10900904e-01 
 1.32150000e-09 -4.10976594e-01 
 1.32250000e-09 -4.11050732e-01 
 1.32350000e-09 -4.11123348e-01 
 1.32450000e-09 -4.11194474e-01 
 1.32550000e-09 -4.11264141e-01 
 1.32650000e-09 -4.11332378e-01 
 1.32750000e-09 -4.11399216e-01 
 1.32850000e-09 -4.11464682e-01 
 1.32950000e-09 -4.11528805e-01 
 1.33050000e-09 -4.11591612e-01 
 1.33150000e-09 -4.11653131e-01 
 1.33250000e-09 -4.11713387e-01 
 1.33350000e-09 -4.11772407e-01 
 1.33450000e-09 -4.11830216e-01 
 1.33550000e-09 -4.11886839e-01 
 1.33650000e-09 -4.11942300e-01 
 1.33750000e-09 -4.11996624e-01 
 1.33850000e-09 -4.12049833e-01 
 1.33950000e-09 -4.12101950e-01 
 1.34050000e-09 -4.12152997e-01 
 1.34150000e-09 -4.12202998e-01 
 1.34250000e-09 -4.12251972e-01 
 1.34350000e-09 -4.12299942e-01 
 1.34450000e-09 -4.12346927e-01 
 1.34550000e-09 -4.12392949e-01 
 1.34650000e-09 -4.12438026e-01 
 1.34750000e-09 -4.12482178e-01 
 1.34850000e-09 -4.12525425e-01 
 1.34950000e-09 -4.12567784e-01 
 1.35050000e-09 -4.12609274e-01 
 1.35150000e-09 -4.12649913e-01 
 1.35250000e-09 -4.12689717e-01 
 1.35350000e-09 -4.12728706e-01 
 1.35450000e-09 -4.12766894e-01 
 1.35550000e-09 -4.12804299e-01 
 1.35650000e-09 -4.12840936e-01 
 1.35750000e-09 -4.12876822e-01 
 1.35850000e-09 -4.12911971e-01 
 1.35950000e-09 -4.12946399e-01 
 1.36050000e-09 -4.12980121e-01 
 1.36150000e-09 -4.13013151e-01 
 1.36250000e-09 -4.13045503e-01 
 1.36350000e-09 -4.13077191e-01 
 1.36450000e-09 -4.13108230e-01 
 1.36550000e-09 -4.13138631e-01 
 1.36650000e-09 -4.13168409e-01 
 1.36750000e-09 -4.13197575e-01 
 1.36850000e-09 -4.13226144e-01 
 1.36950000e-09 -4.13254126e-01 
 1.37050000e-09 -4.13281534e-01 
 1.37150000e-09 -4.13308379e-01 
 1.37250000e-09 -4.13334674e-01 
 1.37350000e-09 -4.13360429e-01 
 1.37450000e-09 -4.13385656e-01 
 1.37550000e-09 -4.13410366e-01 
 1.37650000e-09 -4.13434568e-01 
 1.37750000e-09 -4.13458274e-01 
 1.37850000e-09 -4.13481493e-01 
 1.37950000e-09 -4.13504236e-01 
 1.38050000e-09 -4.13526512e-01 
 1.38150000e-09 -4.13548332e-01 
 1.38250000e-09 -4.13569703e-01 
 1.38350000e-09 -4.13590637e-01 
 1.38450000e-09 -4.13611140e-01 
 1.38550000e-09 -4.13631223e-01 
 1.38650000e-09 -4.13650894e-01 
 1.38750000e-09 -4.13670161e-01 
 1.38850000e-09 -4.13689033e-01 
 1.38950000e-09 -4.13707518e-01 
 1.39050000e-09 -4.13725624e-01 
 1.39150000e-09 -4.13743358e-01 
 1.39250000e-09 -4.13760728e-01 
 1.39350000e-09 -4.13777742e-01 
 1.39450000e-09 -4.13794406e-01 
 1.39550000e-09 -4.13810729e-01 
 1.39650000e-09 -4.13826717e-01 
 1.39750000e-09 -4.13842377e-01 
 1.39850000e-09 -4.13857715e-01 
 1.39950000e-09 -4.13872739e-01 
 1.40050000e-09 -4.13887455e-01 
 1.40150000e-09 -4.13901868e-01 
 1.40250000e-09 -4.13915986e-01 
 1.40350000e-09 -4.13929815e-01 
 1.40450000e-09 -4.13943359e-01 
 1.40550000e-09 -4.13956626e-01 
 1.40650000e-09 -4.13969620e-01 
 1.40750000e-09 -4.13982348e-01 
 1.40850000e-09 -4.13994815e-01 
 1.40950000e-09 -4.14007026e-01 
 1.41050000e-09 -4.14018986e-01 
 1.41150000e-09 -4.14030701e-01 
 1.41250000e-09 -4.14042176e-01 
 1.41350000e-09 -4.14053415e-01 
 1.41450000e-09 -4.14064423e-01 
 1.41550000e-09 -4.14075206e-01 
 1.41650000e-09 -4.14085768e-01 
 1.41750000e-09 -4.14096112e-01 
 1.41850000e-09 -4.14106245e-01 
 1.41950000e-09 -4.14116169e-01 
 1.42050000e-09 -4.14125890e-01 
 1.42150000e-09 -4.14135412e-01 
 1.42250000e-09 -4.14144738e-01 
 1.42350000e-09 -4.14153873e-01 
 1.42450000e-09 -4.14162820e-01 
 1.42550000e-09 -4.14171584e-01 
 1.42650000e-09 -4.14180168e-01 
 1.42750000e-09 -4.14188576e-01 
 1.42850000e-09 -4.14196812e-01 
 1.42950000e-09 -4.14204878e-01 
 1.43050000e-09 -4.14212779e-01 
 1.43150000e-09 -4.14220518e-01 
 1.43250000e-09 -4.14228098e-01 
 1.43350000e-09 -4.14235522e-01 
 1.43450000e-09 -4.14242795e-01 
 1.43550000e-09 -4.14249918e-01 
 1.43650000e-09 -4.14256894e-01 
 1.43750000e-09 -4.14263728e-01 
 1.43850000e-09 -4.14270422e-01 
 1.43950000e-09 -4.14276978e-01 
 1.44050000e-09 -4.14283399e-01 
 1.44150000e-09 -4.14289689e-01 
 1.44250000e-09 -4.14295850e-01 
 1.44350000e-09 -4.14301884e-01 
 1.44450000e-09 -4.14307795e-01 
 1.44550000e-09 -4.14313584e-01 
 1.44650000e-09 -4.14319255e-01 
 1.44750000e-09 -4.14324809e-01 
 1.44850000e-09 -4.14330249e-01 
 1.44950000e-09 -4.14335578e-01 
 1.45050000e-09 -4.14340797e-01 
 1.45150000e-09 -4.14345910e-01 
 1.45250000e-09 -4.14350917e-01 
 1.45350000e-09 -4.14355821e-01 
 1.45450000e-09 -4.14360625e-01 
 1.45550000e-09 -4.14365331e-01 
 1.45650000e-09 -4.14369940e-01 
 1.45750000e-09 -4.14374454e-01 
 1.45850000e-09 -4.14378876e-01 
 1.45950000e-09 -4.14383206e-01 
 1.46050000e-09 -4.14387449e-01 
 1.46150000e-09 -4.14391604e-01 
 1.46250000e-09 -4.14395673e-01 
 1.46350000e-09 -4.14399660e-01 
 1.46450000e-09 -4.14403564e-01 
 1.46550000e-09 -4.14407389e-01 
 1.46650000e-09 -4.14411134e-01 
 1.46750000e-09 -4.14414804e-01 
 1.46850000e-09 -4.14418397e-01 
 1.46950000e-09 -4.14421917e-01 
 1.47050000e-09 -4.14425365e-01 
 1.47150000e-09 -4.14428742e-01 
 1.47250000e-09 -4.14432050e-01 
 1.47350000e-09 -4.14435290e-01 
 1.47450000e-09 -4.14438463e-01 
 1.47550000e-09 -4.14441572e-01 
 1.47650000e-09 -4.14444616e-01 
 1.47750000e-09 -4.14447598e-01 
 1.47850000e-09 -4.14450519e-01 
 1.47950000e-09 -4.14453380e-01 
 1.48050000e-09 -4.14456183e-01 
 1.48150000e-09 -4.14458927e-01 
 1.48250000e-09 -4.14461616e-01 
 1.48350000e-09 -4.14464249e-01 
 1.48450000e-09 -4.14466829e-01 
 1.48550000e-09 -4.14469355e-01 
 1.48650000e-09 -4.14471829e-01 
 1.48750000e-09 -4.14474253e-01 
 1.48850000e-09 -4.14476627e-01 
 1.48950000e-09 -4.14478953e-01 
 1.49050000e-09 -4.14481230e-01 
 1.49150000e-09 -4.14483461e-01 
 1.49250000e-09 -4.14485646e-01 
 1.49350000e-09 -4.14487786e-01 
 1.49450000e-09 -4.14489883e-01 
 1.49550000e-09 -4.14491936e-01 
 1.49650000e-09 -4.14493947e-01 
 1.49750000e-09 -4.14495917e-01 
 1.49850000e-09 -4.14497847e-01 
 1.49950000e-09 -4.14499737e-01 
 1.50050000e-09 -4.14501588e-01 
 1.50150000e-09 -4.14503401e-01 
 1.50250000e-09 -4.14505177e-01 
 1.50350000e-09 -4.14506917e-01 
 1.50450000e-09 -4.14508621e-01 
 1.50550000e-09 -4.14510289e-01 
 1.50650000e-09 -4.14511924e-01 
 1.50750000e-09 -4.14513525e-01 
 1.50850000e-09 -4.14515093e-01 
 1.50950000e-09 -4.14516630e-01 
 1.51050000e-09 -4.14518134e-01 
 1.51150000e-09 -4.14519608e-01 
 1.51250000e-09 -4.14521051e-01 
 1.51350000e-09 -4.14522465e-01 
 1.51450000e-09 -4.14523850e-01 
 1.51550000e-09 -4.14525206e-01 
 1.51650000e-09 -4.14526535e-01 
 1.51750000e-09 -4.14527836e-01 
 1.51850000e-09 -4.14529111e-01 
 1.51950000e-09 -4.14530359e-01 
 1.52050000e-09 -4.14531582e-01 
 1.52150000e-09 -4.14532780e-01 
 1.52250000e-09 -4.14533953e-01 
 1.52350000e-09 -4.14535102e-01 
 1.52450000e-09 -4.14536228e-01 
 1.52550000e-09 -4.14537330e-01 
 1.52650000e-09 -4.14538410e-01 
 1.52750000e-09 -4.14539468e-01 
 1.52850000e-09 -4.14540504e-01 
 1.52950000e-09 -4.14541519e-01 
 1.53050000e-09 -4.14542513e-01 
 1.53150000e-09 -4.14543486e-01 
 1.53250000e-09 -4.14544440e-01 
 1.53350000e-09 -4.14545374e-01 
 1.53450000e-09 -4.14546288e-01 
 1.53550000e-09 -4.14547184e-01 
 1.53650000e-09 -4.14548062e-01 
 1.53750000e-09 -4.14548922e-01 
 1.53850000e-09 -4.14549764e-01 
 1.53950000e-09 -4.14550589e-01 
 1.54050000e-09 -4.14551396e-01 
 1.54150000e-09 -4.14552188e-01 
 1.54250000e-09 -4.14552963e-01 
 1.54350000e-09 -4.14553722e-01 
 1.54450000e-09 -4.14554465e-01 
 1.54550000e-09 -4.14555194e-01 
 1.54650000e-09 -4.14555907e-01 
 1.54750000e-09 -4.14556606e-01 
 1.54850000e-09 -4.14557290e-01 
 1.54950000e-09 -4.14557960e-01 
 1.55050000e-09 -4.14558617e-01 
 1.55150000e-09 -4.14559260e-01 
 1.55250000e-09 -4.14559890e-01 
 1.55350000e-09 -4.14560507e-01 
 1.55450000e-09 -4.14561111e-01 
 1.55550000e-09 -4.14561703e-01 
 1.55650000e-09 -4.14562283e-01 
 1.55750000e-09 -4.14562851e-01 
 1.55850000e-09 -4.14563407e-01 
 1.55950000e-09 -4.14563952e-01 
 1.56050000e-09 -4.14564485e-01 
 1.56150000e-09 -4.14565008e-01 
 1.56250000e-09 -4.14565520e-01 
 1.56350000e-09 -4.14566021e-01 
 1.56450000e-09 -4.14566513e-01 
 1.56550000e-09 -4.14566994e-01 
 1.56650000e-09 -4.14567465e-01 
 1.56750000e-09 -4.14567927e-01 
 1.56850000e-09 -4.14568379e-01 
 1.56950000e-09 -4.14568821e-01 
 1.57050000e-09 -4.14569255e-01 
 1.57150000e-09 -4.14569680e-01 
 1.57250000e-09 -4.14570096e-01 
 1.57350000e-09 -4.14570504e-01 
 1.57450000e-09 -4.14570903e-01 
 1.57550000e-09 -4.14571294e-01 
 1.57650000e-09 -4.14571677e-01 
 1.57750000e-09 -4.14572052e-01 
 1.57850000e-09 -4.14572419e-01 
 1.57950000e-09 -4.14572779e-01 
 1.58050000e-09 -4.14573132e-01 
 1.58150000e-09 -4.14573477e-01 
 1.58250000e-09 -4.14573815e-01 
 1.58350000e-09 -4.14574147e-01 
 1.58450000e-09 -4.14574471e-01 
 1.58550000e-09 -4.14574789e-01 
 1.58650000e-09 -4.14575100e-01 
 1.58750000e-09 -4.14575405e-01 
 1.58850000e-09 -4.14575704e-01 
 1.58950000e-09 -4.14575996e-01 
 1.59050000e-09 -4.14576283e-01 
 1.59150000e-09 -4.14576563e-01 
 1.59250000e-09 -4.14576838e-01 
 1.59350000e-09 -4.14577108e-01 
 1.59450000e-09 -4.14577371e-01 
 1.59550000e-09 -4.14577630e-01 
 1.59650000e-09 -4.14577883e-01 
 1.59750000e-09 -4.14578130e-01 
 1.59850000e-09 -4.14578373e-01 
 1.59950000e-09 -4.14578611e-01 
 1.60050000e-09 -4.14578844e-01 
 1.60150000e-09 -4.14579072e-01 
 1.60250000e-09 -4.14579295e-01 
 1.60350000e-09 -4.14579514e-01 
 1.60450000e-09 -4.14579728e-01 
 1.60550000e-09 -4.14579938e-01 
 1.60650000e-09 -4.14580144e-01 
 1.60750000e-09 -4.14580345e-01 
 1.60850000e-09 -4.14580543e-01 
 1.60950000e-09 -4.14580736e-01 
 1.61050000e-09 -4.14580925e-01 
 1.61150000e-09 -4.14581111e-01 
 1.61250000e-09 -4.14581292e-01 
 1.61350000e-09 -4.14581470e-01 
 1.61450000e-09 -4.14581644e-01 
 1.61550000e-09 -4.14581815e-01 
 1.61650000e-09 -4.14581982e-01 
 1.61750000e-09 -4.14582146e-01 
 1.61850000e-09 -4.14582306e-01 
 1.61950000e-09 -4.14582463e-01 
 1.62050000e-09 -4.14582617e-01 
 1.62150000e-09 -4.14582768e-01 
 1.62250000e-09 -4.14582915e-01 
 1.62350000e-09 -4.14583060e-01 
 1.62450000e-09 -4.14583201e-01 
 1.62550000e-09 -4.14583340e-01 
 1.62650000e-09 -4.14583476e-01 
 1.62750000e-09 -4.14583609e-01 
 1.62850000e-09 -4.14583739e-01 
 1.62950000e-09 -4.14583867e-01 
 1.63050000e-09 -4.14583992e-01 
 1.63150000e-09 -4.14584114e-01 
 1.63250000e-09 -4.14584234e-01 
 1.63350000e-09 -4.14584352e-01 
 1.63450000e-09 -4.14584467e-01 
 1.63550000e-09 -4.14584580e-01 
 1.63650000e-09 -4.14584690e-01 
 1.63750000e-09 -4.14584798e-01 
 1.63850000e-09 -4.14584904e-01 
 1.63950000e-09 -4.14585008e-01 
 1.64050000e-09 -4.14585109e-01 
 1.64150000e-09 -4.14585209e-01 
 1.64250000e-09 -4.14585306e-01 
 1.64350000e-09 -4.14585402e-01 
 1.64450000e-09 -4.14585495e-01 
 1.64550000e-09 -4.14585587e-01 
 1.64650000e-09 -4.14585677e-01 
 1.64750000e-09 -4.14585765e-01 
 1.64850000e-09 -4.14585851e-01 
 1.64950000e-09 -4.14585935e-01 
 1.65050000e-09 -4.14586018e-01 
 1.65150000e-09 -4.14586099e-01 
 1.65250000e-09 -4.14586178e-01 
 1.65350000e-09 -4.14586255e-01 
 1.65450000e-09 -4.14586331e-01 
 1.65550000e-09 -4.14586406e-01 
 1.65650000e-09 -4.14586479e-01 
 1.65750000e-09 -4.14586550e-01 
 1.65850000e-09 -4.14586620e-01 
 1.65950000e-09 -4.14586689e-01 
 1.66050000e-09 -4.14586756e-01 
 1.66150000e-09 -4.14586822e-01 
 1.66250000e-09 -4.14586886e-01 
 1.66350000e-09 -4.14586949e-01 
 1.66450000e-09 -4.14587011e-01 
 1.66550000e-09 -4.14587072e-01 
 1.66650000e-09 -4.14587131e-01 
 1.66750000e-09 -4.14587189e-01 
 1.66850000e-09 -4.14587246e-01 
 1.66950000e-09 -4.14587301e-01 
 1.67050000e-09 -4.14587356e-01 
 1.67150000e-09 -4.14587409e-01 
 1.67250000e-09 -4.14587462e-01 
 1.67350000e-09 -4.14587513e-01 
 1.67450000e-09 -4.14587563e-01 
 1.67550000e-09 -4.14587612e-01 
 1.67650000e-09 -4.14587661e-01 
 1.67750000e-09 -4.14587708e-01 
 1.67850000e-09 -4.14587754e-01 
 1.67950000e-09 -4.14587799e-01 
 1.68050000e-09 -4.14587844e-01 
 1.68150000e-09 -4.14587887e-01 
 1.68250000e-09 -4.14587930e-01 
 1.68350000e-09 -4.14587971e-01 
 1.68450000e-09 -4.14588012e-01 
 1.68550000e-09 -4.14588052e-01 
 1.68650000e-09 -4.14588091e-01 
 1.68750000e-09 -4.14588130e-01 
 1.68850000e-09 -4.14588167e-01 
 1.68950000e-09 -4.14588204e-01 
 1.69050000e-09 -4.14588240e-01 
 1.69150000e-09 -4.14588275e-01 
 1.69250000e-09 -4.14588310e-01 
 1.69350000e-09 -4.14588344e-01 
 1.69450000e-09 -4.14588377e-01 
 1.69550000e-09 -4.14588409e-01 
 1.69650000e-09 -4.14588441e-01 
 1.69750000e-09 -4.14588472e-01 
 1.69850000e-09 -4.14588503e-01 
 1.69950000e-09 -4.14588533e-01 
 1.70050000e-09 -4.14588562e-01 
 1.70150000e-09 -4.14588591e-01 
 1.70250000e-09 -4.14588619e-01 
 1.70350000e-09 -4.14588646e-01 
 1.70450000e-09 -4.14588673e-01 
 1.70550000e-09 -4.14588700e-01 
 1.70650000e-09 -4.14588726e-01 
 1.70750000e-09 -4.14588751e-01 
 1.70850000e-09 -4.14588776e-01 
 1.70950000e-09 -4.14588800e-01 
 1.71050000e-09 -4.14588824e-01 
 1.71150000e-09 -4.14588847e-01 
 1.71250000e-09 -4.14588870e-01 
 1.71350000e-09 -4.14588893e-01 
 1.71450000e-09 -4.14588914e-01 
 1.71550000e-09 -4.14588936e-01 
 1.71650000e-09 -4.14588957e-01 
 1.71750000e-09 -4.14588978e-01 
 1.71850000e-09 -4.14588998e-01 
 1.71950000e-09 -4.14589017e-01 
 1.72050000e-09 -4.14589037e-01 
 1.72150000e-09 -4.14589056e-01 
 1.72250000e-09 -4.14589074e-01 
 1.72350000e-09 -4.14589093e-01 
 1.72450000e-09 -4.14589110e-01 
 1.72550000e-09 -4.14589128e-01 
 1.72650000e-09 -4.14589145e-01 
 1.72750000e-09 -4.14589162e-01 
 1.72850000e-09 -4.14589178e-01 
 1.72950000e-09 -4.14589194e-01 
 1.73050000e-09 -4.14589210e-01 
 1.73150000e-09 -4.14589225e-01 
 1.73250000e-09 -4.14589240e-01 
 1.73350000e-09 -4.14589255e-01 
 1.73450000e-09 -4.14589270e-01 
 1.73550000e-09 -4.14589284e-01 
 1.73650000e-09 -4.14589298e-01 
 1.73750000e-09 -4.14589311e-01 
 1.73850000e-09 -4.14589325e-01 
 1.73950000e-09 -4.14589338e-01 
 1.74050000e-09 -4.14589350e-01 
 1.74150000e-09 -4.14589363e-01 
 1.74250000e-09 -4.14589375e-01 
 1.74350000e-09 -4.14589387e-01 
 1.74450000e-09 -4.14589399e-01 
 1.74550000e-09 -4.14589410e-01 
 1.74650000e-09 -4.14589422e-01 
 1.74750000e-09 -4.14589433e-01 
 1.74850000e-09 -4.14589444e-01 
 1.74950000e-09 -4.14589454e-01 
 1.75050000e-09 -4.14589465e-01 
 1.75150000e-09 -4.14589475e-01 
 1.75250000e-09 -4.14589485e-01 
 1.75350000e-09 -4.14589495e-01 
 1.75450000e-09 -4.14589504e-01 
 1.75550000e-09 -4.14589513e-01 
 1.75650000e-09 -4.14589523e-01 
 1.75750000e-09 -4.14589532e-01 
 1.75850000e-09 -4.14589540e-01 
 1.75950000e-09 -4.14589549e-01 
 1.76050000e-09 -4.14589557e-01 
 1.76150000e-09 -4.14589566e-01 
 1.76250000e-09 -4.14589574e-01 
 1.76350000e-09 -4.14589582e-01 
 1.76450000e-09 -4.14589590e-01 
 1.76550000e-09 -4.14589597e-01 
 1.76650000e-09 -4.14589605e-01 
 1.76750000e-09 -4.14589612e-01 
 1.76850000e-09 -4.14589619e-01 
 1.76950000e-09 -4.14589626e-01 
 1.77050000e-09 -4.14589633e-01 
 1.77150000e-09 -4.14589640e-01 
 1.77250000e-09 -4.14589646e-01 
 1.77350000e-09 -4.14589653e-01 
 1.77450000e-09 -4.14589659e-01 
 1.77550000e-09 -4.14589665e-01 
 1.77650000e-09 -4.14589671e-01 
 1.77750000e-09 -4.14589677e-01 
 1.77850000e-09 -4.14589683e-01 
 1.77950000e-09 -4.14589689e-01 
 1.78050000e-09 -4.14589694e-01 
 1.78150000e-09 -4.14589700e-01 
 1.78250000e-09 -4.14589705e-01 
 1.78350000e-09 -4.14589710e-01 
 1.78450000e-09 -4.14589716e-01 
 1.78550000e-09 -4.14589721e-01 
 1.78650000e-09 -4.14589725e-01 
 1.78750000e-09 -4.14589730e-01 
 1.78850000e-09 -4.14589735e-01 
 1.78950000e-09 -4.14589740e-01 
 1.79050000e-09 -4.14589744e-01 
 1.79150000e-09 -4.14589749e-01 
 1.79250000e-09 -4.14589753e-01 
 1.79350000e-09 -4.14589757e-01 
 1.79450000e-09 -4.14589761e-01 
 1.79550000e-09 -4.14589765e-01 
 1.79650000e-09 -4.14589769e-01 
 1.79750000e-09 -4.14589773e-01 
 1.79850000e-09 -4.14589777e-01 
 1.79950000e-09 -4.14589781e-01 
 1.80050000e-09 -4.14589785e-01 
 1.80150000e-09 -4.14589788e-01 
 1.80250000e-09 -4.14589792e-01 
 1.80350000e-09 -4.14589795e-01 
 1.80450000e-09 -4.14589799e-01 
 1.80550000e-09 -4.14589802e-01 
 1.80650000e-09 -4.14589805e-01 
 1.80750000e-09 -4.14589808e-01 
 1.80850000e-09 -4.14589812e-01 
 1.80950000e-09 -4.14589815e-01 
 1.81050000e-09 -4.14589818e-01 
 1.81150000e-09 -4.14589821e-01 
 1.81250000e-09 -4.14589823e-01 
 1.81350000e-09 -4.14589826e-01 
 1.81450000e-09 -4.14589829e-01 
 1.81550000e-09 -4.14589832e-01 
 1.81650000e-09 -4.14589834e-01 
 1.81750000e-09 -4.14589837e-01 
 1.81850000e-09 -4.14589839e-01 
 1.81950000e-09 -4.14589842e-01 
 1.82050000e-09 -4.14589844e-01 
 1.82150000e-09 -4.14589847e-01 
 1.82250000e-09 -4.14589849e-01 
 1.82350000e-09 -4.14589851e-01 
 1.82450000e-09 -4.14589854e-01 
 1.82550000e-09 -4.14589856e-01 
 1.82650000e-09 -4.14589858e-01 
 1.82750000e-09 -4.14589860e-01 
 1.82850000e-09 -4.14589862e-01 
 1.82950000e-09 -4.14589864e-01 
 1.83050000e-09 -4.14589866e-01 
 1.83150000e-09 -4.14589868e-01 
 1.83250000e-09 -4.14589870e-01 
 1.83350000e-09 -4.14589872e-01 
 1.83450000e-09 -4.14589874e-01 
 1.83550000e-09 -4.14589875e-01 
 1.83650000e-09 -4.14589877e-01 
 1.83750000e-09 -4.14589879e-01 
 1.83850000e-09 -4.14589881e-01 
 1.83950000e-09 -4.14589882e-01 
 1.84050000e-09 -4.14589884e-01 
 1.84150000e-09 -4.14589885e-01 
 1.84250000e-09 -4.14589887e-01 
 1.84350000e-09 -4.14589888e-01 
 1.84450000e-09 -4.14589890e-01 
 1.84550000e-09 -4.14589891e-01 
 1.84650000e-09 -4.14589893e-01 
 1.84750000e-09 -4.14589894e-01 
 1.84850000e-09 -4.14589896e-01 
 1.84950000e-09 -4.14589897e-01 
 1.85050000e-09 -4.14589898e-01 
 1.85150000e-09 -4.14589899e-01 
 1.85250000e-09 -4.14589901e-01 
 1.85350000e-09 -4.14589902e-01 
 1.85450000e-09 -4.14589903e-01 
 1.85550000e-09 -4.14589904e-01 
 1.85650000e-09 -4.14589906e-01 
 1.85750000e-09 -4.14589907e-01 
 1.85850000e-09 -4.14589908e-01 
 1.85950000e-09 -4.14589909e-01 
 1.86050000e-09 -4.14589910e-01 
 1.86150000e-09 -4.14589911e-01 
 1.86250000e-09 -4.14589912e-01 
 1.86350000e-09 -4.14589913e-01 
 1.86450000e-09 -4.14589914e-01 
 1.86550000e-09 -4.14589915e-01 
 1.86650000e-09 -4.14589916e-01 
 1.86750000e-09 -4.14589917e-01 
 1.86850000e-09 -4.14589918e-01 
 1.86950000e-09 -4.14589919e-01 
 1.87050000e-09 -4.14589919e-01 
 1.87150000e-09 -4.14589920e-01 
 1.87250000e-09 -4.14589921e-01 
 1.87350000e-09 -4.14589922e-01 
 1.87450000e-09 -4.14589923e-01 
 1.87550000e-09 -4.14589923e-01 
 1.87650000e-09 -4.14589924e-01 
 1.87750000e-09 -4.14589925e-01 
 1.87850000e-09 -4.14589926e-01 
 1.87950000e-09 -4.14589926e-01 
 1.88050000e-09 -4.14589927e-01 
 1.88150000e-09 -4.14589928e-01 
 1.88250000e-09 -4.14589928e-01 
 1.88350000e-09 -4.14589929e-01 
 1.88450000e-09 -4.14589930e-01 
 1.88550000e-09 -4.14589930e-01 
 1.88650000e-09 -4.14589931e-01 
 1.88750000e-09 -4.14589932e-01 
 1.88850000e-09 -4.14589932e-01 
 1.88950000e-09 -4.14589933e-01 
 1.89050000e-09 -4.14589933e-01 
 1.89150000e-09 -4.14589934e-01 
 1.89250000e-09 -4.14589934e-01 
 1.89350000e-09 -4.14589935e-01 
 1.89450000e-09 -4.14589936e-01 
 1.89550000e-09 -4.14589936e-01 
 1.89650000e-09 -4.14589937e-01 
 1.89750000e-09 -4.14589937e-01 
 1.89850000e-09 -4.14589938e-01 
 1.89950000e-09 -4.14589938e-01 
 1.90050000e-09 -4.14589938e-01 
 1.90150000e-09 -4.14589939e-01 
 1.90250000e-09 -4.14589939e-01 
 1.90350000e-09 -4.14589940e-01 
 1.90450000e-09 -4.14589940e-01 
 1.90550000e-09 -4.14589941e-01 
 1.90650000e-09 -4.14589941e-01 
 1.90750000e-09 -4.14589941e-01 
 1.90850000e-09 -4.14589942e-01 
 1.90950000e-09 -4.14589942e-01 
 1.91050000e-09 -4.14589943e-01 
 1.91150000e-09 -4.14589943e-01 
 1.91250000e-09 -4.14589943e-01 
 1.91350000e-09 -4.14589944e-01 
 1.91450000e-09 -4.14589944e-01 
 1.91550000e-09 -4.14589944e-01 
 1.91650000e-09 -4.14589945e-01 
 1.91750000e-09 -4.14589945e-01 
 1.91850000e-09 -4.14589945e-01 
 1.91950000e-09 -4.14589946e-01 
 1.92050000e-09 -4.14589946e-01 
 1.92150000e-09 -4.14589946e-01 
 1.92250000e-09 -4.14589947e-01 
 1.92350000e-09 -4.14589947e-01 
 1.92450000e-09 -4.14589947e-01 
 1.92550000e-09 -4.14589947e-01 
 1.92650000e-09 -4.14589948e-01 
 1.92750000e-09 -4.14589948e-01 
 1.92850000e-09 -4.14589948e-01 
 1.92950000e-09 -4.14589948e-01 
 1.93050000e-09 -4.14589949e-01 
 1.93150000e-09 -4.14589949e-01 
 1.93250000e-09 -4.14589949e-01 
 1.93350000e-09 -4.14589949e-01 
 1.93450000e-09 -4.14589950e-01 
 1.93550000e-09 -4.14589950e-01 
 1.93650000e-09 -4.14589950e-01 
 1.93750000e-09 -4.14589950e-01 
 1.93850000e-09 -4.14589951e-01 
 1.93950000e-09 -4.14589951e-01 
 1.94050000e-09 -4.14589951e-01 
 1.94150000e-09 -4.14589951e-01 
 1.94250000e-09 -4.14589951e-01 
 1.94350000e-09 -4.14589951e-01 
 1.94450000e-09 -4.14589952e-01 
 1.94550000e-09 -4.14589952e-01 
 1.94650000e-09 -4.14589952e-01 
 1.94750000e-09 -4.14589952e-01 
 1.94850000e-09 -4.14589952e-01 
 1.94950000e-09 -4.14589953e-01 
 1.95050000e-09 -4.14589953e-01 
 1.95150000e-09 -4.14589953e-01 
 1.95250000e-09 -4.14589953e-01 
 1.95350000e-09 -4.14589953e-01 
 1.95450000e-09 -4.14589953e-01 
 1.95550000e-09 -4.14589953e-01 
 1.95650000e-09 -4.14589954e-01 
 1.95750000e-09 -4.14589954e-01 
 1.95850000e-09 -4.14589954e-01 
 1.95950000e-09 -4.14589954e-01 
 1.96050000e-09 -4.14589954e-01 
 1.96150000e-09 -4.14589954e-01 
 1.96250000e-09 -4.14589954e-01 
 1.96350000e-09 -4.14589955e-01 
 1.96450000e-09 -4.14589955e-01 
 1.96550000e-09 -4.14589955e-01 
 1.96650000e-09 -4.14589955e-01 
 1.96750000e-09 -4.14589955e-01 
 1.96850000e-09 -4.14589955e-01 
 1.96950000e-09 -4.14589955e-01 
 1.97050000e-09 -4.14589955e-01 
 1.97150000e-09 -4.14589955e-01 
 1.97250000e-09 -4.14589956e-01 
 1.97350000e-09 -4.14589956e-01 
 1.97450000e-09 -4.14589956e-01 
 1.97550000e-09 -4.14589956e-01 
 1.97650000e-09 -4.14589956e-01 
 1.97750000e-09 -4.14589956e-01 
 1.97850000e-09 -4.14589956e-01 
 1.97950000e-09 -4.14589956e-01 
 1.98050000e-09 -4.14589956e-01 
 1.98150000e-09 -4.14589956e-01 
 1.98250000e-09 -4.14589957e-01 
 1.98350000e-09 -4.14589957e-01 
 1.98450000e-09 -4.14589957e-01 
 1.98550000e-09 -4.14589957e-01 
 1.98650000e-09 -4.14589957e-01 
 1.98750000e-09 -4.14589957e-01 
 1.98850000e-09 -4.14589957e-01 
 1.98950000e-09 -4.14589957e-01 
 1.99050000e-09 -4.14589957e-01 
 1.99150000e-09 -4.14589957e-01 
 1.99250000e-09 -4.14589957e-01 
 1.99350000e-09 -4.14589957e-01 
 1.99450000e-09 -4.14589957e-01 
 1.99550000e-09 -4.14589957e-01 
 1.99650000e-09 -4.14589958e-01 
 1.99750000e-09 -4.14589958e-01 
 1.99850000e-09 -4.14589958e-01 
 1.99950000e-09 -4.14589958e-01 
 2.00050000e-09 -4.14589958e-01 
 2.00150000e-09 -4.14589958e-01 
 2.00250000e-09 -4.14589958e-01 
 2.00350000e-09 -4.14589958e-01 
 2.00450000e-09 -4.14589958e-01 
 2.00550000e-09 -4.14589958e-01 
 2.00650000e-09 -4.14589958e-01 
 2.00750000e-09 -4.14589958e-01 
 2.00850000e-09 -4.14589958e-01 
 2.00950000e-09 -4.14589958e-01 
 2.01050000e-09 -4.14589958e-01 
 2.01150000e-09 -4.14589958e-01 
 2.01250000e-09 -4.14589958e-01 
 2.01350000e-09 -4.14589958e-01 
 2.01450000e-09 -4.14589958e-01 
 2.01550000e-09 -4.14589959e-01 
 2.01650000e-09 -4.14589959e-01 
 2.01750000e-09 -4.14589959e-01 
 2.01850000e-09 -4.14589959e-01 
 2.01950000e-09 -4.14589959e-01 
 2.02050000e-09 -4.14589959e-01 
 2.02150000e-09 -4.14589959e-01 
 2.02250000e-09 -4.14589959e-01 
 2.02350000e-09 -4.14589959e-01 
 2.02450000e-09 -4.14589959e-01 
 2.02550000e-09 -4.14589959e-01 
 2.02650000e-09 -4.14589959e-01 
 2.02750000e-09 -4.14589959e-01 
 2.02850000e-09 -4.14589959e-01 
 2.02950000e-09 -4.14589959e-01 
 2.03050000e-09 -4.14589959e-01 
 2.03150000e-09 -4.14589959e-01 
 2.03250000e-09 -4.14589959e-01 
 2.03350000e-09 -4.14589959e-01 
 2.03450000e-09 -4.14589959e-01 
 2.03550000e-09 -4.14589959e-01 
 2.03650000e-09 -4.14589959e-01 
 2.03750000e-09 -4.14589959e-01 
 2.03850000e-09 -4.14589959e-01 
 2.03950000e-09 -4.14589959e-01 
 2.04050000e-09 -4.14589959e-01 
 2.04150000e-09 -4.14589959e-01 
 2.04250000e-09 -4.14589959e-01 
 2.04350000e-09 -4.14589959e-01 
 2.04450000e-09 -4.14589959e-01 
 2.04550000e-09 -4.14589959e-01 
 2.04650000e-09 -4.14589959e-01 
 2.04750000e-09 -4.14589959e-01 
 2.04850000e-09 -4.14589960e-01 
 2.04950000e-09 -4.14589960e-01 
 2.05050000e-09 -4.14589960e-01 
 2.05150000e-09 -4.14589960e-01 
 2.05250000e-09 -4.14589960e-01 
 2.05350000e-09 -4.14589960e-01 
 2.05450000e-09 -4.14589960e-01 
 2.05550000e-09 -4.14589960e-01 
 2.05650000e-09 -4.14589960e-01 
 2.05750000e-09 -4.14589960e-01 
 2.05850000e-09 -4.14589960e-01 
 2.05950000e-09 -4.14589960e-01 
 2.06050000e-09 -4.14589960e-01 
 2.06150000e-09 -4.14589960e-01 
 2.06250000e-09 -4.14589960e-01 
 2.06350000e-09 -4.14589960e-01 
 2.06450000e-09 -4.14589960e-01 
 2.06550000e-09 -4.14589960e-01 
 2.06650000e-09 -4.14589960e-01 
 2.06750000e-09 -4.14589960e-01 
 2.06850000e-09 -4.14589960e-01 
 2.06950000e-09 -4.14589960e-01 
 2.07050000e-09 -4.14589960e-01 
 2.07150000e-09 -4.14589960e-01 
 2.07250000e-09 -4.14589960e-01 
 2.07350000e-09 -4.14589960e-01 
 2.07450000e-09 -4.14589960e-01 
 2.07550000e-09 -4.14589960e-01 
 2.07650000e-09 -4.14589960e-01 
 2.07750000e-09 -4.14589960e-01 
 2.07850000e-09 -4.14589960e-01 
 2.07950000e-09 -4.14589960e-01 
 2.08050000e-09 -4.14589960e-01 
 2.08150000e-09 -4.14589960e-01 
 2.08250000e-09 -4.14589960e-01 
 2.08350000e-09 -4.14589960e-01 
 2.08450000e-09 -4.14589960e-01 
 2.08550000e-09 -4.14589960e-01 
 2.08650000e-09 -4.14589960e-01 
 2.08750000e-09 -4.14589960e-01 
 2.08850000e-09 -4.14589960e-01 
 2.08950000e-09 -4.14589960e-01 
 2.09050000e-09 -4.14589960e-01 
 2.09150000e-09 -4.14589960e-01 
 2.09250000e-09 -4.14589960e-01 
 2.09350000e-09 -4.14589960e-01 
 2.09450000e-09 -4.14589960e-01 
 2.09550000e-09 -4.14589960e-01 
 2.09650000e-09 -4.14589960e-01 
 2.09750000e-09 -4.14589960e-01 
 2.09850000e-09 -4.14589960e-01 
 2.09950000e-09 -4.14589960e-01 
 2.10050000e-09 -4.14589960e-01 
 2.10150000e-09 -4.14589960e-01 
 2.10250000e-09 -4.14589960e-01 
 2.10350000e-09 -4.14589960e-01 
 2.10450000e-09 -4.14589960e-01 
 2.10550000e-09 -4.14589960e-01 
 2.10650000e-09 -4.14589960e-01 
 2.10750000e-09 -4.14589960e-01 
 2.10850000e-09 -4.14589960e-01 
 2.10950000e-09 -4.14589960e-01 
 2.11050000e-09 -4.14589960e-01 
 2.11150000e-09 -4.14589960e-01 
 2.11250000e-09 -4.14589960e-01 
 2.11350000e-09 -4.14589960e-01 
 2.11450000e-09 -4.14589960e-01 
 2.11550000e-09 -4.14589960e-01 
 2.11650000e-09 -4.14589960e-01 
 2.11750000e-09 -4.14589960e-01 
 2.11850000e-09 -4.14589960e-01 
 2.11950000e-09 -4.14589960e-01 
 2.12050000e-09 -4.14589960e-01 
 2.12150000e-09 -4.14589960e-01 
 2.12250000e-09 -4.14589960e-01 
 2.12350000e-09 -4.14589960e-01 
 2.12450000e-09 -4.14589960e-01 
 2.12550000e-09 -4.14589960e-01 
 2.12650000e-09 -4.14589960e-01 
 2.12750000e-09 -4.14589960e-01 
 2.12850000e-09 -4.14589960e-01 
 2.12950000e-09 -4.14589960e-01 
 2.13050000e-09 -4.14589960e-01 
 2.13150000e-09 -4.14589960e-01 
 2.13250000e-09 -4.14589960e-01 
 2.13350000e-09 -4.14589960e-01 
 2.13450000e-09 -4.14589960e-01 
 2.13550000e-09 -4.14589960e-01 
 2.13650000e-09 -4.14589960e-01 
 2.13750000e-09 -4.14589960e-01 
 2.13850000e-09 -4.14589960e-01 
 2.13950000e-09 -4.14589960e-01 
 2.14050000e-09 -4.14589960e-01 
 2.14150000e-09 -4.14589960e-01 
 2.14250000e-09 -4.14589960e-01 
 2.14350000e-09 -4.14589960e-01 
 2.14450000e-09 -4.14589960e-01 
 2.14550000e-09 -4.14589960e-01 
 2.14650000e-09 -4.14589960e-01 
 2.14750000e-09 -4.14589960e-01 
 2.14850000e-09 -4.14589960e-01 
 2.14950000e-09 -4.14589960e-01 
 2.15050000e-09 -4.14589960e-01 
 2.15150000e-09 -4.14589960e-01 
 2.15250000e-09 -4.14589960e-01 
 2.15350000e-09 -4.14589960e-01 
 2.15450000e-09 -4.14589960e-01 
 2.15550000e-09 -4.14589960e-01 
 2.15650000e-09 -4.14589960e-01 
 2.15750000e-09 -4.14589960e-01 
 2.15850000e-09 -4.14589960e-01 
 2.15950000e-09 -4.14589960e-01 
 2.16050000e-09 -4.14589960e-01 
 2.16150000e-09 -4.14589960e-01 
 2.16250000e-09 -4.14589960e-01 
 2.16350000e-09 -4.14589960e-01 
 2.16450000e-09 -4.14589960e-01 
 2.16550000e-09 -4.14589960e-01 
 2.16650000e-09 -4.14589960e-01 
 2.16750000e-09 -4.14589960e-01 
 2.16850000e-09 -4.14589960e-01 
 2.16950000e-09 -4.14589960e-01 
 2.17050000e-09 -4.14589960e-01 
 2.17150000e-09 -4.14589960e-01 
 2.17250000e-09 -4.14589960e-01 
 2.17350000e-09 -4.14589960e-01 
 2.17450000e-09 -4.14589960e-01 
 2.17550000e-09 -4.14589960e-01 
 2.17650000e-09 -4.14589960e-01 
 2.17750000e-09 -4.14589960e-01 
 2.17850000e-09 -4.14589960e-01 
 2.17950000e-09 -4.14589960e-01 
 2.18050000e-09 -4.14589960e-01 
 2.18150000e-09 -4.14589960e-01 
 2.18250000e-09 -4.14589960e-01 
 2.18350000e-09 -4.14589960e-01 
 2.18450000e-09 -4.14589960e-01 
 2.18550000e-09 -4.14589960e-01 
 2.18650000e-09 -4.14589960e-01 
 2.18750000e-09 -4.14589960e-01 
 2.18850000e-09 -4.14589960e-01 
 2.18950000e-09 -4.14589960e-01 
 2.19050000e-09 -4.14589960e-01 
 2.19150000e-09 -4.14589960e-01 
 2.19250000e-09 -4.14589960e-01 
 2.19350000e-09 -4.14589960e-01 
 2.19450000e-09 -4.14589960e-01 
 2.19550000e-09 -4.14589960e-01 
 2.19650000e-09 -4.14589960e-01 
 2.19750000e-09 -4.14589960e-01 
 2.19850000e-09 -4.14589960e-01 
 2.19950000e-09 -4.14589960e-01 
 2.20050000e-09 -4.14589960e-01 
 2.20150000e-09 -4.14589960e-01 
 2.20250000e-09 -4.14589960e-01 
 2.20350000e-09 -4.14589960e-01 
 2.20450000e-09 -4.14589960e-01 
 2.20550000e-09 -4.14589960e-01 
 2.20650000e-09 -4.14589960e-01 
 2.20750000e-09 -4.14589960e-01 
 2.20850000e-09 -4.14589960e-01 
 2.20950000e-09 -4.14589960e-01 
 2.21050000e-09 -4.14589960e-01 
 2.21150000e-09 -4.14589960e-01 
 2.21250000e-09 -4.14589960e-01 
 2.21350000e-09 -4.14589960e-01 
 2.21450000e-09 -4.14589960e-01 
 2.21550000e-09 -4.14589960e-01 
 2.21650000e-09 -4.14589960e-01 
 2.21750000e-09 -4.14589960e-01 
 2.21850000e-09 -4.14589960e-01 
 2.21950000e-09 -4.14589960e-01 
 2.22050000e-09 -4.14589960e-01 
 2.22150000e-09 -4.14589960e-01 
 2.22250000e-09 -4.14589960e-01 
 2.22350000e-09 -4.14589960e-01 
 2.22450000e-09 -4.14589960e-01 
 2.22550000e-09 -4.14589960e-01 
 2.22650000e-09 -4.14589960e-01 
 2.22750000e-09 -4.14589960e-01 
 2.22850000e-09 -4.14589960e-01 
 2.22950000e-09 -4.14589960e-01 
 2.23050000e-09 -4.14589960e-01 
 2.23150000e-09 -4.14589960e-01 
 2.23250000e-09 -4.14589960e-01 
 2.23350000e-09 -4.14589960e-01 
 2.23450000e-09 -4.14589960e-01 
 2.23550000e-09 -4.14589960e-01 
 2.23650000e-09 -4.14589960e-01 
 2.23750000e-09 -4.14589960e-01 
 2.23850000e-09 -4.14589960e-01 
 2.23950000e-09 -4.14589960e-01 
 2.24050000e-09 -4.14589960e-01 
 2.24150000e-09 -4.14589960e-01 
 2.24250000e-09 -4.14589960e-01 
 2.24350000e-09 -4.14589960e-01 
 2.24450000e-09 -4.14589960e-01 
 2.24550000e-09 -4.14589960e-01 
 2.24650000e-09 -4.14589960e-01 
 2.24750000e-09 -4.14589960e-01 
 2.24850000e-09 -4.14589960e-01 
 2.24950000e-09 -4.14589960e-01 
 2.25050000e-09 -4.14589960e-01 
 2.25150000e-09 -4.14589960e-01 
 2.25250000e-09 -4.14589960e-01 
 2.25350000e-09 -4.14589960e-01 
 2.25450000e-09 -4.14589960e-01 
 2.25550000e-09 -4.14589960e-01 
 2.25650000e-09 -4.14589960e-01 
 2.25750000e-09 -4.14589960e-01 
 2.25850000e-09 -4.14589960e-01 
 2.25950000e-09 -4.14589960e-01 
 2.26050000e-09 -4.14589960e-01 
 2.26150000e-09 -4.14589960e-01 
 2.26250000e-09 -4.14589960e-01 
 2.26350000e-09 -4.14589960e-01 
 2.26450000e-09 -4.14589960e-01 
 2.26550000e-09 -4.14589960e-01 
 2.26650000e-09 -4.14589960e-01 
 2.26750000e-09 -4.14589960e-01 
 2.26850000e-09 -4.14589960e-01 
 2.26950000e-09 -4.14589960e-01 
 2.27050000e-09 -4.14589960e-01 
 2.27150000e-09 -4.14589960e-01 
 2.27250000e-09 -4.14589960e-01 
 2.27350000e-09 -4.14589960e-01 
 2.27450000e-09 -4.14589960e-01 
 2.27550000e-09 -4.14589960e-01 
 2.27650000e-09 -4.14589960e-01 
 2.27750000e-09 -4.14589960e-01 
 2.27850000e-09 -4.14589960e-01 
 2.27950000e-09 -4.14589960e-01 
 2.28050000e-09 -4.14589960e-01 
 2.28150000e-09 -4.14589960e-01 
 2.28250000e-09 -4.14589960e-01 
 2.28350000e-09 -4.14589960e-01 
 2.28450000e-09 -4.14589960e-01 
 2.28550000e-09 -4.14589960e-01 
 2.28650000e-09 -4.14589960e-01 
 2.28750000e-09 -4.14589960e-01 
 2.28850000e-09 -4.14589960e-01 
 2.28950000e-09 -4.14589960e-01 
 2.29050000e-09 -4.14589960e-01 
 2.29150000e-09 -4.14589960e-01 
 2.29250000e-09 -4.14589960e-01 
 2.29350000e-09 -4.14589960e-01 
 2.29450000e-09 -4.14589960e-01 
 2.29550000e-09 -4.14589960e-01 
 2.29650000e-09 -4.14589960e-01 
 2.29750000e-09 -4.14589960e-01 
 2.29850000e-09 -4.14589960e-01 
 2.29950000e-09 -4.14589960e-01 
 2.30050000e-09 -4.14589960e-01 
 2.30150000e-09 -4.14589960e-01 
 2.30250000e-09 -4.14589960e-01 
 2.30350000e-09 -4.14589960e-01 
 2.30450000e-09 -4.14589960e-01 
 2.30550000e-09 -4.14589960e-01 
 2.30650000e-09 -4.14589960e-01 
 2.30750000e-09 -4.14589960e-01 
 2.30850000e-09 -4.14589960e-01 
 2.30950000e-09 -4.14589960e-01 
 2.31050000e-09 -4.14589960e-01 
 2.31150000e-09 -4.14589960e-01 
 2.31250000e-09 -4.14589960e-01 
 2.31350000e-09 -4.14589960e-01 
 2.31450000e-09 -4.14589960e-01 
 2.31550000e-09 -4.14589960e-01 
 2.31650000e-09 -4.14589960e-01 
 2.31750000e-09 -4.14589960e-01 
 2.31850000e-09 -4.14589960e-01 
 2.31950000e-09 -4.14589960e-01 
 2.32050000e-09 -4.14589960e-01 
 2.32150000e-09 -4.14589960e-01 
 2.32250000e-09 -4.14589960e-01 
 2.32350000e-09 -4.14589960e-01 
 2.32450000e-09 -4.14589960e-01 
 2.32550000e-09 -4.14589960e-01 
 2.32650000e-09 -4.14589960e-01 
 2.32750000e-09 -4.14589960e-01 
 2.32850000e-09 -4.14589960e-01 
 2.32950000e-09 -4.14589960e-01 
 2.33050000e-09 -4.14589960e-01 
 2.33150000e-09 -4.14589960e-01 
 2.33250000e-09 -4.14589960e-01 
 2.33350000e-09 -4.14589960e-01 
 2.33450000e-09 -4.14589960e-01 
 2.33550000e-09 -4.14589960e-01 
 2.33650000e-09 -4.14589960e-01 
 2.33750000e-09 -4.14589960e-01 
 2.33850000e-09 -4.14589960e-01 
 2.33950000e-09 -4.14589960e-01 
 2.34050000e-09 -4.14589960e-01 
 2.34150000e-09 -4.14589960e-01 
 2.34250000e-09 -4.14589960e-01 
 2.34350000e-09 -4.14589960e-01 
 2.34450000e-09 -4.14589960e-01 
 2.34550000e-09 -4.14589960e-01 
 2.34650000e-09 -4.14589960e-01 
 2.34750000e-09 -4.14589960e-01 
 2.34850000e-09 -4.14589960e-01 
 2.34950000e-09 -4.14589960e-01 
 2.35050000e-09 -4.14589960e-01 
 2.35150000e-09 -4.14589960e-01 
 2.35250000e-09 -4.14589960e-01 
 2.35350000e-09 -4.14589960e-01 
 2.35450000e-09 -4.14589960e-01 
 2.35550000e-09 -4.14589960e-01 
 2.35650000e-09 -4.14589960e-01 
 2.35750000e-09 -4.14589960e-01 
 2.35850000e-09 -4.14589960e-01 
 2.35950000e-09 -4.14589960e-01 
 2.36050000e-09 -4.14589960e-01 
 2.36062500e-09 -4.14589960e-01 
 2.36087500e-09 -4.14589960e-01 
 2.36137500e-09 -4.14589960e-01 
 2.36237500e-09 -4.14589960e-01 
 2.36337500e-09 -4.14589960e-01 
 2.36437500e-09 -4.14589960e-01 
 2.36537500e-09 -4.14589960e-01 
 2.36637500e-09 -4.14589960e-01 
 2.36737500e-09 -4.14589960e-01 
 2.36837500e-09 -4.14589960e-01 
 2.36937500e-09 -4.14589960e-01 
 2.37037500e-09 -4.14589960e-01 
 2.37137500e-09 -4.14589960e-01 
 2.37237500e-09 -4.14589960e-01 
 2.37337500e-09 -4.14589960e-01 
 2.37437500e-09 -4.14589960e-01 
 2.37537500e-09 -4.14589960e-01 
 2.37637500e-09 -4.14589960e-01 
 2.37737500e-09 -4.14589960e-01 
 2.37837500e-09 -4.14589960e-01 
 2.37937500e-09 -4.14589960e-01 
 2.38037500e-09 -4.14589960e-01 
 2.38137500e-09 -4.14589960e-01 
 2.38237500e-09 -4.14589960e-01 
 2.38337500e-09 -4.14589960e-01 
 2.38437500e-09 -4.14589960e-01 
 2.38537500e-09 -4.14589960e-01 
 2.38637500e-09 -4.14589960e-01 
 2.38737500e-09 -4.14589960e-01 
 2.38837500e-09 -4.14589960e-01 
 2.38937500e-09 -4.14589960e-01 
 2.39037500e-09 -4.14589960e-01 
 2.39137500e-09 -4.14589960e-01 
 2.39237500e-09 -4.14589960e-01 
 2.39337500e-09 -4.14589960e-01 
 2.39437500e-09 -4.14589960e-01 
 2.39537500e-09 -4.14589960e-01 
 2.39637500e-09 -4.14589960e-01 
 2.39737500e-09 -4.14589960e-01 
 2.39837500e-09 -4.14589960e-01 
 2.39937500e-09 -4.14589960e-01 
 2.40037500e-09 -4.14589960e-01 
 2.40137500e-09 -4.14589960e-01 
 2.40237500e-09 -4.14589960e-01 
 2.40337500e-09 -4.14589960e-01 
 2.40437500e-09 -4.14589960e-01 
 2.40537500e-09 -4.14589960e-01 
 2.40637500e-09 -4.14589960e-01 
 2.40737500e-09 -4.14589960e-01 
 2.40837500e-09 -4.14589960e-01 
 2.40937500e-09 -4.14589960e-01 
 2.41037500e-09 -4.14589960e-01 
 2.41137500e-09 -4.14589960e-01 
 2.41237500e-09 -4.14589960e-01 
 2.41337500e-09 -4.14589960e-01 
 2.41437500e-09 -4.14589960e-01 
 2.41537500e-09 -4.14589960e-01 
 2.41637500e-09 -4.14589960e-01 
 2.41737500e-09 -4.14589960e-01 
 2.41837500e-09 -4.14589960e-01 
 2.41937500e-09 -4.14589960e-01 
 2.42037500e-09 -4.14589960e-01 
 2.42137500e-09 -4.14589960e-01 
 2.42237500e-09 -4.14589960e-01 
 2.42337500e-09 -4.14589960e-01 
 2.42437500e-09 -4.14589960e-01 
 2.42537500e-09 -4.14589960e-01 
 2.42637500e-09 -4.14589960e-01 
 2.42737500e-09 -4.14589960e-01 
 2.42837500e-09 -4.14589960e-01 
 2.42937500e-09 -4.14589960e-01 
 2.43037500e-09 -4.14589960e-01 
 2.43137500e-09 -4.14589960e-01 
 2.43237500e-09 -4.14589960e-01 
 2.43337500e-09 -4.14589960e-01 
 2.43437500e-09 -4.14589960e-01 
 2.43537500e-09 -4.14589960e-01 
 2.43637500e-09 -4.14589960e-01 
 2.43737500e-09 -4.14589960e-01 
 2.43837500e-09 -4.14589960e-01 
 2.43937500e-09 -4.14589960e-01 
 2.44037500e-09 -4.14589960e-01 
 2.44137500e-09 -4.14589960e-01 
 2.44237500e-09 -4.14589960e-01 
 2.44337500e-09 -4.14589960e-01 
 2.44437500e-09 -4.14589960e-01 
 2.44537500e-09 -4.14589960e-01 
 2.44637500e-09 -4.14589960e-01 
 2.44737500e-09 -4.14589960e-01 
 2.44837500e-09 -4.14589960e-01 
 2.44937500e-09 -4.14589960e-01 
 2.45037500e-09 -4.14589960e-01 
 2.45137500e-09 -4.14589960e-01 
 2.45237500e-09 -4.14589960e-01 
 2.45337500e-09 -4.14589960e-01 
 2.45437500e-09 -4.14589960e-01 
 2.45537500e-09 -4.14589960e-01 
 2.45637500e-09 -4.14589960e-01 
 2.45737500e-09 -4.14589960e-01 
 2.45837500e-09 -4.14589960e-01 
 2.45937500e-09 -4.14589960e-01 
 2.46037500e-09 -4.14589960e-01 
 2.46137500e-09 -4.14589960e-01 
 2.46237500e-09 -4.14589960e-01 
 2.46337500e-09 -4.14589960e-01 
 2.46437500e-09 -4.14589960e-01 
 2.46537500e-09 -4.14589960e-01 
 2.46637500e-09 -4.14589960e-01 
 2.46737500e-09 -4.14589960e-01 
 2.46837500e-09 -4.14589960e-01 
 2.46937500e-09 -4.14589960e-01 
 2.47037500e-09 -4.14589960e-01 
 2.47137500e-09 -4.14589960e-01 
 2.47237500e-09 -4.14589960e-01 
 2.47337500e-09 -4.14589960e-01 
 2.47437500e-09 -4.14589960e-01 
 2.47537500e-09 -4.14589960e-01 
 2.47637500e-09 -4.14589960e-01 
 2.47737500e-09 -4.14589960e-01 
 2.47837500e-09 -4.14589960e-01 
 2.47937500e-09 -4.14589960e-01 
 2.48037500e-09 -4.14589960e-01 
 2.48137500e-09 -4.14589960e-01 
 2.48237500e-09 -4.14589960e-01 
 2.48337500e-09 -4.14589960e-01 
 2.48437500e-09 -4.14589960e-01 
 2.48537500e-09 -4.14589960e-01 
 2.48637500e-09 -4.14589960e-01 
 2.48737500e-09 -4.14589960e-01 
 2.48837500e-09 -4.14589960e-01 
 2.48937500e-09 -4.14589960e-01 
 2.49037500e-09 -4.14589960e-01 
 2.49137500e-09 -4.14589960e-01 
 2.49237500e-09 -4.14589960e-01 
 2.49337500e-09 -4.14589960e-01 
 2.49437500e-09 -4.14589960e-01 
 2.49537500e-09 -4.14589960e-01 
 2.49637500e-09 -4.14589960e-01 
 2.49737500e-09 -4.14589960e-01 
 2.49837500e-09 -4.14589960e-01 
 2.49937500e-09 -4.14589960e-01 
 2.50037500e-09 -4.14589960e-01 
 2.50137500e-09 -4.14589960e-01 
 2.50237500e-09 -4.14589960e-01 
 2.50337500e-09 -4.14589960e-01 
 2.50437500e-09 -4.14589960e-01 
 2.50537500e-09 -4.14589960e-01 
 2.50637500e-09 -4.14589960e-01 
 2.50737500e-09 -4.14589960e-01 
 2.50837500e-09 -4.14589960e-01 
 2.50937500e-09 -4.14589960e-01 
 2.51037500e-09 -4.14589960e-01 
 2.51137500e-09 -4.14589960e-01 
 2.51237500e-09 -4.14589960e-01 
 2.51337500e-09 -4.14589960e-01 
 2.51437500e-09 -4.14589960e-01 
 2.51537500e-09 -4.14589960e-01 
 2.51637500e-09 -4.14589960e-01 
 2.51737500e-09 -4.14589960e-01 
 2.51837500e-09 -4.14589960e-01 
 2.51937500e-09 -4.14589960e-01 
 2.52037500e-09 -4.14589960e-01 
 2.52137500e-09 -4.14589960e-01 
 2.52237500e-09 -4.14589960e-01 
 2.52337500e-09 -4.14589960e-01 
 2.52437500e-09 -4.14589960e-01 
 2.52537500e-09 -4.14589960e-01 
 2.52637500e-09 -4.14589960e-01 
 2.52737500e-09 -4.14589960e-01 
 2.52837500e-09 -4.14589960e-01 
 2.52937500e-09 -4.14589960e-01 
 2.53037500e-09 -4.14589960e-01 
 2.53137500e-09 -4.14589960e-01 
 2.53237500e-09 -4.14589960e-01 
 2.53337500e-09 -4.14589960e-01 
 2.53437500e-09 -4.14589960e-01 
 2.53537500e-09 -4.14589960e-01 
 2.53637500e-09 -4.14589960e-01 
 2.53737500e-09 -4.14589960e-01 
 2.53837500e-09 -4.14589960e-01 
 2.53937500e-09 -4.14589960e-01 
 2.54037500e-09 -4.14589960e-01 
 2.54137500e-09 -4.14589960e-01 
 2.54237500e-09 -4.14589960e-01 
 2.54337500e-09 -4.14589960e-01 
 2.54437500e-09 -4.14589960e-01 
 2.54537500e-09 -4.14589960e-01 
 2.54637500e-09 -4.14589960e-01 
 2.54737500e-09 -4.14589960e-01 
 2.54837500e-09 -4.14589960e-01 
 2.54937500e-09 -4.14589960e-01 
 2.55037500e-09 -4.14589960e-01 
 2.55137500e-09 -4.14589960e-01 
 2.55237500e-09 -4.14589960e-01 
 2.55337500e-09 -4.14589960e-01 
 2.55437500e-09 -4.14589960e-01 
 2.55537500e-09 -4.14589960e-01 
 2.55637500e-09 -4.14589960e-01 
 2.55737500e-09 -4.14589960e-01 
 2.55837500e-09 -4.14589960e-01 
 2.55937500e-09 -4.14589960e-01 
 2.56037500e-09 -4.14589960e-01 
 2.56137500e-09 -4.14589960e-01 
 2.56237500e-09 -4.14589960e-01 
 2.56337500e-09 -4.14589960e-01 
 2.56437500e-09 -4.14589960e-01 
 2.56537500e-09 -4.14589960e-01 
 2.56637500e-09 -4.14589960e-01 
 2.56737500e-09 -4.14589960e-01 
 2.56837500e-09 -4.14589960e-01 
 2.56937500e-09 -4.14589960e-01 
 2.57037500e-09 -4.14589960e-01 
 2.57137500e-09 -4.14589960e-01 
 2.57237500e-09 -4.14589960e-01 
 2.57337500e-09 -4.14589960e-01 
 2.57437500e-09 -4.14589960e-01 
 2.57537500e-09 -4.14589960e-01 
 2.57637500e-09 -4.14589960e-01 
 2.57737500e-09 -4.14589960e-01 
 2.57837500e-09 -4.14589960e-01 
 2.57937500e-09 -4.14589960e-01 
 2.58037500e-09 -4.14589960e-01 
 2.58137500e-09 -4.14589960e-01 
 2.58237500e-09 -4.14589960e-01 
 2.58337500e-09 -4.14589960e-01 
 2.58437500e-09 -4.14589960e-01 
 2.58537500e-09 -4.14589960e-01 
 2.58637500e-09 -4.14589960e-01 
 2.58737500e-09 -4.14589960e-01 
 2.58837500e-09 -4.14589960e-01 
 2.58937500e-09 -4.14589960e-01 
 2.59037500e-09 -4.14589960e-01 
 2.59137500e-09 -4.14589960e-01 
 2.59237500e-09 -4.14589960e-01 
 2.59337500e-09 -4.14589960e-01 
 2.59437500e-09 -4.14589960e-01 
 2.59537500e-09 -4.14589960e-01 
 2.59637500e-09 -4.14589960e-01 
 2.59737500e-09 -4.14589960e-01 
 2.59837500e-09 -4.14589960e-01 
 2.59937500e-09 -4.14589960e-01 
 2.60037500e-09 -4.14589960e-01 
 2.60137500e-09 -4.14589960e-01 
 2.60237500e-09 -4.14589960e-01 
 2.60337500e-09 -4.14589960e-01 
 2.60437500e-09 -4.14589960e-01 
 2.60537500e-09 -4.14589960e-01 
 2.60637500e-09 -4.14589960e-01 
 2.60737500e-09 -4.14589960e-01 
 2.60837500e-09 -4.14589960e-01 
 2.60937500e-09 -4.14589960e-01 
 2.61037500e-09 -4.14589960e-01 
 2.61137500e-09 -4.14589960e-01 
 2.61237500e-09 -4.14589960e-01 
 2.61337500e-09 -4.14589960e-01 
 2.61437500e-09 -4.14589960e-01 
 2.61537500e-09 -4.14589960e-01 
 2.61637500e-09 -4.14589960e-01 
 2.61737500e-09 -4.14589960e-01 
 2.61837500e-09 -4.14589960e-01 
 2.61937500e-09 -4.14589960e-01 
 2.62037500e-09 -4.14589960e-01 
 2.62137500e-09 -4.14589960e-01 
 2.62237500e-09 -4.14589960e-01 
 2.62337500e-09 -4.14589960e-01 
 2.62437500e-09 -4.14589960e-01 
 2.62537500e-09 -4.14589960e-01 
 2.62637500e-09 -4.14589960e-01 
 2.62737500e-09 -4.14589960e-01 
 2.62837500e-09 -4.14589960e-01 
 2.62937500e-09 -4.14589960e-01 
 2.63037500e-09 -4.14589960e-01 
 2.63137500e-09 -4.14589960e-01 
 2.63237500e-09 -4.14589960e-01 
 2.63337500e-09 -4.14589960e-01 
 2.63437500e-09 -4.14589960e-01 
 2.63537500e-09 -4.14589960e-01 
 2.63637500e-09 -4.14589960e-01 
 2.63737500e-09 -4.14589960e-01 
 2.63837500e-09 -4.14589960e-01 
 2.63937500e-09 -4.14589960e-01 
 2.64037500e-09 -4.14589960e-01 
 2.64137500e-09 -4.14589960e-01 
 2.64237500e-09 -4.14589960e-01 
 2.64337500e-09 -4.14589960e-01 
 2.64437500e-09 -4.14589960e-01 
 2.64537500e-09 -4.14589960e-01 
 2.64637500e-09 -4.14589960e-01 
 2.64737500e-09 -4.14589960e-01 
 2.64837500e-09 -4.14589960e-01 
 2.64937500e-09 -4.14589960e-01 
 2.65037500e-09 -4.14589960e-01 
 2.65137500e-09 -4.14589960e-01 
 2.65237500e-09 -4.14589960e-01 
 2.65337500e-09 -4.14589960e-01 
 2.65437500e-09 -4.14589960e-01 
 2.65537500e-09 -4.14589960e-01 
 2.65637500e-09 -4.14589960e-01 
 2.65737500e-09 -4.14589960e-01 
 2.65837500e-09 -4.14589960e-01 
 2.65937500e-09 -4.14589960e-01 
 2.66037500e-09 -4.14589960e-01 
 2.66137500e-09 -4.14589960e-01 
 2.66237500e-09 -4.14589960e-01 
 2.66337500e-09 -4.14589960e-01 
 2.66437500e-09 -4.14589960e-01 
 2.66537500e-09 -4.14589960e-01 
 2.66637500e-09 -4.14589960e-01 
 2.66737500e-09 -4.14589960e-01 
 2.66837500e-09 -4.14589960e-01 
 2.66937500e-09 -4.14589960e-01 
 2.67037500e-09 -4.14589960e-01 
 2.67137500e-09 -4.14589960e-01 
 2.67237500e-09 -4.14589960e-01 
 2.67337500e-09 -4.14589960e-01 
 2.67437500e-09 -4.14589960e-01 
 2.67537500e-09 -4.14589960e-01 
 2.67637500e-09 -4.14589960e-01 
 2.67737500e-09 -4.14589960e-01 
 2.67837500e-09 -4.14589960e-01 
 2.67937500e-09 -4.14589960e-01 
 2.68037500e-09 -4.14589960e-01 
 2.68137500e-09 -4.14589960e-01 
 2.68237500e-09 -4.14589960e-01 
 2.68337500e-09 -4.14589960e-01 
 2.68437500e-09 -4.14589960e-01 
 2.68537500e-09 -4.14589960e-01 
 2.68637500e-09 -4.14589960e-01 
 2.68737500e-09 -4.14589960e-01 
 2.68837500e-09 -4.14589960e-01 
 2.68937500e-09 -4.14589960e-01 
 2.69037500e-09 -4.14589960e-01 
 2.69137500e-09 -4.14589960e-01 
 2.69237500e-09 -4.14589960e-01 
 2.69337500e-09 -4.14589960e-01 
 2.69437500e-09 -4.14589960e-01 
 2.69537500e-09 -4.14589960e-01 
 2.69637500e-09 -4.14589960e-01 
 2.69737500e-09 -4.14589960e-01 
 2.69837500e-09 -4.14589960e-01 
 2.69937500e-09 -4.14589960e-01 
 2.70037500e-09 -4.14589960e-01 
 2.70137500e-09 -4.14589960e-01 
 2.70237500e-09 -4.14589960e-01 
 2.70337500e-09 -4.14589960e-01 
 2.70437500e-09 -4.14589960e-01 
 2.70537500e-09 -4.14589960e-01 
 2.70637500e-09 -4.14589960e-01 
 2.70737500e-09 -4.14589960e-01 
 2.70837500e-09 -4.14589960e-01 
 2.70937500e-09 -4.14589960e-01 
 2.71037500e-09 -4.14589960e-01 
 2.71137500e-09 -4.14589960e-01 
 2.71237500e-09 -4.14589960e-01 
 2.71337500e-09 -4.14589960e-01 
 2.71437500e-09 -4.14589960e-01 
 2.71537500e-09 -4.14589960e-01 
 2.71637500e-09 -4.14589960e-01 
 2.71737500e-09 -4.14589960e-01 
 2.71837500e-09 -4.14589960e-01 
 2.71937500e-09 -4.14589960e-01 
 2.72037500e-09 -4.14589960e-01 
 2.72137500e-09 -4.14589960e-01 
 2.72237500e-09 -4.14589960e-01 
 2.72337500e-09 -4.14589960e-01 
 2.72437500e-09 -4.14589960e-01 
 2.72537500e-09 -4.14589960e-01 
 2.72637500e-09 -4.14589960e-01 
 2.72737500e-09 -4.14589960e-01 
 2.72837500e-09 -4.14589960e-01 
 2.72937500e-09 -4.14589960e-01 
 2.73037500e-09 -4.14589960e-01 
 2.73137500e-09 -4.14589960e-01 
 2.73237500e-09 -4.14589960e-01 
 2.73337500e-09 -4.14589960e-01 
 2.73437500e-09 -4.14589960e-01 
 2.73537500e-09 -4.14589960e-01 
 2.73637500e-09 -4.14589960e-01 
 2.73737500e-09 -4.14589960e-01 
 2.73837500e-09 -4.14589960e-01 
 2.73937500e-09 -4.14589960e-01 
 2.74037500e-09 -4.14589960e-01 
 2.74137500e-09 -4.14589960e-01 
 2.74237500e-09 -4.14589960e-01 
 2.74337500e-09 -4.14589960e-01 
 2.74437500e-09 -4.14589960e-01 
 2.74537500e-09 -4.14589960e-01 
 2.74637500e-09 -4.14589960e-01 
 2.74737500e-09 -4.14589960e-01 
 2.74837500e-09 -4.14589960e-01 
 2.74937500e-09 -4.14589960e-01 
 2.75037500e-09 -4.14589960e-01 
 2.75137500e-09 -4.14589960e-01 
 2.75237500e-09 -4.14589960e-01 
 2.75337500e-09 -4.14589960e-01 
 2.75437500e-09 -4.14589960e-01 
 2.75537500e-09 -4.14589960e-01 
 2.75637500e-09 -4.14589960e-01 
 2.75737500e-09 -4.14589960e-01 
 2.75837500e-09 -4.14589960e-01 
 2.75937500e-09 -4.14589960e-01 
 2.76037500e-09 -4.14589960e-01 
 2.76137500e-09 -4.14589960e-01 
 2.76237500e-09 -4.14589960e-01 
 2.76337500e-09 -4.14589960e-01 
 2.76437500e-09 -4.14589960e-01 
 2.76537500e-09 -4.14589960e-01 
 2.76637500e-09 -4.14589960e-01 
 2.76737500e-09 -4.14589960e-01 
 2.76837500e-09 -4.14589960e-01 
 2.76937500e-09 -4.14589960e-01 
 2.77037500e-09 -4.14589960e-01 
 2.77137500e-09 -4.14589960e-01 
 2.77237500e-09 -4.14589960e-01 
 2.77337500e-09 -4.14589960e-01 
 2.77437500e-09 -4.14589960e-01 
 2.77537500e-09 -4.14589960e-01 
 2.77637500e-09 -4.14589960e-01 
 2.77737500e-09 -4.14589960e-01 
 2.77837500e-09 -4.14589960e-01 
 2.77937500e-09 -4.14589960e-01 
 2.78037500e-09 -4.14589960e-01 
 2.78137500e-09 -4.14589960e-01 
 2.78237500e-09 -4.14589960e-01 
 2.78337500e-09 -4.14589960e-01 
 2.78437500e-09 -4.14589960e-01 
 2.78537500e-09 -4.14589960e-01 
 2.78637500e-09 -4.14589960e-01 
 2.78737500e-09 -4.14589960e-01 
 2.78837500e-09 -4.14589960e-01 
 2.78937500e-09 -4.14589960e-01 
 2.79037500e-09 -4.14589960e-01 
 2.79137500e-09 -4.14589960e-01 
 2.79237500e-09 -4.14589960e-01 
 2.79337500e-09 -4.14589960e-01 
 2.79437500e-09 -4.14589960e-01 
 2.79537500e-09 -4.14589960e-01 
 2.79637500e-09 -4.14589960e-01 
 2.79737500e-09 -4.14589960e-01 
 2.79837500e-09 -4.14589960e-01 
 2.79937500e-09 -4.14589960e-01 
 2.80037500e-09 -4.14589960e-01 
 2.80137500e-09 -4.14589960e-01 
 2.80237500e-09 -4.14589960e-01 
 2.80337500e-09 -4.14589960e-01 
 2.80437500e-09 -4.14589960e-01 
 2.80537500e-09 -4.14589960e-01 
 2.80637500e-09 -4.14589960e-01 
 2.80737500e-09 -4.14589960e-01 
 2.80837500e-09 -4.14589960e-01 
 2.80937500e-09 -4.14589960e-01 
 2.81037500e-09 -4.14589960e-01 
 2.81137500e-09 -4.14589960e-01 
 2.81237500e-09 -4.14589960e-01 
 2.81337500e-09 -4.14589960e-01 
 2.81437500e-09 -4.14589960e-01 
 2.81537500e-09 -4.14589960e-01 
 2.81637500e-09 -4.14589960e-01 
 2.81737500e-09 -4.14589960e-01 
 2.81837500e-09 -4.14589960e-01 
 2.81937500e-09 -4.14589960e-01 
 2.82037500e-09 -4.14589960e-01 
 2.82137500e-09 -4.14589960e-01 
 2.82237500e-09 -4.14589960e-01 
 2.82337500e-09 -4.14589960e-01 
 2.82437500e-09 -4.14589960e-01 
 2.82537500e-09 -4.14589960e-01 
 2.82637500e-09 -4.14589960e-01 
 2.82737500e-09 -4.14589960e-01 
 2.82837500e-09 -4.14589960e-01 
 2.82937500e-09 -4.14589960e-01 
 2.83037500e-09 -4.14589960e-01 
 2.83137500e-09 -4.14589960e-01 
 2.83237500e-09 -4.14589960e-01 
 2.83337500e-09 -4.14589960e-01 
 2.83437500e-09 -4.14589960e-01 
 2.83537500e-09 -4.14589960e-01 
 2.83637500e-09 -4.14589960e-01 
 2.83737500e-09 -4.14589960e-01 
 2.83837500e-09 -4.14589960e-01 
 2.83937500e-09 -4.14589960e-01 
 2.84037500e-09 -4.14589960e-01 
 2.84137500e-09 -4.14589960e-01 
 2.84237500e-09 -4.14589960e-01 
 2.84337500e-09 -4.14589960e-01 
 2.84437500e-09 -4.14589960e-01 
 2.84537500e-09 -4.14589960e-01 
 2.84637500e-09 -4.14589960e-01 
 2.84737500e-09 -4.14589960e-01 
 2.84837500e-09 -4.14589960e-01 
 2.84937500e-09 -4.14589960e-01 
 2.85037500e-09 -4.14589960e-01 
 2.85137500e-09 -4.14589960e-01 
 2.85237500e-09 -4.14589960e-01 
 2.85337500e-09 -4.14589960e-01 
 2.85437500e-09 -4.14589960e-01 
 2.85537500e-09 -4.14589960e-01 
 2.85637500e-09 -4.14589960e-01 
 2.85737500e-09 -4.14589960e-01 
 2.85837500e-09 -4.14589960e-01 
 2.85937500e-09 -4.14589960e-01 
 2.86037500e-09 -4.14589960e-01 
 2.86137500e-09 -4.14589960e-01 
 2.86237500e-09 -4.14589960e-01 
 2.86337500e-09 -4.14589960e-01 
 2.86437500e-09 -4.14589960e-01 
 2.86537500e-09 -4.14589960e-01 
 2.86637500e-09 -4.14589960e-01 
 2.86737500e-09 -4.14589960e-01 
 2.86837500e-09 -4.14589960e-01 
 2.86937500e-09 -4.14589960e-01 
 2.87037500e-09 -4.14589960e-01 
 2.87137500e-09 -4.14589960e-01 
 2.87237500e-09 -4.14589960e-01 
 2.87337500e-09 -4.14589960e-01 
 2.87437500e-09 -4.14589960e-01 
 2.87537500e-09 -4.14589960e-01 
 2.87637500e-09 -4.14589960e-01 
 2.87737500e-09 -4.14589960e-01 
 2.87837500e-09 -4.14589960e-01 
 2.87937500e-09 -4.14589960e-01 
 2.88037500e-09 -4.14589960e-01 
 2.88137500e-09 -4.14589960e-01 
 2.88237500e-09 -4.14589960e-01 
 2.88337500e-09 -4.14589960e-01 
 2.88437500e-09 -4.14589960e-01 
 2.88537500e-09 -4.14589960e-01 
 2.88637500e-09 -4.14589960e-01 
 2.88737500e-09 -4.14589960e-01 
 2.88837500e-09 -4.14589960e-01 
 2.88937500e-09 -4.14589960e-01 
 2.89037500e-09 -4.14589960e-01 
 2.89137500e-09 -4.14589960e-01 
 2.89237500e-09 -4.14589960e-01 
 2.89337500e-09 -4.14589960e-01 
 2.89437500e-09 -4.14589960e-01 
 2.89537500e-09 -4.14589960e-01 
 2.89637500e-09 -4.14589960e-01 
 2.89737500e-09 -4.14589960e-01 
 2.89837500e-09 -4.14589960e-01 
 2.89937500e-09 -4.14589960e-01 
 2.90037500e-09 -4.14589960e-01 
 2.90137500e-09 -4.14589960e-01 
 2.90237500e-09 -4.14589960e-01 
 2.90337500e-09 -4.14589960e-01 
 2.90437500e-09 -4.14589960e-01 
 2.90537500e-09 -4.14589960e-01 
 2.90637500e-09 -4.14589960e-01 
 2.90737500e-09 -4.14589960e-01 
 2.90837500e-09 -4.14589960e-01 
 2.90937500e-09 -4.14589960e-01 
 2.91037500e-09 -4.14589960e-01 
 2.91137500e-09 -4.14589960e-01 
 2.91237500e-09 -4.14589960e-01 
 2.91337500e-09 -4.14589960e-01 
 2.91437500e-09 -4.14589960e-01 
 2.91537500e-09 -4.14589960e-01 
 2.91637500e-09 -4.14589960e-01 
 2.91737500e-09 -4.14589960e-01 
 2.91837500e-09 -4.14589960e-01 
 2.91937500e-09 -4.14589960e-01 
 2.92037500e-09 -4.14589960e-01 
 2.92137500e-09 -4.14589960e-01 
 2.92237500e-09 -4.14589960e-01 
 2.92337500e-09 -4.14589960e-01 
 2.92437500e-09 -4.14589960e-01 
 2.92537500e-09 -4.14589960e-01 
 2.92637500e-09 -4.14589960e-01 
 2.92737500e-09 -4.14589960e-01 
 2.92837500e-09 -4.14589960e-01 
 2.92937500e-09 -4.14589960e-01 
 2.93037500e-09 -4.14589960e-01 
 2.93137500e-09 -4.14589960e-01 
 2.93237500e-09 -4.14589960e-01 
 2.93337500e-09 -4.14589960e-01 
 2.93437500e-09 -4.14589960e-01 
 2.93537500e-09 -4.14589960e-01 
 2.93637500e-09 -4.14589960e-01 
 2.93737500e-09 -4.14589960e-01 
 2.93837500e-09 -4.14589960e-01 
 2.93937500e-09 -4.14589960e-01 
 2.94037500e-09 -4.14589960e-01 
 2.94137500e-09 -4.14589960e-01 
 2.94237500e-09 -4.14589960e-01 
 2.94337500e-09 -4.14589960e-01 
 2.94437500e-09 -4.14589960e-01 
 2.94537500e-09 -4.14589960e-01 
 2.94637500e-09 -4.14589960e-01 
 2.94737500e-09 -4.14589960e-01 
 2.94837500e-09 -4.14589960e-01 
 2.94937500e-09 -4.14589960e-01 
 2.95037500e-09 -4.14589960e-01 
 2.95137500e-09 -4.14589960e-01 
 2.95237500e-09 -4.14589960e-01 
 2.95337500e-09 -4.14589960e-01 
 2.95437500e-09 -4.14589960e-01 
 2.95537500e-09 -4.14589960e-01 
 2.95637500e-09 -4.14589960e-01 
 2.95737500e-09 -4.14589960e-01 
 2.95837500e-09 -4.14589960e-01 
 2.95937500e-09 -4.14589960e-01 
 2.96037500e-09 -4.14589960e-01 
 2.96137500e-09 -4.14589960e-01 
 2.96237500e-09 -4.14589960e-01 
 2.96337500e-09 -4.14589960e-01 
 2.96437500e-09 -4.14589960e-01 
 2.96537500e-09 -4.14589960e-01 
 2.96637500e-09 -4.14589960e-01 
 2.96737500e-09 -4.14589960e-01 
 2.96837500e-09 -4.14589960e-01 
 2.96937500e-09 -4.14589960e-01 
 2.97037500e-09 -4.14589960e-01 
 2.97137500e-09 -4.14589960e-01 
 2.97237500e-09 -4.14589960e-01 
 2.97337500e-09 -4.14589960e-01 
 2.97437500e-09 -4.14589960e-01 
 2.97537500e-09 -4.14589960e-01 
 2.97637500e-09 -4.14589960e-01 
 2.97737500e-09 -4.14589960e-01 
 2.97837500e-09 -4.14589960e-01 
 2.97937500e-09 -4.14589960e-01 
 2.98037500e-09 -4.14589960e-01 
 2.98137500e-09 -4.14589960e-01 
 2.98237500e-09 -4.14589960e-01 
 2.98337500e-09 -4.14589960e-01 
 2.98437500e-09 -4.14589960e-01 
 2.98537500e-09 -4.14589960e-01 
 2.98637500e-09 -4.14589960e-01 
 2.98737500e-09 -4.14589960e-01 
 2.98837500e-09 -4.14589960e-01 
 2.98937500e-09 -4.14589960e-01 
 2.99037500e-09 -4.14589960e-01 
 2.99137500e-09 -4.14589960e-01 
 2.99237500e-09 -4.14589960e-01 
 2.99337500e-09 -4.14589960e-01 
 2.99437500e-09 -4.14589960e-01 
 2.99537500e-09 -4.14589960e-01 
 2.99637500e-09 -4.14589960e-01 
 2.99737500e-09 -4.14589960e-01 
 2.99837500e-09 -4.14589960e-01 
 2.99937500e-09 -4.14589960e-01 
 3.00037500e-09 -4.14589960e-01 
 3.00137500e-09 -4.14589960e-01 
 3.00237500e-09 -4.14589960e-01 
 3.00337500e-09 -4.14589960e-01 
 3.00437500e-09 -4.14589960e-01 
 3.00537500e-09 -4.14589960e-01 
 3.00637500e-09 -4.14589960e-01 
 3.00737500e-09 -4.14589960e-01 
 3.00837500e-09 -4.14589960e-01 
 3.00937500e-09 -4.14589960e-01 
 3.01037500e-09 -4.14589960e-01 
 3.01137500e-09 -4.14589960e-01 
 3.01237500e-09 -4.14589960e-01 
 3.01337500e-09 -4.14589960e-01 
 3.01437500e-09 -4.14589960e-01 
 3.01537500e-09 -4.14589960e-01 
 3.01637500e-09 -4.14589960e-01 
 3.01737500e-09 -4.14589960e-01 
 3.01837500e-09 -4.14589960e-01 
 3.01937500e-09 -4.14589960e-01 
 3.02037500e-09 -4.14589960e-01 
 3.02137500e-09 -4.14589960e-01 
 3.02237500e-09 -4.14589960e-01 
 3.02337500e-09 -4.14589960e-01 
 3.02437500e-09 -4.14589960e-01 
 3.02537500e-09 -4.14589960e-01 
 3.02637500e-09 -4.14589960e-01 
 3.02737500e-09 -4.14589960e-01 
 3.02837500e-09 -4.14589960e-01 
 3.02937500e-09 -4.14589960e-01 
 3.03037500e-09 -4.14589960e-01 
 3.03137500e-09 -4.14589960e-01 
 3.03237500e-09 -4.14589960e-01 
 3.03337500e-09 -4.14589960e-01 
 3.03437500e-09 -4.14589960e-01 
 3.03537500e-09 -4.14589960e-01 
 3.03637500e-09 -4.14589960e-01 
 3.03737500e-09 -4.14589960e-01 
 3.03837500e-09 -4.14589960e-01 
 3.03937500e-09 -4.14589960e-01 
 3.04037500e-09 -4.14589960e-01 
 3.04137500e-09 -4.14589960e-01 
 3.04237500e-09 -4.14589960e-01 
 3.04337500e-09 -4.14589960e-01 
 3.04437500e-09 -4.14589960e-01 
 3.04537500e-09 -4.14589960e-01 
 3.04637500e-09 -4.14589960e-01 
 3.04737500e-09 -4.14589960e-01 
 3.04837500e-09 -4.14589960e-01 
 3.04937500e-09 -4.14589960e-01 
 3.05037500e-09 -4.14589960e-01 
 3.05137500e-09 -4.14589960e-01 
 3.05237500e-09 -4.14589960e-01 
 3.05337500e-09 -4.14589960e-01 
 3.05437500e-09 -4.14589960e-01 
 3.05537500e-09 -4.14589960e-01 
 3.05637500e-09 -4.14589960e-01 
 3.05737500e-09 -4.14589960e-01 
 3.05837500e-09 -4.14589960e-01 
 3.05937500e-09 -4.14589960e-01 
 3.06037500e-09 -4.14589960e-01 
 3.06137500e-09 -4.14589960e-01 
 3.06237500e-09 -4.14589960e-01 
 3.06337500e-09 -4.14589960e-01 
 3.06437500e-09 -4.14589960e-01 
 3.06537500e-09 -4.14589960e-01 
 3.06637500e-09 -4.14589960e-01 
 3.06737500e-09 -4.14589960e-01 
 3.06837500e-09 -4.14589960e-01 
 3.06937500e-09 -4.14589960e-01 
 3.07037500e-09 -4.14589960e-01 
 3.07137500e-09 -4.14589960e-01 
 3.07237500e-09 -4.14589960e-01 
 3.07337500e-09 -4.14589960e-01 
 3.07437500e-09 -4.14589960e-01 
 3.07537500e-09 -4.14589960e-01 
 3.07637500e-09 -4.14589960e-01 
 3.07737500e-09 -4.14589960e-01 
 3.07837500e-09 -4.14589960e-01 
 3.07937500e-09 -4.14589960e-01 
 3.08037500e-09 -4.14589960e-01 
 3.08137500e-09 -4.14589960e-01 
 3.08237500e-09 -4.14589960e-01 
 3.08337500e-09 -4.14589960e-01 
 3.08437500e-09 -4.14589960e-01 
 3.08537500e-09 -4.14589960e-01 
 3.08637500e-09 -4.14589960e-01 
 3.08737500e-09 -4.14589960e-01 
 3.08837500e-09 -4.14589960e-01 
 3.08937500e-09 -4.14589960e-01 
 3.09037500e-09 -4.14589960e-01 
 3.09137500e-09 -4.14589960e-01 
 3.09237500e-09 -4.14589960e-01 
 3.09337500e-09 -4.14589960e-01 
 3.09437500e-09 -4.14589960e-01 
 3.09537500e-09 -4.14589960e-01 
 3.09637500e-09 -4.14589960e-01 
 3.09737500e-09 -4.14589960e-01 
 3.09837500e-09 -4.14589960e-01 
 3.09937500e-09 -4.14589960e-01 
 3.10037500e-09 -4.14589960e-01 
 3.10137500e-09 -4.14589960e-01 
 3.10237500e-09 -4.14589960e-01 
 3.10337500e-09 -4.14589960e-01 
 3.10437500e-09 -4.14589960e-01 
 3.10537500e-09 -4.14589960e-01 
 3.10637500e-09 -4.14589960e-01 
 3.10737500e-09 -4.14589960e-01 
 3.10837500e-09 -4.14589960e-01 
 3.10937500e-09 -4.14589960e-01 
 3.11037500e-09 -4.14589960e-01 
 3.11137500e-09 -4.14589960e-01 
 3.11237500e-09 -4.14589960e-01 
 3.11337500e-09 -4.14589960e-01 
 3.11437500e-09 -4.14589960e-01 
 3.11537500e-09 -4.14589960e-01 
 3.11637500e-09 -4.14589960e-01 
 3.11737500e-09 -4.14589960e-01 
 3.11837500e-09 -4.14589960e-01 
 3.11937500e-09 -4.14589960e-01 
 3.12037500e-09 -4.14589960e-01 
 3.12137500e-09 -4.14589960e-01 
 3.12237500e-09 -4.14589960e-01 
 3.12337500e-09 -4.14589960e-01 
 3.12437500e-09 -4.14589960e-01 
 3.12537500e-09 -4.14589960e-01 
 3.12637500e-09 -4.14589960e-01 
 3.12737500e-09 -4.14589960e-01 
 3.12837500e-09 -4.14589960e-01 
 3.12937500e-09 -4.14589960e-01 
 3.13037500e-09 -4.14589960e-01 
 3.13137500e-09 -4.14589960e-01 
 3.13237500e-09 -4.14589960e-01 
 3.13337500e-09 -4.14589960e-01 
 3.13437500e-09 -4.14589960e-01 
 3.13537500e-09 -4.14589960e-01 
 3.13637500e-09 -4.14589960e-01 
 3.13737500e-09 -4.14589960e-01 
 3.13837500e-09 -4.14589960e-01 
 3.13937500e-09 -4.14589960e-01 
 3.14037500e-09 -4.14589960e-01 
 3.14137500e-09 -4.14589960e-01 
 3.14237500e-09 -4.14589960e-01 
 3.14337500e-09 -4.14589960e-01 
 3.14437500e-09 -4.14589960e-01 
 3.14537500e-09 -4.14589960e-01 
 3.14637500e-09 -4.14589960e-01 
 3.14737500e-09 -4.14589960e-01 
 3.14837500e-09 -4.14589960e-01 
 3.14937500e-09 -4.14589960e-01 
 3.15037500e-09 -4.14589960e-01 
 3.15137500e-09 -4.14589960e-01 
 3.15237500e-09 -4.14589960e-01 
 3.15337500e-09 -4.14589960e-01 
 3.15437500e-09 -4.14589960e-01 
 3.15537500e-09 -4.14589960e-01 
 3.15637500e-09 -4.14589960e-01 
 3.15737500e-09 -4.14589960e-01 
 3.15837500e-09 -4.14589960e-01 
 3.15937500e-09 -4.14589960e-01 
 3.16037500e-09 -4.14589960e-01 
 3.16137500e-09 -4.14589960e-01 
 3.16237500e-09 -4.14589960e-01 
 3.16337500e-09 -4.14589960e-01 
 3.16437500e-09 -4.14589960e-01 
 3.16537500e-09 -4.14589960e-01 
 3.16637500e-09 -4.14589960e-01 
 3.16737500e-09 -4.14589960e-01 
 3.16837500e-09 -4.14589960e-01 
 3.16937500e-09 -4.14589960e-01 
 3.17037500e-09 -4.14589960e-01 
 3.17137500e-09 -4.14589960e-01 
 3.17237500e-09 -4.14589960e-01 
 3.17337500e-09 -4.14589960e-01 
 3.17437500e-09 -4.14589960e-01 
 3.17537500e-09 -4.14589960e-01 
 3.17637500e-09 -4.14589960e-01 
 3.17737500e-09 -4.14589960e-01 
 3.17837500e-09 -4.14589960e-01 
 3.17937500e-09 -4.14589960e-01 
 3.18037500e-09 -4.14589960e-01 
 3.18137500e-09 -4.14589960e-01 
 3.18237500e-09 -4.14589960e-01 
 3.18337500e-09 -4.14589960e-01 
 3.18437500e-09 -4.14589960e-01 
 3.18537500e-09 -4.14589960e-01 
 3.18637500e-09 -4.14589960e-01 
 3.18737500e-09 -4.14589960e-01 
 3.18837500e-09 -4.14589960e-01 
 3.18937500e-09 -4.14589960e-01 
 3.19037500e-09 -4.14589960e-01 
 3.19137500e-09 -4.14589960e-01 
 3.19237500e-09 -4.14589960e-01 
 3.19337500e-09 -4.14589960e-01 
 3.19437500e-09 -4.14589960e-01 
 3.19537500e-09 -4.14589960e-01 
 3.19637500e-09 -4.14589960e-01 
 3.19737500e-09 -4.14589960e-01 
 3.19837500e-09 -4.14589960e-01 
 3.19937500e-09 -4.14589960e-01 
 3.20037500e-09 -4.14589960e-01 
 3.20137500e-09 -4.14589960e-01 
 3.20237500e-09 -4.14589960e-01 
 3.20337500e-09 -4.14589960e-01 
 3.20437500e-09 -4.14589960e-01 
 3.20537500e-09 -4.14589960e-01 
 3.20637500e-09 -4.14589960e-01 
 3.20737500e-09 -4.14589960e-01 
 3.20837500e-09 -4.14589960e-01 
 3.20937500e-09 -4.14589960e-01 
 3.21037500e-09 -4.14589960e-01 
 3.21137500e-09 -4.14589960e-01 
 3.21237500e-09 -4.14589960e-01 
 3.21337500e-09 -4.14589960e-01 
 3.21437500e-09 -4.14589960e-01 
 3.21537500e-09 -4.14589960e-01 
 3.21637500e-09 -4.14589960e-01 
 3.21737500e-09 -4.14589960e-01 
 3.21837500e-09 -4.14589960e-01 
 3.21937500e-09 -4.14589960e-01 
 3.22037500e-09 -4.14589960e-01 
 3.22137500e-09 -4.14589960e-01 
 3.22237500e-09 -4.14589960e-01 
 3.22337500e-09 -4.14589960e-01 
 3.22437500e-09 -4.14589960e-01 
 3.22537500e-09 -4.14589960e-01 
 3.22637500e-09 -4.14589960e-01 
 3.22737500e-09 -4.14589960e-01 
 3.22837500e-09 -4.14589960e-01 
 3.22937500e-09 -4.14589960e-01 
 3.23037500e-09 -4.14589960e-01 
 3.23137500e-09 -4.14589960e-01 
 3.23237500e-09 -4.14589960e-01 
 3.23337500e-09 -4.14589960e-01 
 3.23437500e-09 -4.14589960e-01 
 3.23537500e-09 -4.14589960e-01 
 3.23637500e-09 -4.14589960e-01 
 3.23737500e-09 -4.14589960e-01 
 3.23837500e-09 -4.14589960e-01 
 3.23937500e-09 -4.14589960e-01 
 3.24037500e-09 -4.14589960e-01 
 3.24137500e-09 -4.14589960e-01 
 3.24237500e-09 -4.14589960e-01 
 3.24337500e-09 -4.14589960e-01 
 3.24437500e-09 -4.14589960e-01 
 3.24537500e-09 -4.14589960e-01 
 3.24637500e-09 -4.14589960e-01 
 3.24737500e-09 -4.14589960e-01 
 3.24837500e-09 -4.14589960e-01 
 3.24937500e-09 -4.14589960e-01 
 3.25037500e-09 -4.14589960e-01 
 3.25137500e-09 -4.14589960e-01 
 3.25237500e-09 -4.14589960e-01 
 3.25337500e-09 -4.14589960e-01 
 3.25437500e-09 -4.14589960e-01 
 3.25537500e-09 -4.14589960e-01 
 3.25637500e-09 -4.14589960e-01 
 3.25737500e-09 -4.14589960e-01 
 3.25837500e-09 -4.14589960e-01 
 3.25937500e-09 -4.14589960e-01 
 3.26037500e-09 -4.14589960e-01 
 3.26137500e-09 -4.14589960e-01 
 3.26237500e-09 -4.14589960e-01 
 3.26337500e-09 -4.14589960e-01 
 3.26437500e-09 -4.14589960e-01 
 3.26537500e-09 -4.14589960e-01 
 3.26637500e-09 -4.14589960e-01 
 3.26737500e-09 -4.14589960e-01 
 3.26837500e-09 -4.14589960e-01 
 3.26937500e-09 -4.14589960e-01 
 3.27037500e-09 -4.14589960e-01 
 3.27137500e-09 -4.14589960e-01 
 3.27237500e-09 -4.14589960e-01 
 3.27337500e-09 -4.14589960e-01 
 3.27437500e-09 -4.14589960e-01 
 3.27537500e-09 -4.14589960e-01 
 3.27637500e-09 -4.14589960e-01 
 3.27737500e-09 -4.14589960e-01 
 3.27837500e-09 -4.14589960e-01 
 3.27937500e-09 -4.14589960e-01 
 3.28037500e-09 -4.14589960e-01 
 3.28137500e-09 -4.14589960e-01 
 3.28237500e-09 -4.14589960e-01 
 3.28337500e-09 -4.14589960e-01 
 3.28437500e-09 -4.14589960e-01 
 3.28537500e-09 -4.14589960e-01 
 3.28637500e-09 -4.14589960e-01 
 3.28737500e-09 -4.14589960e-01 
 3.28837500e-09 -4.14589960e-01 
 3.28937500e-09 -4.14589960e-01 
 3.29037500e-09 -4.14589960e-01 
 3.29137500e-09 -4.14589960e-01 
 3.29237500e-09 -4.14589960e-01 
 3.29337500e-09 -4.14589960e-01 
 3.29437500e-09 -4.14589960e-01 
 3.29537500e-09 -4.14589960e-01 
 3.29637500e-09 -4.14589960e-01 
 3.29737500e-09 -4.14589960e-01 
 3.29837500e-09 -4.14589960e-01 
 3.29937500e-09 -4.14589960e-01 
 3.30037500e-09 -4.14589960e-01 
 3.30137500e-09 -4.14589960e-01 
 3.30237500e-09 -4.14589960e-01 
 3.30337500e-09 -4.14589960e-01 
 3.30437500e-09 -4.14589960e-01 
 3.30537500e-09 -4.14589960e-01 
 3.30637500e-09 -4.14589960e-01 
 3.30737500e-09 -4.14589960e-01 
 3.30837500e-09 -4.14589960e-01 
 3.30937500e-09 -4.14589960e-01 
 3.31037500e-09 -4.14589960e-01 
 3.31137500e-09 -4.14589960e-01 
 3.31237500e-09 -4.14589960e-01 
 3.31337500e-09 -4.14589960e-01 
 3.31437500e-09 -4.14589960e-01 
 3.31537500e-09 -4.14589960e-01 
 3.31637500e-09 -4.14589960e-01 
 3.31737500e-09 -4.14589960e-01 
 3.31837500e-09 -4.14589960e-01 
 3.31937500e-09 -4.14589960e-01 
 3.32037500e-09 -4.14589960e-01 
 3.32137500e-09 -4.14589960e-01 
 3.32237500e-09 -4.14589960e-01 
 3.32337500e-09 -4.14589960e-01 
 3.32437500e-09 -4.14589960e-01 
 3.32537500e-09 -4.14589960e-01 
 3.32637500e-09 -4.14589960e-01 
 3.32737500e-09 -4.14589960e-01 
 3.32837500e-09 -4.14589960e-01 
 3.32937500e-09 -4.14589960e-01 
 3.33037500e-09 -4.14589960e-01 
 3.33137500e-09 -4.14589960e-01 
 3.33237500e-09 -4.14589960e-01 
 3.33337500e-09 -4.14589960e-01 
 3.33437500e-09 -4.14589960e-01 
 3.33537500e-09 -4.14589960e-01 
 3.33637500e-09 -4.14589960e-01 
 3.33737500e-09 -4.14589960e-01 
 3.33837500e-09 -4.14589960e-01 
 3.33937500e-09 -4.14589960e-01 
 3.34037500e-09 -4.14589960e-01 
 3.34137500e-09 -4.14589960e-01 
 3.34237500e-09 -4.14589960e-01 
 3.34337500e-09 -4.14589960e-01 
 3.34437500e-09 -4.14589960e-01 
 3.34537500e-09 -4.14589960e-01 
 3.34637500e-09 -4.14589960e-01 
 3.34737500e-09 -4.14589960e-01 
 3.34837500e-09 -4.14589960e-01 
 3.34937500e-09 -4.14589960e-01 
 3.35037500e-09 -4.14589960e-01 
 3.35137500e-09 -4.14589960e-01 
 3.35237500e-09 -4.14589960e-01 
 3.35337500e-09 -4.14589960e-01 
 3.35437500e-09 -4.14589960e-01 
 3.35537500e-09 -4.14589960e-01 
 3.35637500e-09 -4.14589960e-01 
 3.35737500e-09 -4.14589960e-01 
 3.35837500e-09 -4.14589960e-01 
 3.35937500e-09 -4.14589960e-01 
 3.36037500e-09 -4.14589960e-01 
 3.36137500e-09 -4.14589960e-01 
 3.36237500e-09 -4.14589960e-01 
 3.36337500e-09 -4.14589960e-01 
 3.36437500e-09 -4.14589960e-01 
 3.36537500e-09 -4.14589960e-01 
 3.36637500e-09 -4.14589960e-01 
 3.36737500e-09 -4.14589960e-01 
 3.36837500e-09 -4.14589960e-01 
 3.36937500e-09 -4.14589960e-01 
 3.37037500e-09 -4.14589960e-01 
 3.37137500e-09 -4.14589960e-01 
 3.37237500e-09 -4.14589960e-01 
 3.37337500e-09 -4.14589960e-01 
 3.37437500e-09 -4.14589960e-01 
 3.37537500e-09 -4.14589960e-01 
 3.37637500e-09 -4.14589960e-01 
 3.37737500e-09 -4.14589960e-01 
 3.37837500e-09 -4.14589960e-01 
 3.37937500e-09 -4.14589960e-01 
 3.38037500e-09 -4.14589960e-01 
 3.38137500e-09 -4.14589960e-01 
 3.38237500e-09 -4.14589960e-01 
 3.38337500e-09 -4.14589960e-01 
 3.38437500e-09 -4.14589960e-01 
 3.38537500e-09 -4.14589960e-01 
 3.38637500e-09 -4.14589960e-01 
 3.38737500e-09 -4.14589960e-01 
 3.38837500e-09 -4.14589960e-01 
 3.38937500e-09 -4.14589960e-01 
 3.39037500e-09 -4.14589960e-01 
 3.39137500e-09 -4.14589960e-01 
 3.39237500e-09 -4.14589960e-01 
 3.39337500e-09 -4.14589960e-01 
 3.39437500e-09 -4.14589960e-01 
 3.39537500e-09 -4.14589960e-01 
 3.39637500e-09 -4.14589960e-01 
 3.39737500e-09 -4.14589960e-01 
 3.39837500e-09 -4.14589960e-01 
 3.39937500e-09 -4.14589960e-01 
 3.40037500e-09 -4.14589960e-01 
 3.40137500e-09 -4.14589960e-01 
 3.40237500e-09 -4.14589960e-01 
 3.40337500e-09 -4.14589960e-01 
 3.40437500e-09 -4.14589960e-01 
 3.40537500e-09 -4.14589960e-01 
 3.40637500e-09 -4.14589960e-01 
 3.40737500e-09 -4.14589960e-01 
 3.40837500e-09 -4.14589960e-01 
 3.40937500e-09 -4.14589960e-01 
 3.41037500e-09 -4.14589960e-01 
 3.41137500e-09 -4.14589960e-01 
 3.41237500e-09 -4.14589960e-01 
 3.41337500e-09 -4.14589960e-01 
 3.41437500e-09 -4.14589960e-01 
 3.41537500e-09 -4.14589960e-01 
 3.41637500e-09 -4.14589960e-01 
 3.41737500e-09 -4.14589960e-01 
 3.41837500e-09 -4.14589960e-01 
 3.41937500e-09 -4.14589960e-01 
 3.42037500e-09 -4.14589960e-01 
 3.42137500e-09 -4.14589960e-01 
 3.42237500e-09 -4.14589960e-01 
 3.42337500e-09 -4.14589960e-01 
 3.42437500e-09 -4.14589960e-01 
 3.42537500e-09 -4.14589960e-01 
 3.42637500e-09 -4.14589960e-01 
 3.42737500e-09 -4.14589960e-01 
 3.42837500e-09 -4.14589960e-01 
 3.42937500e-09 -4.14589960e-01 
 3.43037500e-09 -4.14589960e-01 
 3.43137500e-09 -4.14589960e-01 
 3.43237500e-09 -4.14589960e-01 
 3.43337500e-09 -4.14589960e-01 
 3.43437500e-09 -4.14589960e-01 
 3.43537500e-09 -4.14589960e-01 
 3.43637500e-09 -4.14589960e-01 
 3.43737500e-09 -4.14589960e-01 
 3.43837500e-09 -4.14589960e-01 
 3.43937500e-09 -4.14589960e-01 
 3.44037500e-09 -4.14589960e-01 
 3.44137500e-09 -4.14589960e-01 
 3.44237500e-09 -4.14589960e-01 
 3.44337500e-09 -4.14589960e-01 
 3.44437500e-09 -4.14589960e-01 
 3.44537500e-09 -4.14589960e-01 
 3.44637500e-09 -4.14589960e-01 
 3.44737500e-09 -4.14589960e-01 
 3.44837500e-09 -4.14589960e-01 
 3.44937500e-09 -4.14589960e-01 
 3.45037500e-09 -4.14589960e-01 
 3.45137500e-09 -4.14589960e-01 
 3.45237500e-09 -4.14589960e-01 
 3.45337500e-09 -4.14589960e-01 
 3.45437500e-09 -4.14589960e-01 
 3.45537500e-09 -4.14589960e-01 
 3.45637500e-09 -4.14589960e-01 
 3.45737500e-09 -4.14589960e-01 
 3.45837500e-09 -4.14589960e-01 
 3.45937500e-09 -4.14589960e-01 
 3.46037500e-09 -4.14589960e-01 
 3.46137500e-09 -4.14589960e-01 
 3.46237500e-09 -4.14589960e-01 
 3.46337500e-09 -4.14589960e-01 
 3.46437500e-09 -4.14589960e-01 
 3.46537500e-09 -4.14589960e-01 
 3.46637500e-09 -4.14589960e-01 
 3.46737500e-09 -4.14589960e-01 
 3.46837500e-09 -4.14589960e-01 
 3.46937500e-09 -4.14589960e-01 
 3.47037500e-09 -4.14589960e-01 
 3.47137500e-09 -4.14589960e-01 
 3.47237500e-09 -4.14589960e-01 
 3.47337500e-09 -4.14589960e-01 
 3.47437500e-09 -4.14589960e-01 
 3.47537500e-09 -4.14589960e-01 
 3.47637500e-09 -4.14589960e-01 
 3.47737500e-09 -4.14589960e-01 
 3.47837500e-09 -4.14589960e-01 
 3.47937500e-09 -4.14589960e-01 
 3.48037500e-09 -4.14589960e-01 
 3.48137500e-09 -4.14589960e-01 
 3.48237500e-09 -4.14589960e-01 
 3.48337500e-09 -4.14589960e-01 
 3.48437500e-09 -4.14589960e-01 
 3.48537500e-09 -4.14589960e-01 
 3.48637500e-09 -4.14589960e-01 
 3.48737500e-09 -4.14589960e-01 
 3.48837500e-09 -4.14589960e-01 
 3.48937500e-09 -4.14589960e-01 
 3.49037500e-09 -4.14589960e-01 
 3.49137500e-09 -4.14589960e-01 
 3.49237500e-09 -4.14589960e-01 
 3.49337500e-09 -4.14589960e-01 
 3.49437500e-09 -4.14589960e-01 
 3.49537500e-09 -4.14589960e-01 
 3.49637500e-09 -4.14589960e-01 
 3.49737500e-09 -4.14589960e-01 
 3.49837500e-09 -4.14589960e-01 
 3.49937500e-09 -4.14589960e-01 
 3.50037500e-09 -4.14589960e-01 
 3.50137500e-09 -4.14589960e-01 
 3.50237500e-09 -4.14589960e-01 
 3.50337500e-09 -4.14589960e-01 
 3.50437500e-09 -4.14589960e-01 
 3.50537500e-09 -4.14589960e-01 
 3.50637500e-09 -4.14589960e-01 
 3.50737500e-09 -4.14589960e-01 
 3.50837500e-09 -4.14589960e-01 
 3.50937500e-09 -4.14589960e-01 
 3.51037500e-09 -4.14589960e-01 
 3.51137500e-09 -4.14589960e-01 
 3.51237500e-09 -4.14589960e-01 
 3.51337500e-09 -4.14589960e-01 
 3.51437500e-09 -4.14589960e-01 
 3.51537500e-09 -4.14589960e-01 
 3.51637500e-09 -4.14589960e-01 
 3.51737500e-09 -4.14589960e-01 
 3.51837500e-09 -4.14589960e-01 
 3.51937500e-09 -4.14589960e-01 
 3.52037500e-09 -4.14589960e-01 
 3.52137500e-09 -4.14589960e-01 
 3.52237500e-09 -4.14589960e-01 
 3.52337500e-09 -4.14589960e-01 
 3.52437500e-09 -4.14589960e-01 
 3.52537500e-09 -4.14589960e-01 
 3.52637500e-09 -4.14589960e-01 
 3.52737500e-09 -4.14589960e-01 
 3.52837500e-09 -4.14589960e-01 
 3.52937500e-09 -4.14589960e-01 
 3.53037500e-09 -4.14589960e-01 
 3.53137500e-09 -4.14589960e-01 
 3.53237500e-09 -4.14589960e-01 
 3.53337500e-09 -4.14589960e-01 
 3.53437500e-09 -4.14589960e-01 
 3.53537500e-09 -4.14589960e-01 
 3.53637500e-09 -4.14589960e-01 
 3.53737500e-09 -4.14589960e-01 
 3.53837500e-09 -4.14589960e-01 
 3.53937500e-09 -4.14589960e-01 
 3.54037500e-09 -4.14589960e-01 
 3.54137500e-09 -4.14589960e-01 
 3.54237500e-09 -4.14589960e-01 
 3.54337500e-09 -4.14589960e-01 
 3.54437500e-09 -4.14589960e-01 
 3.54537500e-09 -4.14589960e-01 
 3.54637500e-09 -4.14589960e-01 
 3.54737500e-09 -4.14589960e-01 
 3.54837500e-09 -4.14589960e-01 
 3.54937500e-09 -4.14589960e-01 
 3.55037500e-09 -4.14589960e-01 
 3.55137500e-09 -4.14589960e-01 
 3.55237500e-09 -4.14589960e-01 
 3.55337500e-09 -4.14589960e-01 
 3.55437500e-09 -4.14589960e-01 
 3.55537500e-09 -4.14589960e-01 
 3.55637500e-09 -4.14589960e-01 
 3.55737500e-09 -4.14589960e-01 
 3.55837500e-09 -4.14589960e-01 
 3.55937500e-09 -4.14589960e-01 
 3.56037500e-09 -4.14589960e-01 
 3.56137500e-09 -4.14589960e-01 
 3.56237500e-09 -4.14589960e-01 
 3.56337500e-09 -4.14589960e-01 
 3.56437500e-09 -4.14589960e-01 
 3.56537500e-09 -4.14589960e-01 
 3.56637500e-09 -4.14589960e-01 
 3.56737500e-09 -4.14589960e-01 
 3.56837500e-09 -4.14589960e-01 
 3.56937500e-09 -4.14589960e-01 
 3.57037500e-09 -4.14589960e-01 
 3.57137500e-09 -4.14589960e-01 
 3.57237500e-09 -4.14589960e-01 
 3.57337500e-09 -4.14589960e-01 
 3.57437500e-09 -4.14589960e-01 
 3.57537500e-09 -4.14589960e-01 
 3.57637500e-09 -4.14589960e-01 
 3.57737500e-09 -4.14589960e-01 
 3.57837500e-09 -4.14589960e-01 
 3.57937500e-09 -4.14589960e-01 
 3.58037500e-09 -4.14589960e-01 
 3.58137500e-09 -4.14589960e-01 
 3.58237500e-09 -4.14589960e-01 
 3.58337500e-09 -4.14589960e-01 
 3.58437500e-09 -4.14589960e-01 
 3.58537500e-09 -4.14589960e-01 
 3.58637500e-09 -4.14589960e-01 
 3.58737500e-09 -4.14589960e-01 
 3.58837500e-09 -4.14589960e-01 
 3.58937500e-09 -4.14589960e-01 
 3.59037500e-09 -4.14589960e-01 
 3.59137500e-09 -4.14589960e-01 
 3.59237500e-09 -4.14589960e-01 
 3.59337500e-09 -4.14589960e-01 
 3.59437500e-09 -4.14589960e-01 
 3.59537500e-09 -4.14589960e-01 
 3.59637500e-09 -4.14589960e-01 
 3.59737500e-09 -4.14589960e-01 
 3.59837500e-09 -4.14589960e-01 
 3.59937500e-09 -4.14589960e-01 
 3.60037500e-09 -4.14589960e-01 
 3.60137500e-09 -4.14589960e-01 
 3.60237500e-09 -4.14589960e-01 
 3.60337500e-09 -4.14589960e-01 
 3.60437500e-09 -4.14589960e-01 
 3.60537500e-09 -4.14589960e-01 
 3.60637500e-09 -4.14589960e-01 
 3.60737500e-09 -4.14589960e-01 
 3.60837500e-09 -4.14589960e-01 
 3.60937500e-09 -4.14589960e-01 
 3.61037500e-09 -4.14589960e-01 
 3.61137500e-09 -4.14589960e-01 
 3.61237500e-09 -4.14589960e-01 
 3.61337500e-09 -4.14589960e-01 
 3.61437500e-09 -4.14589960e-01 
 3.61537500e-09 -4.14589960e-01 
 3.61637500e-09 -4.14589960e-01 
 3.61737500e-09 -4.14589960e-01 
 3.61837500e-09 -4.14589960e-01 
 3.61937500e-09 -4.14589960e-01 
 3.62037500e-09 -4.14589960e-01 
 3.62137500e-09 -4.14589960e-01 
 3.62237500e-09 -4.14589960e-01 
 3.62337500e-09 -4.14589960e-01 
 3.62437500e-09 -4.14589960e-01 
 3.62537500e-09 -4.14589960e-01 
 3.62637500e-09 -4.14589960e-01 
 3.62737500e-09 -4.14589960e-01 
 3.62837500e-09 -4.14589960e-01 
 3.62937500e-09 -4.14589960e-01 
 3.63037500e-09 -4.14589960e-01 
 3.63137500e-09 -4.14589960e-01 
 3.63237500e-09 -4.14589960e-01 
 3.63337500e-09 -4.14589960e-01 
 3.63437500e-09 -4.14589960e-01 
 3.63537500e-09 -4.14589960e-01 
 3.63637500e-09 -4.14589960e-01 
 3.63737500e-09 -4.14589960e-01 
 3.63837500e-09 -4.14589960e-01 
 3.63937500e-09 -4.14589960e-01 
 3.64037500e-09 -4.14589960e-01 
 3.64137500e-09 -4.14589960e-01 
 3.64237500e-09 -4.14589960e-01 
 3.64337500e-09 -4.14589960e-01 
 3.64437500e-09 -4.14589960e-01 
 3.64537500e-09 -4.14589960e-01 
 3.64637500e-09 -4.14589960e-01 
 3.64737500e-09 -4.14589960e-01 
 3.64837500e-09 -4.14589960e-01 
 3.64937500e-09 -4.14589960e-01 
 3.65037500e-09 -4.14589960e-01 
 3.65137500e-09 -4.14589960e-01 
 3.65237500e-09 -4.14589960e-01 
 3.65337500e-09 -4.14589960e-01 
 3.65437500e-09 -4.14589960e-01 
 3.65537500e-09 -4.14589960e-01 
 3.65637500e-09 -4.14589960e-01 
 3.65737500e-09 -4.14589960e-01 
 3.65837500e-09 -4.14589960e-01 
 3.65937500e-09 -4.14589960e-01 
 3.66037500e-09 -4.14589960e-01 
 3.66137500e-09 -4.14589960e-01 
 3.66237500e-09 -4.14589960e-01 
 3.66337500e-09 -4.14589960e-01 
 3.66437500e-09 -4.14589960e-01 
 3.66537500e-09 -4.14589960e-01 
 3.66637500e-09 -4.14589960e-01 
 3.66737500e-09 -4.14589960e-01 
 3.66837500e-09 -4.14589960e-01 
 3.66937500e-09 -4.14589960e-01 
 3.67037500e-09 -4.14589960e-01 
 3.67137500e-09 -4.14589960e-01 
 3.67237500e-09 -4.14589960e-01 
 3.67337500e-09 -4.14589960e-01 
 3.67437500e-09 -4.14589960e-01 
 3.67537500e-09 -4.14589960e-01 
 3.67637500e-09 -4.14589960e-01 
 3.67737500e-09 -4.14589960e-01 
 3.67837500e-09 -4.14589960e-01 
 3.67937500e-09 -4.14589960e-01 
 3.68037500e-09 -4.14589960e-01 
 3.68137500e-09 -4.14589960e-01 
 3.68237500e-09 -4.14589960e-01 
 3.68337500e-09 -4.14589960e-01 
 3.68437500e-09 -4.14589960e-01 
 3.68537500e-09 -4.14589960e-01 
 3.68637500e-09 -4.14589960e-01 
 3.68737500e-09 -4.14589960e-01 
 3.68837500e-09 -4.14589960e-01 
 3.68937500e-09 -4.14589960e-01 
 3.69037500e-09 -4.14589960e-01 
 3.69137500e-09 -4.14589960e-01 
 3.69237500e-09 -4.14589960e-01 
 3.69337500e-09 -4.14589960e-01 
 3.69437500e-09 -4.14589960e-01 
 3.69537500e-09 -4.14589960e-01 
 3.69637500e-09 -4.14589960e-01 
 3.69737500e-09 -4.14589960e-01 
 3.69837500e-09 -4.14589960e-01 
 3.69937500e-09 -4.14589960e-01 
 3.70037500e-09 -4.14589960e-01 
 3.70137500e-09 -4.14589960e-01 
 3.70237500e-09 -4.14589960e-01 
 3.70337500e-09 -4.14589960e-01 
 3.70437500e-09 -4.14589960e-01 
 3.70537500e-09 -4.14589960e-01 
 3.70637500e-09 -4.14589960e-01 
 3.70737500e-09 -4.14589960e-01 
 3.70837500e-09 -4.14589960e-01 
 3.70937500e-09 -4.14589960e-01 
 3.71037500e-09 -4.14589960e-01 
 3.71137500e-09 -4.14589960e-01 
 3.71237500e-09 -4.14589960e-01 
 3.71337500e-09 -4.14589960e-01 
 3.71437500e-09 -4.14589960e-01 
 3.71537500e-09 -4.14589960e-01 
 3.71637500e-09 -4.14589960e-01 
 3.71737500e-09 -4.14589960e-01 
 3.71837500e-09 -4.14589960e-01 
 3.71937500e-09 -4.14589960e-01 
 3.72037500e-09 -4.14589960e-01 
 3.72137500e-09 -4.14589960e-01 
 3.72237500e-09 -4.14589960e-01 
 3.72337500e-09 -4.14589960e-01 
 3.72437500e-09 -4.14589960e-01 
 3.72537500e-09 -4.14589960e-01 
 3.72637500e-09 -4.14589960e-01 
 3.72737500e-09 -4.14589960e-01 
 3.72837500e-09 -4.14589960e-01 
 3.72937500e-09 -4.14589960e-01 
 3.73037500e-09 -4.14589960e-01 
 3.73137500e-09 -4.14589960e-01 
 3.73237500e-09 -4.14589960e-01 
 3.73337500e-09 -4.14589960e-01 
 3.73437500e-09 -4.14589960e-01 
 3.73537500e-09 -4.14589960e-01 
 3.73637500e-09 -4.14589960e-01 
 3.73737500e-09 -4.14589960e-01 
 3.73837500e-09 -4.14589960e-01 
 3.73937500e-09 -4.14589960e-01 
 3.74037500e-09 -4.14589960e-01 
 3.74137500e-09 -4.14589960e-01 
 3.74237500e-09 -4.14589960e-01 
 3.74337500e-09 -4.14589960e-01 
 3.74437500e-09 -4.14589960e-01 
 3.74537500e-09 -4.14589960e-01 
 3.74637500e-09 -4.14589960e-01 
 3.74737500e-09 -4.14589960e-01 
 3.74837500e-09 -4.14589960e-01 
 3.74937500e-09 -4.14589960e-01 
 3.75037500e-09 -4.14589960e-01 
 3.75137500e-09 -4.14589960e-01 
 3.75237500e-09 -4.14589960e-01 
 3.75337500e-09 -4.14589960e-01 
 3.75437500e-09 -4.14589960e-01 
 3.75537500e-09 -4.14589960e-01 
 3.75637500e-09 -4.14589960e-01 
 3.75737500e-09 -4.14589960e-01 
 3.75837500e-09 -4.14589960e-01 
 3.75937500e-09 -4.14589960e-01 
 3.76037500e-09 -4.14589960e-01 
 3.76137500e-09 -4.14589960e-01 
 3.76237500e-09 -4.14589960e-01 
 3.76337500e-09 -4.14589960e-01 
 3.76437500e-09 -4.14589960e-01 
 3.76537500e-09 -4.14589960e-01 
 3.76637500e-09 -4.14589960e-01 
 3.76737500e-09 -4.14589960e-01 
 3.76837500e-09 -4.14589960e-01 
 3.76937500e-09 -4.14589960e-01 
 3.77037500e-09 -4.14589960e-01 
 3.77137500e-09 -4.14589960e-01 
 3.77237500e-09 -4.14589960e-01 
 3.77337500e-09 -4.14589960e-01 
 3.77437500e-09 -4.14589960e-01 
 3.77537500e-09 -4.14589960e-01 
 3.77637500e-09 -4.14589960e-01 
 3.77737500e-09 -4.14589960e-01 
 3.77837500e-09 -4.14589960e-01 
 3.77937500e-09 -4.14589960e-01 
 3.78037500e-09 -4.14589960e-01 
 3.78137500e-09 -4.14589960e-01 
 3.78237500e-09 -4.14589960e-01 
 3.78337500e-09 -4.14589960e-01 
 3.78437500e-09 -4.14589960e-01 
 3.78537500e-09 -4.14589960e-01 
 3.78637500e-09 -4.14589960e-01 
 3.78737500e-09 -4.14589960e-01 
 3.78837500e-09 -4.14589960e-01 
 3.78937500e-09 -4.14589960e-01 
 3.79037500e-09 -4.14589960e-01 
 3.79137500e-09 -4.14589960e-01 
 3.79237500e-09 -4.14589960e-01 
 3.79337500e-09 -4.14589960e-01 
 3.79437500e-09 -4.14589960e-01 
 3.79537500e-09 -4.14589960e-01 
 3.79637500e-09 -4.14589960e-01 
 3.79737500e-09 -4.14589960e-01 
 3.79837500e-09 -4.14589960e-01 
 3.79937500e-09 -4.14589960e-01 
 3.80037500e-09 -4.14589960e-01 
 3.80137500e-09 -4.14589960e-01 
 3.80237500e-09 -4.14589960e-01 
 3.80337500e-09 -4.14589960e-01 
 3.80437500e-09 -4.14589960e-01 
 3.80537500e-09 -4.14589960e-01 
 3.80637500e-09 -4.14589960e-01 
 3.80737500e-09 -4.14589960e-01 
 3.80837500e-09 -4.14589960e-01 
 3.80937500e-09 -4.14589960e-01 
 3.81037500e-09 -4.14589960e-01 
 3.81137500e-09 -4.14589960e-01 
 3.81237500e-09 -4.14589960e-01 
 3.81337500e-09 -4.14589960e-01 
 3.81437500e-09 -4.14589960e-01 
 3.81537500e-09 -4.14589960e-01 
 3.81637500e-09 -4.14589960e-01 
 3.81737500e-09 -4.14589960e-01 
 3.81837500e-09 -4.14589960e-01 
 3.81937500e-09 -4.14589960e-01 
 3.82037500e-09 -4.14589960e-01 
 3.82137500e-09 -4.14589960e-01 
 3.82237500e-09 -4.14589960e-01 
 3.82337500e-09 -4.14589960e-01 
 3.82437500e-09 -4.14589960e-01 
 3.82537500e-09 -4.14589960e-01 
 3.82637500e-09 -4.14589960e-01 
 3.82737500e-09 -4.14589960e-01 
 3.82837500e-09 -4.14589960e-01 
 3.82937500e-09 -4.14589960e-01 
 3.83037500e-09 -4.14589960e-01 
 3.83137500e-09 -4.14589960e-01 
 3.83237500e-09 -4.14589960e-01 
 3.83337500e-09 -4.14589960e-01 
 3.83437500e-09 -4.14589960e-01 
 3.83537500e-09 -4.14589960e-01 
 3.83637500e-09 -4.14589960e-01 
 3.83737500e-09 -4.14589960e-01 
 3.83837500e-09 -4.14589960e-01 
 3.83937500e-09 -4.14589960e-01 
 3.84037500e-09 -4.14589960e-01 
 3.84137500e-09 -4.14589960e-01 
 3.84237500e-09 -4.14589960e-01 
 3.84337500e-09 -4.14589960e-01 
 3.84437500e-09 -4.14589960e-01 
 3.84537500e-09 -4.14589960e-01 
 3.84637500e-09 -4.14589960e-01 
 3.84737500e-09 -4.14589960e-01 
 3.84837500e-09 -4.14589960e-01 
 3.84937500e-09 -4.14589960e-01 
 3.85037500e-09 -4.14589960e-01 
 3.85137500e-09 -4.14589960e-01 
 3.85237500e-09 -4.14589960e-01 
 3.85337500e-09 -4.14589960e-01 
 3.85437500e-09 -4.14589960e-01 
 3.85537500e-09 -4.14589960e-01 
 3.85637500e-09 -4.14589960e-01 
 3.85737500e-09 -4.14589960e-01 
 3.85837500e-09 -4.14589960e-01 
 3.85937500e-09 -4.14589960e-01 
 3.86037500e-09 -4.14589960e-01 
 3.86137500e-09 -4.14589960e-01 
 3.86237500e-09 -4.14589960e-01 
 3.86337500e-09 -4.14589960e-01 
 3.86437500e-09 -4.14589960e-01 
 3.86537500e-09 -4.14589960e-01 
 3.86637500e-09 -4.14589960e-01 
 3.86737500e-09 -4.14589960e-01 
 3.86837500e-09 -4.14589960e-01 
 3.86937500e-09 -4.14589960e-01 
 3.87037500e-09 -4.14589960e-01 
 3.87137500e-09 -4.14589960e-01 
 3.87237500e-09 -4.14589960e-01 
 3.87337500e-09 -4.14589960e-01 
 3.87437500e-09 -4.14589960e-01 
 3.87537500e-09 -4.14589960e-01 
 3.87637500e-09 -4.14589960e-01 
 3.87737500e-09 -4.14589960e-01 
 3.87837500e-09 -4.14589960e-01 
 3.87937500e-09 -4.14589960e-01 
 3.88037500e-09 -4.14589960e-01 
 3.88137500e-09 -4.14589960e-01 
 3.88237500e-09 -4.14589960e-01 
 3.88337500e-09 -4.14589960e-01 
 3.88437500e-09 -4.14589960e-01 
 3.88537500e-09 -4.14589960e-01 
 3.88637500e-09 -4.14589960e-01 
 3.88737500e-09 -4.14589960e-01 
 3.88837500e-09 -4.14589960e-01 
 3.88937500e-09 -4.14589960e-01 
 3.89037500e-09 -4.14589960e-01 
 3.89137500e-09 -4.14589960e-01 
 3.89237500e-09 -4.14589960e-01 
 3.89337500e-09 -4.14589960e-01 
 3.89437500e-09 -4.14589960e-01 
 3.89537500e-09 -4.14589960e-01 
 3.89637500e-09 -4.14589960e-01 
 3.89737500e-09 -4.14589960e-01 
 3.89837500e-09 -4.14589960e-01 
 3.89937500e-09 -4.14589960e-01 
 3.90037500e-09 -4.14589960e-01 
 3.90137500e-09 -4.14589960e-01 
 3.90237500e-09 -4.14589960e-01 
 3.90337500e-09 -4.14589960e-01 
 3.90437500e-09 -4.14589960e-01 
 3.90537500e-09 -4.14589960e-01 
 3.90637500e-09 -4.14589960e-01 
 3.90737500e-09 -4.14589960e-01 
 3.90837500e-09 -4.14589960e-01 
 3.90937500e-09 -4.14589960e-01 
 3.91037500e-09 -4.14589960e-01 
 3.91137500e-09 -4.14589960e-01 
 3.91237500e-09 -4.14589960e-01 
 3.91337500e-09 -4.14589960e-01 
 3.91437500e-09 -4.14589960e-01 
 3.91537500e-09 -4.14589960e-01 
 3.91637500e-09 -4.14589960e-01 
 3.91737500e-09 -4.14589960e-01 
 3.91837500e-09 -4.14589960e-01 
 3.91937500e-09 -4.14589960e-01 
 3.92037500e-09 -4.14589960e-01 
 3.92137500e-09 -4.14589960e-01 
 3.92237500e-09 -4.14589960e-01 
 3.92337500e-09 -4.14589960e-01 
 3.92437500e-09 -4.14589960e-01 
 3.92537500e-09 -4.14589960e-01 
 3.92637500e-09 -4.14589960e-01 
 3.92737500e-09 -4.14589960e-01 
 3.92837500e-09 -4.14589960e-01 
 3.92937500e-09 -4.14589960e-01 
 3.93037500e-09 -4.14589960e-01 
 3.93137500e-09 -4.14589960e-01 
 3.93237500e-09 -4.14589960e-01 
 3.93337500e-09 -4.14589960e-01 
 3.93437500e-09 -4.14589960e-01 
 3.93537500e-09 -4.14589960e-01 
 3.93637500e-09 -4.14589960e-01 
 3.93737500e-09 -4.14589960e-01 
 3.93837500e-09 -4.14589960e-01 
 3.93937500e-09 -4.14589960e-01 
 3.94037500e-09 -4.14589960e-01 
 3.94137500e-09 -4.14589960e-01 
 3.94237500e-09 -4.14589960e-01 
 3.94337500e-09 -4.14589960e-01 
 3.94437500e-09 -4.14589960e-01 
 3.94537500e-09 -4.14589960e-01 
 3.94637500e-09 -4.14589960e-01 
 3.94737500e-09 -4.14589960e-01 
 3.94837500e-09 -4.14589960e-01 
 3.94937500e-09 -4.14589960e-01 
 3.95037500e-09 -4.14589960e-01 
 3.95137500e-09 -4.14589960e-01 
 3.95237500e-09 -4.14589960e-01 
 3.95337500e-09 -4.14589960e-01 
 3.95437500e-09 -4.14589960e-01 
 3.95537500e-09 -4.14589960e-01 
 3.95637500e-09 -4.14589960e-01 
 3.95737500e-09 -4.14589960e-01 
 3.95837500e-09 -4.14589960e-01 
 3.95937500e-09 -4.14589960e-01 
 3.96037500e-09 -4.14589960e-01 
 3.96137500e-09 -4.14589960e-01 
 3.96237500e-09 -4.14589960e-01 
 3.96337500e-09 -4.14589960e-01 
 3.96437500e-09 -4.14589960e-01 
 3.96537500e-09 -4.14589960e-01 
 3.96637500e-09 -4.14589960e-01 
 3.96737500e-09 -4.14589960e-01 
 3.96837500e-09 -4.14589960e-01 
 3.96937500e-09 -4.14589960e-01 
 3.97037500e-09 -4.14589960e-01 
 3.97137500e-09 -4.14589960e-01 
 3.97237500e-09 -4.14589960e-01 
 3.97337500e-09 -4.14589960e-01 
 3.97437500e-09 -4.14589960e-01 
 3.97537500e-09 -4.14589960e-01 
 3.97637500e-09 -4.14589960e-01 
 3.97737500e-09 -4.14589960e-01 
 3.97837500e-09 -4.14589960e-01 
 3.97937500e-09 -4.14589960e-01 
 3.98037500e-09 -4.14589960e-01 
 3.98137500e-09 -4.14589960e-01 
 3.98237500e-09 -4.14589960e-01 
 3.98337500e-09 -4.14589960e-01 
 3.98437500e-09 -4.14589960e-01 
 3.98537500e-09 -4.14589960e-01 
 3.98637500e-09 -4.14589960e-01 
 3.98737500e-09 -4.14589960e-01 
 3.98837500e-09 -4.14589960e-01 
 3.98937500e-09 -4.14589960e-01 
 3.99037500e-09 -4.14589960e-01 
 3.99137500e-09 -4.14589960e-01 
 3.99237500e-09 -4.14589960e-01 
 3.99337500e-09 -4.14589960e-01 
 3.99437500e-09 -4.14589960e-01 
 3.99537500e-09 -4.14589960e-01 
 3.99637500e-09 -4.14589960e-01 
 3.99737500e-09 -4.14589960e-01 
 3.99837500e-09 -4.14589960e-01 
 3.99937500e-09 -4.14589960e-01 
 4.00037500e-09 -4.14589960e-01 
 4.00137500e-09 -4.14589960e-01 
 4.00237500e-09 -4.14589960e-01 
 4.00337500e-09 -4.14589960e-01 
 4.00437500e-09 -4.14589960e-01 
 4.00537500e-09 -4.14589960e-01 
 4.00637500e-09 -4.14589960e-01 
 4.00737500e-09 -4.14589960e-01 
 4.00837500e-09 -4.14589960e-01 
 4.00937500e-09 -4.14589960e-01 
 4.01037500e-09 -4.14589960e-01 
 4.01137500e-09 -4.14589960e-01 
 4.01237500e-09 -4.14589960e-01 
 4.01337500e-09 -4.14589960e-01 
 4.01437500e-09 -4.14589960e-01 
 4.01537500e-09 -4.14589960e-01 
 4.01637500e-09 -4.14589960e-01 
 4.01737500e-09 -4.14589960e-01 
 4.01837500e-09 -4.14589960e-01 
 4.01937500e-09 -4.14589960e-01 
 4.02037500e-09 -4.14589960e-01 
 4.02137500e-09 -4.14589960e-01 
 4.02237500e-09 -4.14589960e-01 
 4.02337500e-09 -4.14589960e-01 
 4.02437500e-09 -4.14589960e-01 
 4.02537500e-09 -4.14589960e-01 
 4.02637500e-09 -4.14589960e-01 
 4.02737500e-09 -4.14589960e-01 
 4.02837500e-09 -4.14589960e-01 
 4.02937500e-09 -4.14589960e-01 
 4.03037500e-09 -4.14589960e-01 
 4.03137500e-09 -4.14589960e-01 
 4.03237500e-09 -4.14589960e-01 
 4.03337500e-09 -4.14589960e-01 
 4.03437500e-09 -4.14589960e-01 
 4.03537500e-09 -4.14589960e-01 
 4.03637500e-09 -4.14589960e-01 
 4.03737500e-09 -4.14589960e-01 
 4.03837500e-09 -4.14589960e-01 
 4.03937500e-09 -4.14589960e-01 
 4.04037500e-09 -4.14589960e-01 
 4.04137500e-09 -4.14589960e-01 
 4.04237500e-09 -4.14589960e-01 
 4.04337500e-09 -4.14589960e-01 
 4.04437500e-09 -4.14589960e-01 
 4.04537500e-09 -4.14589960e-01 
 4.04637500e-09 -4.14589960e-01 
 4.04737500e-09 -4.14589960e-01 
 4.04837500e-09 -4.14589960e-01 
 4.04937500e-09 -4.14589960e-01 
 4.05037500e-09 -4.14589960e-01 
 4.05137500e-09 -4.14589960e-01 
 4.05237500e-09 -4.14589960e-01 
 4.05337500e-09 -4.14589960e-01 
 4.05437500e-09 -4.14589960e-01 
 4.05537500e-09 -4.14589960e-01 
 4.05637500e-09 -4.14589960e-01 
 4.05737500e-09 -4.14589960e-01 
 4.05837500e-09 -4.14589960e-01 
 4.05937500e-09 -4.14589960e-01 
 4.06037500e-09 -4.14589960e-01 
 4.06137500e-09 -4.14589960e-01 
 4.06237500e-09 -4.14589960e-01 
 4.06337500e-09 -4.14589960e-01 
 4.06437500e-09 -4.14589960e-01 
 4.06537500e-09 -4.14589960e-01 
 4.06637500e-09 -4.14589960e-01 
 4.06737500e-09 -4.14589960e-01 
 4.06837500e-09 -4.14589960e-01 
 4.06937500e-09 -4.14589960e-01 
 4.07037500e-09 -4.14589960e-01 
 4.07137500e-09 -4.14589960e-01 
 4.07237500e-09 -4.14589960e-01 
 4.07337500e-09 -4.14589960e-01 
 4.07437500e-09 -4.14589960e-01 
 4.07537500e-09 -4.14589960e-01 
 4.07637500e-09 -4.14589960e-01 
 4.07737500e-09 -4.14589960e-01 
 4.07837500e-09 -4.14589960e-01 
 4.07937500e-09 -4.14589960e-01 
 4.08037500e-09 -4.14589960e-01 
 4.08137500e-09 -4.14589960e-01 
 4.08237500e-09 -4.14589960e-01 
 4.08337500e-09 -4.14589960e-01 
 4.08437500e-09 -4.14589960e-01 
 4.08537500e-09 -4.14589960e-01 
 4.08637500e-09 -4.14589960e-01 
 4.08737500e-09 -4.14589960e-01 
 4.08837500e-09 -4.14589960e-01 
 4.08937500e-09 -4.14589960e-01 
 4.09037500e-09 -4.14589960e-01 
 4.09137500e-09 -4.14589960e-01 
 4.09237500e-09 -4.14589960e-01 
 4.09337500e-09 -4.14589960e-01 
 4.09437500e-09 -4.14589960e-01 
 4.09537500e-09 -4.14589960e-01 
 4.09637500e-09 -4.14589960e-01 
 4.09737500e-09 -4.14589960e-01 
 4.09837500e-09 -4.14589960e-01 
 4.09937500e-09 -4.14589960e-01 
 4.10037500e-09 -4.14589960e-01 
 4.10137500e-09 -4.14589960e-01 
 4.10237500e-09 -4.14589960e-01 
 4.10337500e-09 -4.14589960e-01 
 4.10437500e-09 -4.14589960e-01 
 4.10537500e-09 -4.14589960e-01 
 4.10637500e-09 -4.14589960e-01 
 4.10737500e-09 -4.14589960e-01 
 4.10837500e-09 -4.14589960e-01 
 4.10937500e-09 -4.14589960e-01 
 4.11037500e-09 -4.14589960e-01 
 4.11137500e-09 -4.14589960e-01 
 4.11237500e-09 -4.14589960e-01 
 4.11337500e-09 -4.14589960e-01 
 4.11437500e-09 -4.14589960e-01 
 4.11537500e-09 -4.14589960e-01 
 4.11637500e-09 -4.14589960e-01 
 4.11737500e-09 -4.14589960e-01 
 4.11837500e-09 -4.14589960e-01 
 4.11937500e-09 -4.14589960e-01 
 4.12037500e-09 -4.14589960e-01 
 4.12137500e-09 -4.14589960e-01 
 4.12237500e-09 -4.14589960e-01 
 4.12337500e-09 -4.14589960e-01 
 4.12437500e-09 -4.14589960e-01 
 4.12537500e-09 -4.14589960e-01 
 4.12637500e-09 -4.14589960e-01 
 4.12737500e-09 -4.14589960e-01 
 4.12837500e-09 -4.14589960e-01 
 4.12937500e-09 -4.14589960e-01 
 4.13037500e-09 -4.14589960e-01 
 4.13137500e-09 -4.14589960e-01 
 4.13237500e-09 -4.14589960e-01 
 4.13337500e-09 -4.14589960e-01 
 4.13437500e-09 -4.14589960e-01 
 4.13537500e-09 -4.14589960e-01 
 4.13637500e-09 -4.14589960e-01 
 4.13737500e-09 -4.14589960e-01 
 4.13837500e-09 -4.14589960e-01 
 4.13937500e-09 -4.14589960e-01 
 4.14037500e-09 -4.14589960e-01 
 4.14137500e-09 -4.14589960e-01 
 4.14237500e-09 -4.14589960e-01 
 4.14337500e-09 -4.14589960e-01 
 4.14437500e-09 -4.14589960e-01 
 4.14537500e-09 -4.14589960e-01 
 4.14637500e-09 -4.14589960e-01 
 4.14737500e-09 -4.14589960e-01 
 4.14837500e-09 -4.14589960e-01 
 4.14937500e-09 -4.14589960e-01 
 4.15037500e-09 -4.14589960e-01 
 4.15137500e-09 -4.14589960e-01 
 4.15237500e-09 -4.14589960e-01 
 4.15337500e-09 -4.14589960e-01 
 4.15437500e-09 -4.14589960e-01 
 4.15537500e-09 -4.14589960e-01 
 4.15637500e-09 -4.14589960e-01 
 4.15737500e-09 -4.14589960e-01 
 4.15837500e-09 -4.14589960e-01 
 4.15937500e-09 -4.14589960e-01 
 4.16037500e-09 -4.14589960e-01 
 4.16137500e-09 -4.14589960e-01 
 4.16237500e-09 -4.14589960e-01 
 4.16337500e-09 -4.14589960e-01 
 4.16437500e-09 -4.14589960e-01 
 4.16537500e-09 -4.14589960e-01 
 4.16637500e-09 -4.14589960e-01 
 4.16737500e-09 -4.14589960e-01 
 4.16837500e-09 -4.14589960e-01 
 4.16937500e-09 -4.14589960e-01 
 4.17037500e-09 -4.14589960e-01 
 4.17137500e-09 -4.14589960e-01 
 4.17237500e-09 -4.14589960e-01 
 4.17337500e-09 -4.14589960e-01 
 4.17437500e-09 -4.14589960e-01 
 4.17537500e-09 -4.14589960e-01 
 4.17637500e-09 -4.14589960e-01 
 4.17737500e-09 -4.14589960e-01 
 4.17837500e-09 -4.14589960e-01 
 4.17937500e-09 -4.14589960e-01 
 4.18037500e-09 -4.14589960e-01 
 4.18137500e-09 -4.14589960e-01 
 4.18237500e-09 -4.14589960e-01 
 4.18337500e-09 -4.14589960e-01 
 4.18437500e-09 -4.14589960e-01 
 4.18537500e-09 -4.14589960e-01 
 4.18637500e-09 -4.14589960e-01 
 4.18737500e-09 -4.14589960e-01 
 4.18837500e-09 -4.14589960e-01 
 4.18937500e-09 -4.14589960e-01 
 4.19037500e-09 -4.14589960e-01 
 4.19137500e-09 -4.14589960e-01 
 4.19237500e-09 -4.14589960e-01 
 4.19337500e-09 -4.14589960e-01 
 4.19437500e-09 -4.14589960e-01 
 4.19537500e-09 -4.14589960e-01 
 4.19637500e-09 -4.14589960e-01 
 4.19737500e-09 -4.14589960e-01 
 4.19837500e-09 -4.14589960e-01 
 4.19937500e-09 -4.14589960e-01 
 4.20037500e-09 -4.14589960e-01 
 4.20137500e-09 -4.14589960e-01 
 4.20237500e-09 -4.14589960e-01 
 4.20337500e-09 -4.14589960e-01 
 4.20437500e-09 -4.14589960e-01 
 4.20537500e-09 -4.14589960e-01 
 4.20637500e-09 -4.14589960e-01 
 4.20737500e-09 -4.14589960e-01 
 4.20837500e-09 -4.14589960e-01 
 4.20937500e-09 -4.14589960e-01 
 4.21037500e-09 -4.14589960e-01 
 4.21137500e-09 -4.14589960e-01 
 4.21237500e-09 -4.14589960e-01 
 4.21337500e-09 -4.14589960e-01 
 4.21437500e-09 -4.14589960e-01 
 4.21537500e-09 -4.14589960e-01 
 4.21637500e-09 -4.14589960e-01 
 4.21737500e-09 -4.14589960e-01 
 4.21837500e-09 -4.14589960e-01 
 4.21937500e-09 -4.14589960e-01 
 4.22037500e-09 -4.14589960e-01 
 4.22137500e-09 -4.14589960e-01 
 4.22237500e-09 -4.14589960e-01 
 4.22337500e-09 -4.14589960e-01 
 4.22437500e-09 -4.14589960e-01 
 4.22537500e-09 -4.14589960e-01 
 4.22637500e-09 -4.14589960e-01 
 4.22737500e-09 -4.14589960e-01 
 4.22837500e-09 -4.14589960e-01 
 4.22937500e-09 -4.14589960e-01 
 4.23037500e-09 -4.14589960e-01 
 4.23137500e-09 -4.14589960e-01 
 4.23237500e-09 -4.14589960e-01 
 4.23337500e-09 -4.14589960e-01 
 4.23437500e-09 -4.14589960e-01 
 4.23537500e-09 -4.14589960e-01 
 4.23637500e-09 -4.14589960e-01 
 4.23737500e-09 -4.14589960e-01 
 4.23837500e-09 -4.14589960e-01 
 4.23937500e-09 -4.14589960e-01 
 4.24037500e-09 -4.14589960e-01 
 4.24137500e-09 -4.14589960e-01 
 4.24237500e-09 -4.14589960e-01 
 4.24337500e-09 -4.14589960e-01 
 4.24437500e-09 -4.14589960e-01 
 4.24537500e-09 -4.14589960e-01 
 4.24637500e-09 -4.14589960e-01 
 4.24737500e-09 -4.14589960e-01 
 4.24837500e-09 -4.14589960e-01 
 4.24937500e-09 -4.14589960e-01 
 4.25037500e-09 -4.14589960e-01 
 4.25137500e-09 -4.14589960e-01 
 4.25237500e-09 -4.14589960e-01 
 4.25337500e-09 -4.14589960e-01 
 4.25437500e-09 -4.14589960e-01 
 4.25537500e-09 -4.14589960e-01 
 4.25637500e-09 -4.14589960e-01 
 4.25737500e-09 -4.14589960e-01 
 4.25837500e-09 -4.14589960e-01 
 4.25937500e-09 -4.14589960e-01 
 4.26037500e-09 -4.14589960e-01 
 4.26137500e-09 -4.14589960e-01 
 4.26237500e-09 -4.14589960e-01 
 4.26337500e-09 -4.14589960e-01 
 4.26437500e-09 -4.14589960e-01 
 4.26537500e-09 -4.14589960e-01 
 4.26637500e-09 -4.14589960e-01 
 4.26737500e-09 -4.14589960e-01 
 4.26837500e-09 -4.14589960e-01 
 4.26937500e-09 -4.14589960e-01 
 4.27037500e-09 -4.14589960e-01 
 4.27137500e-09 -4.14589960e-01 
 4.27237500e-09 -4.14589960e-01 
 4.27337500e-09 -4.14589960e-01 
 4.27437500e-09 -4.14589960e-01 
 4.27537500e-09 -4.14589960e-01 
 4.27637500e-09 -4.14589960e-01 
 4.27737500e-09 -4.14589960e-01 
 4.27837500e-09 -4.14589960e-01 
 4.27937500e-09 -4.14589960e-01 
 4.28037500e-09 -4.14589960e-01 
 4.28137500e-09 -4.14589960e-01 
 4.28237500e-09 -4.14589960e-01 
 4.28337500e-09 -4.14589960e-01 
 4.28437500e-09 -4.14589960e-01 
 4.28537500e-09 -4.14589960e-01 
 4.28637500e-09 -4.14589960e-01 
 4.28737500e-09 -4.14589960e-01 
 4.28837500e-09 -4.14589960e-01 
 4.28937500e-09 -4.14589960e-01 
 4.29037500e-09 -4.14589960e-01 
 4.29137500e-09 -4.14589960e-01 
 4.29237500e-09 -4.14589960e-01 
 4.29337500e-09 -4.14589960e-01 
 4.29437500e-09 -4.14589960e-01 
 4.29537500e-09 -4.14589960e-01 
 4.29637500e-09 -4.14589960e-01 
 4.29737500e-09 -4.14589960e-01 
 4.29837500e-09 -4.14589960e-01 
 4.29937500e-09 -4.14589960e-01 
 4.30037500e-09 -4.14589960e-01 
 4.30137500e-09 -4.14589960e-01 
 4.30237500e-09 -4.14589960e-01 
 4.30337500e-09 -4.14589960e-01 
 4.30437500e-09 -4.14589960e-01 
 4.30537500e-09 -4.14589960e-01 
 4.30637500e-09 -4.14589960e-01 
 4.30737500e-09 -4.14589960e-01 
 4.30837500e-09 -4.14589960e-01 
 4.30937500e-09 -4.14589960e-01 
 4.31037500e-09 -4.14589960e-01 
 4.31137500e-09 -4.14589960e-01 
 4.31237500e-09 -4.14589960e-01 
 4.31337500e-09 -4.14589960e-01 
 4.31437500e-09 -4.14589960e-01 
 4.31537500e-09 -4.14589960e-01 
 4.31637500e-09 -4.14589960e-01 
 4.31737500e-09 -4.14589960e-01 
 4.31837500e-09 -4.14589960e-01 
 4.31937500e-09 -4.14589960e-01 
 4.32037500e-09 -4.14589960e-01 
 4.32137500e-09 -4.14589960e-01 
 4.32237500e-09 -4.14589960e-01 
 4.32337500e-09 -4.14589960e-01 
 4.32437500e-09 -4.14589960e-01 
 4.32537500e-09 -4.14589960e-01 
 4.32637500e-09 -4.14589960e-01 
 4.32737500e-09 -4.14589960e-01 
 4.32837500e-09 -4.14589960e-01 
 4.32937500e-09 -4.14589960e-01 
 4.33037500e-09 -4.14589960e-01 
 4.33137500e-09 -4.14589960e-01 
 4.33237500e-09 -4.14589960e-01 
 4.33337500e-09 -4.14589960e-01 
 4.33437500e-09 -4.14589960e-01 
 4.33537500e-09 -4.14589960e-01 
 4.33637500e-09 -4.14589960e-01 
 4.33737500e-09 -4.14589960e-01 
 4.33837500e-09 -4.14589960e-01 
 4.33937500e-09 -4.14589960e-01 
 4.34037500e-09 -4.14589960e-01 
 4.34137500e-09 -4.14589960e-01 
 4.34237500e-09 -4.14589960e-01 
 4.34337500e-09 -4.14589960e-01 
 4.34437500e-09 -4.14589960e-01 
 4.34537500e-09 -4.14589960e-01 
 4.34637500e-09 -4.14589960e-01 
 4.34737500e-09 -4.14589960e-01 
 4.34837500e-09 -4.14589960e-01 
 4.34937500e-09 -4.14589960e-01 
 4.35037500e-09 -4.14589960e-01 
 4.35137500e-09 -4.14589960e-01 
 4.35237500e-09 -4.14589960e-01 
 4.35337500e-09 -4.14589960e-01 
 4.35437500e-09 -4.14589960e-01 
 4.35537500e-09 -4.14589960e-01 
 4.35637500e-09 -4.14589960e-01 
 4.35737500e-09 -4.14589960e-01 
 4.35837500e-09 -4.14589960e-01 
 4.35937500e-09 -4.14589960e-01 
 4.36037500e-09 -4.14589960e-01 
 4.36137500e-09 -4.14589960e-01 
 4.36237500e-09 -4.14589960e-01 
 4.36337500e-09 -4.14589960e-01 
 4.36437500e-09 -4.14589960e-01 
 4.36537500e-09 -4.14589960e-01 
 4.36637500e-09 -4.14589960e-01 
 4.36737500e-09 -4.14589960e-01 
 4.36837500e-09 -4.14589960e-01 
 4.36937500e-09 -4.14589960e-01 
 4.37037500e-09 -4.14589960e-01 
 4.37137500e-09 -4.14589960e-01 
 4.37237500e-09 -4.14589960e-01 
 4.37337500e-09 -4.14589960e-01 
 4.37437500e-09 -4.14589960e-01 
 4.37537500e-09 -4.14589960e-01 
 4.37637500e-09 -4.14589960e-01 
 4.37737500e-09 -4.14589960e-01 
 4.37837500e-09 -4.14589960e-01 
 4.37937500e-09 -4.14589960e-01 
 4.38037500e-09 -4.14589960e-01 
 4.38137500e-09 -4.14589960e-01 
 4.38237500e-09 -4.14589960e-01 
 4.38337500e-09 -4.14589960e-01 
 4.38437500e-09 -4.14589960e-01 
 4.38537500e-09 -4.14589960e-01 
 4.38637500e-09 -4.14589960e-01 
 4.38737500e-09 -4.14589960e-01 
 4.38837500e-09 -4.14589960e-01 
 4.38937500e-09 -4.14589960e-01 
 4.39037500e-09 -4.14589960e-01 
 4.39137500e-09 -4.14589960e-01 
 4.39237500e-09 -4.14589960e-01 
 4.39337500e-09 -4.14589960e-01 
 4.39437500e-09 -4.14589960e-01 
 4.39537500e-09 -4.14589960e-01 
 4.39637500e-09 -4.14589960e-01 
 4.39737500e-09 -4.14589960e-01 
 4.39837500e-09 -4.14589960e-01 
 4.39937500e-09 -4.14589960e-01 
 4.40037500e-09 -4.14589960e-01 
 4.40137500e-09 -4.14589960e-01 
 4.40237500e-09 -4.14589960e-01 
 4.40337500e-09 -4.14589960e-01 
 4.40437500e-09 -4.14589960e-01 
 4.40537500e-09 -4.14589960e-01 
 4.40637500e-09 -4.14589960e-01 
 4.40737500e-09 -4.14589960e-01 
 4.40837500e-09 -4.14589960e-01 
 4.40937500e-09 -4.14589960e-01 
 4.41037500e-09 -4.14589960e-01 
 4.41137500e-09 -4.14589960e-01 
 4.41237500e-09 -4.14589960e-01 
 4.41337500e-09 -4.14589960e-01 
 4.41437500e-09 -4.14589960e-01 
 4.41537500e-09 -4.14589960e-01 
 4.41637500e-09 -4.14589960e-01 
 4.41737500e-09 -4.14589960e-01 
 4.41837500e-09 -4.14589960e-01 
 4.41937500e-09 -4.14589960e-01 
 4.42037500e-09 -4.14589960e-01 
 4.42137500e-09 -4.14589960e-01 
 4.42237500e-09 -4.14589960e-01 
 4.42337500e-09 -4.14589960e-01 
 4.42437500e-09 -4.14589960e-01 
 4.42537500e-09 -4.14589960e-01 
 4.42637500e-09 -4.14589960e-01 
 4.42737500e-09 -4.14589960e-01 
 4.42837500e-09 -4.14589960e-01 
 4.42937500e-09 -4.14589960e-01 
 4.43037500e-09 -4.14589960e-01 
 4.43137500e-09 -4.14589960e-01 
 4.43237500e-09 -4.14589960e-01 
 4.43337500e-09 -4.14589960e-01 
 4.43437500e-09 -4.14589960e-01 
 4.43537500e-09 -4.14589960e-01 
 4.43637500e-09 -4.14589960e-01 
 4.43737500e-09 -4.14589960e-01 
 4.43837500e-09 -4.14589960e-01 
 4.43937500e-09 -4.14589960e-01 
 4.44037500e-09 -4.14589960e-01 
 4.44137500e-09 -4.14589960e-01 
 4.44237500e-09 -4.14589960e-01 
 4.44337500e-09 -4.14589960e-01 
 4.44437500e-09 -4.14589960e-01 
 4.44537500e-09 -4.14589960e-01 
 4.44637500e-09 -4.14589960e-01 
 4.44737500e-09 -4.14589960e-01 
 4.44837500e-09 -4.14589960e-01 
 4.44937500e-09 -4.14589960e-01 
 4.45037500e-09 -4.14589960e-01 
 4.45137500e-09 -4.14589960e-01 
 4.45237500e-09 -4.14589960e-01 
 4.45337500e-09 -4.14589960e-01 
 4.45437500e-09 -4.14589960e-01 
 4.45537500e-09 -4.14589960e-01 
 4.45637500e-09 -4.14589960e-01 
 4.45737500e-09 -4.14589960e-01 
 4.45837500e-09 -4.14589960e-01 
 4.45937500e-09 -4.14589960e-01 
 4.46037500e-09 -4.14589960e-01 
 4.46137500e-09 -4.14589960e-01 
 4.46237500e-09 -4.14589960e-01 
 4.46337500e-09 -4.14589960e-01 
 4.46437500e-09 -4.14589960e-01 
 4.46537500e-09 -4.14589960e-01 
 4.46637500e-09 -4.14589960e-01 
 4.46737500e-09 -4.14589960e-01 
 4.46837500e-09 -4.14589960e-01 
 4.46937500e-09 -4.14589960e-01 
 4.47037500e-09 -4.14589960e-01 
 4.47137500e-09 -4.14589960e-01 
 4.47237500e-09 -4.14589960e-01 
 4.47337500e-09 -4.14589960e-01 
 4.47437500e-09 -4.14589960e-01 
 4.47537500e-09 -4.14589960e-01 
 4.47637500e-09 -4.14589960e-01 
 4.47737500e-09 -4.14589960e-01 
 4.47837500e-09 -4.14589960e-01 
 4.47937500e-09 -4.14589960e-01 
 4.48037500e-09 -4.14589960e-01 
 4.48137500e-09 -4.14589960e-01 
 4.48237500e-09 -4.14589960e-01 
 4.48337500e-09 -4.14589960e-01 
 4.48437500e-09 -4.14589960e-01 
 4.48537500e-09 -4.14589960e-01 
 4.48637500e-09 -4.14589960e-01 
 4.48737500e-09 -4.14589960e-01 
 4.48837500e-09 -4.14589960e-01 
 4.48937500e-09 -4.14589960e-01 
 4.49037500e-09 -4.14589960e-01 
 4.49137500e-09 -4.14589960e-01 
 4.49237500e-09 -4.14589960e-01 
 4.49337500e-09 -4.14589960e-01 
 4.49437500e-09 -4.14589960e-01 
 4.49537500e-09 -4.14589960e-01 
 4.49637500e-09 -4.14589960e-01 
 4.49737500e-09 -4.14589960e-01 
 4.49837500e-09 -4.14589960e-01 
 4.49937500e-09 -4.14589960e-01 
 4.50037500e-09 -4.14589960e-01 
 4.50137500e-09 -4.14589960e-01 
 4.50237500e-09 -4.14589960e-01 
 4.50337500e-09 -4.14589960e-01 
 4.50437500e-09 -4.14589960e-01 
 4.50537500e-09 -4.14589960e-01 
 4.50637500e-09 -4.14589960e-01 
 4.50737500e-09 -4.14589960e-01 
 4.50837500e-09 -4.14589960e-01 
 4.50937500e-09 -4.14589960e-01 
 4.51037500e-09 -4.14589960e-01 
 4.51137500e-09 -4.14589960e-01 
 4.51237500e-09 -4.14589960e-01 
 4.51337500e-09 -4.14589960e-01 
 4.51437500e-09 -4.14589960e-01 
 4.51537500e-09 -4.14589960e-01 
 4.51637500e-09 -4.14589960e-01 
 4.51737500e-09 -4.14589960e-01 
 4.51837500e-09 -4.14589960e-01 
 4.51937500e-09 -4.14589960e-01 
 4.52037500e-09 -4.14589960e-01 
 4.52137500e-09 -4.14589960e-01 
 4.52237500e-09 -4.14589960e-01 
 4.52337500e-09 -4.14589960e-01 
 4.52437500e-09 -4.14589960e-01 
 4.52537500e-09 -4.14589960e-01 
 4.52637500e-09 -4.14589960e-01 
 4.52737500e-09 -4.14589960e-01 
 4.52837500e-09 -4.14589960e-01 
 4.52937500e-09 -4.14589960e-01 
 4.53037500e-09 -4.14589960e-01 
 4.53137500e-09 -4.14589960e-01 
 4.53237500e-09 -4.14589960e-01 
 4.53337500e-09 -4.14589960e-01 
 4.53437500e-09 -4.14589960e-01 
 4.53537500e-09 -4.14589960e-01 
 4.53637500e-09 -4.14589960e-01 
 4.53737500e-09 -4.14589960e-01 
 4.53837500e-09 -4.14589960e-01 
 4.53937500e-09 -4.14589960e-01 
 4.54037500e-09 -4.14589960e-01 
 4.54137500e-09 -4.14589960e-01 
 4.54237500e-09 -4.14589960e-01 
 4.54337500e-09 -4.14589960e-01 
 4.54437500e-09 -4.14589960e-01 
 4.54537500e-09 -4.14589960e-01 
 4.54637500e-09 -4.14589960e-01 
 4.54737500e-09 -4.14589960e-01 
 4.54837500e-09 -4.14589960e-01 
 4.54937500e-09 -4.14589960e-01 
 4.55037500e-09 -4.14589960e-01 
 4.55137500e-09 -4.14589960e-01 
 4.55237500e-09 -4.14589960e-01 
 4.55337500e-09 -4.14589960e-01 
 4.55437500e-09 -4.14589960e-01 
 4.55537500e-09 -4.14589960e-01 
 4.55637500e-09 -4.14589960e-01 
 4.55737500e-09 -4.14589960e-01 
 4.55837500e-09 -4.14589960e-01 
 4.55937500e-09 -4.14589960e-01 
 4.56037500e-09 -4.14589960e-01 
 4.56137500e-09 -4.14589960e-01 
 4.56237500e-09 -4.14589960e-01 
 4.56337500e-09 -4.14589960e-01 
 4.56437500e-09 -4.14589960e-01 
 4.56537500e-09 -4.14589960e-01 
 4.56637500e-09 -4.14589960e-01 
 4.56737500e-09 -4.14589960e-01 
 4.56837500e-09 -4.14589960e-01 
 4.56937500e-09 -4.14589960e-01 
 4.57037500e-09 -4.14589960e-01 
 4.57137500e-09 -4.14589960e-01 
 4.57237500e-09 -4.14589960e-01 
 4.57337500e-09 -4.14589960e-01 
 4.57437500e-09 -4.14589960e-01 
 4.57537500e-09 -4.14589960e-01 
 4.57637500e-09 -4.14589960e-01 
 4.57737500e-09 -4.14589960e-01 
 4.57837500e-09 -4.14589960e-01 
 4.57937500e-09 -4.14589960e-01 
 4.58037500e-09 -4.14589960e-01 
 4.58137500e-09 -4.14589960e-01 
 4.58237500e-09 -4.14589960e-01 
 4.58337500e-09 -4.14589960e-01 
 4.58437500e-09 -4.14589960e-01 
 4.58537500e-09 -4.14589960e-01 
 4.58637500e-09 -4.14589960e-01 
 4.58737500e-09 -4.14589960e-01 
 4.58837500e-09 -4.14589960e-01 
 4.58937500e-09 -4.14589960e-01 
 4.59037500e-09 -4.14589960e-01 
 4.59137500e-09 -4.14589960e-01 
 4.59237500e-09 -4.14589960e-01 
 4.59337500e-09 -4.14589960e-01 
 4.59437500e-09 -4.14589960e-01 
 4.59537500e-09 -4.14589960e-01 
 4.59637500e-09 -4.14589960e-01 
 4.59737500e-09 -4.14589960e-01 
 4.59837500e-09 -4.14589960e-01 
 4.59937500e-09 -4.14589960e-01 
 4.60037500e-09 -4.14589960e-01 
 4.60137500e-09 -4.14589960e-01 
 4.60237500e-09 -4.14589960e-01 
 4.60337500e-09 -4.14589960e-01 
 4.60437500e-09 -4.14589960e-01 
 4.60537500e-09 -4.14589960e-01 
 4.60637500e-09 -4.14589960e-01 
 4.60737500e-09 -4.14589960e-01 
 4.60837500e-09 -4.14589960e-01 
 4.60937500e-09 -4.14589960e-01 
 4.61037500e-09 -4.14589960e-01 
 4.61137500e-09 -4.14589960e-01 
 4.61237500e-09 -4.14589960e-01 
 4.61337500e-09 -4.14589960e-01 
 4.61437500e-09 -4.14589960e-01 
 4.61537500e-09 -4.14589960e-01 
 4.61637500e-09 -4.14589960e-01 
 4.61737500e-09 -4.14589960e-01 
 4.61837500e-09 -4.14589960e-01 
 4.61937500e-09 -4.14589960e-01 
 4.62037500e-09 -4.14589960e-01 
 4.62137500e-09 -4.14589960e-01 
 4.62237500e-09 -4.14589960e-01 
 4.62337500e-09 -4.14589960e-01 
 4.62437500e-09 -4.14589960e-01 
 4.62537500e-09 -4.14589960e-01 
 4.62637500e-09 -4.14589960e-01 
 4.62737500e-09 -4.14589960e-01 
 4.62837500e-09 -4.14589960e-01 
 4.62937500e-09 -4.14589960e-01 
 4.63037500e-09 -4.14589960e-01 
 4.63137500e-09 -4.14589960e-01 
 4.63237500e-09 -4.14589960e-01 
 4.63337500e-09 -4.14589960e-01 
 4.63437500e-09 -4.14589960e-01 
 4.63537500e-09 -4.14589960e-01 
 4.63637500e-09 -4.14589960e-01 
 4.63737500e-09 -4.14589960e-01 
 4.63837500e-09 -4.14589960e-01 
 4.63937500e-09 -4.14589960e-01 
 4.64037500e-09 -4.14589960e-01 
 4.64137500e-09 -4.14589960e-01 
 4.64237500e-09 -4.14589960e-01 
 4.64337500e-09 -4.14589960e-01 
 4.64437500e-09 -4.14589960e-01 
 4.64537500e-09 -4.14589960e-01 
 4.64637500e-09 -4.14589960e-01 
 4.64737500e-09 -4.14589960e-01 
 4.64837500e-09 -4.14589960e-01 
 4.64937500e-09 -4.14589960e-01 
 4.65037500e-09 -4.14589960e-01 
 4.65137500e-09 -4.14589960e-01 
 4.65237500e-09 -4.14589960e-01 
 4.65337500e-09 -4.14589960e-01 
 4.65437500e-09 -4.14589960e-01 
 4.65537500e-09 -4.14589960e-01 
 4.65637500e-09 -4.14589960e-01 
 4.65737500e-09 -4.14589960e-01 
 4.65837500e-09 -4.14589960e-01 
 4.65937500e-09 -4.14589960e-01 
 4.66037500e-09 -4.14589960e-01 
 4.66137500e-09 -4.14589960e-01 
 4.66237500e-09 -4.14589960e-01 
 4.66337500e-09 -4.14589960e-01 
 4.66437500e-09 -4.14589960e-01 
 4.66537500e-09 -4.14589960e-01 
 4.66637500e-09 -4.14589960e-01 
 4.66737500e-09 -4.14589960e-01 
 4.66837500e-09 -4.14589960e-01 
 4.66937500e-09 -4.14589960e-01 
 4.67037500e-09 -4.14589960e-01 
 4.67137500e-09 -4.14589960e-01 
 4.67237500e-09 -4.14589960e-01 
 4.67337500e-09 -4.14589960e-01 
 4.67437500e-09 -4.14589960e-01 
 4.67537500e-09 -4.14589960e-01 
 4.67637500e-09 -4.14589960e-01 
 4.67737500e-09 -4.14589960e-01 
 4.67837500e-09 -4.14589960e-01 
 4.67937500e-09 -4.14589960e-01 
 4.68037500e-09 -4.14589960e-01 
 4.68137500e-09 -4.14589960e-01 
 4.68237500e-09 -4.14589960e-01 
 4.68337500e-09 -4.14589960e-01 
 4.68437500e-09 -4.14589960e-01 
 4.68537500e-09 -4.14589960e-01 
 4.68637500e-09 -4.14589960e-01 
 4.68737500e-09 -4.14589960e-01 
 4.68837500e-09 -4.14589960e-01 
 4.68937500e-09 -4.14589960e-01 
 4.69037500e-09 -4.14589960e-01 
 4.69137500e-09 -4.14589960e-01 
 4.69237500e-09 -4.14589960e-01 
 4.69337500e-09 -4.14589960e-01 
 4.69437500e-09 -4.14589960e-01 
 4.69537500e-09 -4.14589960e-01 
 4.69637500e-09 -4.14589960e-01 
 4.69737500e-09 -4.14589960e-01 
 4.69837500e-09 -4.14589960e-01 
 4.69937500e-09 -4.14589960e-01 
 4.70037500e-09 -4.14589960e-01 
 4.70137500e-09 -4.14589960e-01 
 4.70237500e-09 -4.14589960e-01 
 4.70337500e-09 -4.14589960e-01 
 4.70437500e-09 -4.14589960e-01 
 4.70537500e-09 -4.14589960e-01 
 4.70637500e-09 -4.14589960e-01 
 4.70737500e-09 -4.14589960e-01 
 4.70837500e-09 -4.14589960e-01 
 4.70937500e-09 -4.14589960e-01 
 4.71037500e-09 -4.14589960e-01 
 4.71137500e-09 -4.14589960e-01 
 4.71237500e-09 -4.14589960e-01 
 4.71337500e-09 -4.14589960e-01 
 4.71437500e-09 -4.14589960e-01 
 4.71537500e-09 -4.14589960e-01 
 4.71637500e-09 -4.14589960e-01 
 4.71737500e-09 -4.14589960e-01 
 4.71837500e-09 -4.14589960e-01 
 4.71937500e-09 -4.14589960e-01 
 4.72037500e-09 -4.14589960e-01 
 4.72137500e-09 -4.14589960e-01 
 4.72237500e-09 -4.14589960e-01 
 4.72337500e-09 -4.14589960e-01 
 4.72437500e-09 -4.14589960e-01 
 4.72537500e-09 -4.14589960e-01 
 4.72637500e-09 -4.14589960e-01 
 4.72737500e-09 -4.14589960e-01 
 4.72837500e-09 -4.14589960e-01 
 4.72937500e-09 -4.14589960e-01 
 4.73037500e-09 -4.14589960e-01 
 4.73137500e-09 -4.14589960e-01 
 4.73237500e-09 -4.14589960e-01 
 4.73337500e-09 -4.14589960e-01 
 4.73437500e-09 -4.14589960e-01 
 4.73537500e-09 -4.14589960e-01 
 4.73637500e-09 -4.14589960e-01 
 4.73737500e-09 -4.14589960e-01 
 4.73837500e-09 -4.14589960e-01 
 4.73937500e-09 -4.14589960e-01 
 4.74037500e-09 -4.14589960e-01 
 4.74137500e-09 -4.14589960e-01 
 4.74237500e-09 -4.14589960e-01 
 4.74337500e-09 -4.14589960e-01 
 4.74437500e-09 -4.14589960e-01 
 4.74537500e-09 -4.14589960e-01 
 4.74637500e-09 -4.14589960e-01 
 4.74737500e-09 -4.14589960e-01 
 4.74837500e-09 -4.14589960e-01 
 4.74937500e-09 -4.14589960e-01 
 4.75037500e-09 -4.14589960e-01 
 4.75137500e-09 -4.14589960e-01 
 4.75237500e-09 -4.14589960e-01 
 4.75337500e-09 -4.14589960e-01 
 4.75437500e-09 -4.14589960e-01 
 4.75537500e-09 -4.14589960e-01 
 4.75637500e-09 -4.14589960e-01 
 4.75737500e-09 -4.14589960e-01 
 4.75837500e-09 -4.14589960e-01 
 4.75937500e-09 -4.14589960e-01 
 4.76037500e-09 -4.14589960e-01 
 4.76137500e-09 -4.14589960e-01 
 4.76237500e-09 -4.14589960e-01 
 4.76337500e-09 -4.14589960e-01 
 4.76437500e-09 -4.14589960e-01 
 4.76537500e-09 -4.14589960e-01 
 4.76637500e-09 -4.14589960e-01 
 4.76737500e-09 -4.14589960e-01 
 4.76837500e-09 -4.14589960e-01 
 4.76937500e-09 -4.14589960e-01 
 4.77037500e-09 -4.14589960e-01 
 4.77137500e-09 -4.14589960e-01 
 4.77237500e-09 -4.14589960e-01 
 4.77337500e-09 -4.14589960e-01 
 4.77437500e-09 -4.14589960e-01 
 4.77537500e-09 -4.14589960e-01 
 4.77637500e-09 -4.14589960e-01 
 4.77737500e-09 -4.14589960e-01 
 4.77837500e-09 -4.14589960e-01 
 4.77937500e-09 -4.14589960e-01 
 4.78037500e-09 -4.14589960e-01 
 4.78137500e-09 -4.14589960e-01 
 4.78237500e-09 -4.14589960e-01 
 4.78337500e-09 -4.14589960e-01 
 4.78437500e-09 -4.14589960e-01 
 4.78537500e-09 -4.14589960e-01 
 4.78637500e-09 -4.14589960e-01 
 4.78737500e-09 -4.14589960e-01 
 4.78837500e-09 -4.14589960e-01 
 4.78937500e-09 -4.14589960e-01 
 4.79037500e-09 -4.14589960e-01 
 4.79137500e-09 -4.14589960e-01 
 4.79237500e-09 -4.14589960e-01 
 4.79337500e-09 -4.14589960e-01 
 4.79437500e-09 -4.14589960e-01 
 4.79537500e-09 -4.14589960e-01 
 4.79637500e-09 -4.14589960e-01 
 4.79737500e-09 -4.14589960e-01 
 4.79837500e-09 -4.14589960e-01 
 4.79937500e-09 -4.14589960e-01 
 4.80037500e-09 -4.14589960e-01 
 4.80137500e-09 -4.14589960e-01 
 4.80237500e-09 -4.14589960e-01 
 4.80337500e-09 -4.14589960e-01 
 4.80437500e-09 -4.14589960e-01 
 4.80537500e-09 -4.14589960e-01 
 4.80637500e-09 -4.14589960e-01 
 4.80737500e-09 -4.14589960e-01 
 4.80837500e-09 -4.14589960e-01 
 4.80937500e-09 -4.14589960e-01 
 4.81037500e-09 -4.14589960e-01 
 4.81137500e-09 -4.14589960e-01 
 4.81237500e-09 -4.14589960e-01 
 4.81337500e-09 -4.14589960e-01 
 4.81437500e-09 -4.14589960e-01 
 4.81537500e-09 -4.14589960e-01 
 4.81637500e-09 -4.14589960e-01 
 4.81737500e-09 -4.14589960e-01 
 4.81837500e-09 -4.14589960e-01 
 4.81937500e-09 -4.14589960e-01 
 4.82037500e-09 -4.14589960e-01 
 4.82137500e-09 -4.14589960e-01 
 4.82237500e-09 -4.14589960e-01 
 4.82337500e-09 -4.14589960e-01 
 4.82437500e-09 -4.14589960e-01 
 4.82537500e-09 -4.14589960e-01 
 4.82637500e-09 -4.14589960e-01 
 4.82737500e-09 -4.14589960e-01 
 4.82837500e-09 -4.14589960e-01 
 4.82937500e-09 -4.14589960e-01 
 4.83037500e-09 -4.14589960e-01 
 4.83137500e-09 -4.14589960e-01 
 4.83237500e-09 -4.14589960e-01 
 4.83337500e-09 -4.14589960e-01 
 4.83437500e-09 -4.14589960e-01 
 4.83537500e-09 -4.14589960e-01 
 4.83637500e-09 -4.14589960e-01 
 4.83737500e-09 -4.14589960e-01 
 4.83837500e-09 -4.14589960e-01 
 4.83937500e-09 -4.14589960e-01 
 4.84037500e-09 -4.14589960e-01 
 4.84137500e-09 -4.14589960e-01 
 4.84237500e-09 -4.14589960e-01 
 4.84337500e-09 -4.14589960e-01 
 4.84437500e-09 -4.14589960e-01 
 4.84537500e-09 -4.14589960e-01 
 4.84637500e-09 -4.14589960e-01 
 4.84737500e-09 -4.14589960e-01 
 4.84837500e-09 -4.14589960e-01 
 4.84937500e-09 -4.14589960e-01 
 4.85037500e-09 -4.14589960e-01 
 4.85137500e-09 -4.14589960e-01 
 4.85237500e-09 -4.14589960e-01 
 4.85337500e-09 -4.14589960e-01 
 4.85437500e-09 -4.14589960e-01 
 4.85537500e-09 -4.14589960e-01 
 4.85637500e-09 -4.14589960e-01 
 4.85737500e-09 -4.14589960e-01 
 4.85837500e-09 -4.14589960e-01 
 4.85937500e-09 -4.14589960e-01 
 4.86037500e-09 -4.14589960e-01 
 4.86137500e-09 -4.14589960e-01 
 4.86237500e-09 -4.14589960e-01 
 4.86337500e-09 -4.14589960e-01 
 4.86437500e-09 -4.14589960e-01 
 4.86537500e-09 -4.14589960e-01 
 4.86637500e-09 -4.14589960e-01 
 4.86737500e-09 -4.14589960e-01 
 4.86837500e-09 -4.14589960e-01 
 4.86937500e-09 -4.14589960e-01 
 4.87037500e-09 -4.14589960e-01 
 4.87137500e-09 -4.14589960e-01 
 4.87237500e-09 -4.14589960e-01 
 4.87337500e-09 -4.14589960e-01 
 4.87437500e-09 -4.14589960e-01 
 4.87537500e-09 -4.14589960e-01 
 4.87637500e-09 -4.14589960e-01 
 4.87737500e-09 -4.14589960e-01 
 4.87837500e-09 -4.14589960e-01 
 4.87937500e-09 -4.14589960e-01 
 4.88037500e-09 -4.14589960e-01 
 4.88137500e-09 -4.14589960e-01 
 4.88237500e-09 -4.14589960e-01 
 4.88337500e-09 -4.14589960e-01 
 4.88437500e-09 -4.14589960e-01 
 4.88537500e-09 -4.14589960e-01 
 4.88637500e-09 -4.14589960e-01 
 4.88737500e-09 -4.14589960e-01 
 4.88837500e-09 -4.14589960e-01 
 4.88937500e-09 -4.14589960e-01 
 4.89037500e-09 -4.14589960e-01 
 4.89137500e-09 -4.14589960e-01 
 4.89237500e-09 -4.14589960e-01 
 4.89337500e-09 -4.14589960e-01 
 4.89437500e-09 -4.14589960e-01 
 4.89537500e-09 -4.14589960e-01 
 4.89637500e-09 -4.14589960e-01 
 4.89737500e-09 -4.14589960e-01 
 4.89837500e-09 -4.14589960e-01 
 4.89937500e-09 -4.14589960e-01 
 4.90037500e-09 -4.14589960e-01 
 4.90137500e-09 -4.14589960e-01 
 4.90237500e-09 -4.14589960e-01 
 4.90337500e-09 -4.14589960e-01 
 4.90437500e-09 -4.14589960e-01 
 4.90537500e-09 -4.14589960e-01 
 4.90637500e-09 -4.14589960e-01 
 4.90737500e-09 -4.14589960e-01 
 4.90837500e-09 -4.14589960e-01 
 4.90937500e-09 -4.14589960e-01 
 4.91037500e-09 -4.14589960e-01 
 4.91137500e-09 -4.14589960e-01 
 4.91237500e-09 -4.14589960e-01 
 4.91337500e-09 -4.14589960e-01 
 4.91437500e-09 -4.14589960e-01 
 4.91537500e-09 -4.14589960e-01 
 4.91637500e-09 -4.14589960e-01 
 4.91737500e-09 -4.14589960e-01 
 4.91837500e-09 -4.14589960e-01 
 4.91937500e-09 -4.14589960e-01 
 4.92037500e-09 -4.14589960e-01 
 4.92137500e-09 -4.14589960e-01 
 4.92237500e-09 -4.14589960e-01 
 4.92337500e-09 -4.14589960e-01 
 4.92437500e-09 -4.14589960e-01 
 4.92537500e-09 -4.14589960e-01 
 4.92637500e-09 -4.14589960e-01 
 4.92737500e-09 -4.14589960e-01 
 4.92837500e-09 -4.14589960e-01 
 4.92937500e-09 -4.14589960e-01 
 4.93037500e-09 -4.14589960e-01 
 4.93137500e-09 -4.14589960e-01 
 4.93237500e-09 -4.14589960e-01 
 4.93337500e-09 -4.14589960e-01 
 4.93437500e-09 -4.14589960e-01 
 4.93537500e-09 -4.14589960e-01 
 4.93637500e-09 -4.14589960e-01 
 4.93737500e-09 -4.14589960e-01 
 4.93837500e-09 -4.14589960e-01 
 4.93937500e-09 -4.14589960e-01 
 4.94037500e-09 -4.14589960e-01 
 4.94137500e-09 -4.14589960e-01 
 4.94237500e-09 -4.14589960e-01 
 4.94337500e-09 -4.14589960e-01 
 4.94437500e-09 -4.14589960e-01 
 4.94537500e-09 -4.14589960e-01 
 4.94637500e-09 -4.14589960e-01 
 4.94737500e-09 -4.14589960e-01 
 4.94837500e-09 -4.14589960e-01 
 4.94937500e-09 -4.14589960e-01 
 4.95037500e-09 -4.14589960e-01 
 4.95137500e-09 -4.14589960e-01 
 4.95237500e-09 -4.14589960e-01 
 4.95337500e-09 -4.14589960e-01 
 4.95437500e-09 -4.14589960e-01 
 4.95537500e-09 -4.14589960e-01 
 4.95637500e-09 -4.14589960e-01 
 4.95737500e-09 -4.14589960e-01 
 4.95837500e-09 -4.14589960e-01 
 4.95937500e-09 -4.14589960e-01 
 4.96037500e-09 -4.14589960e-01 
 4.96137500e-09 -4.14589960e-01 
 4.96237500e-09 -4.14589960e-01 
 4.96337500e-09 -4.14589960e-01 
 4.96437500e-09 -4.14589960e-01 
 4.96537500e-09 -4.14589960e-01 
 4.96637500e-09 -4.14589960e-01 
 4.96737500e-09 -4.14589960e-01 
 4.96837500e-09 -4.14589960e-01 
 4.96937500e-09 -4.14589960e-01 
 4.97037500e-09 -4.14589960e-01 
 4.97137500e-09 -4.14589960e-01 
 4.97237500e-09 -4.14589960e-01 
 4.97337500e-09 -4.14589960e-01 
 4.97437500e-09 -4.14589960e-01 
 4.97537500e-09 -4.14589960e-01 
 4.97637500e-09 -4.14589960e-01 
 4.97737500e-09 -4.14589960e-01 
 4.97837500e-09 -4.14589960e-01 
 4.97937500e-09 -4.14589960e-01 
 4.98037500e-09 -4.14589960e-01 
 4.98137500e-09 -4.14589960e-01 
 4.98237500e-09 -4.14589960e-01 
 4.98337500e-09 -4.14589960e-01 
 4.98437500e-09 -4.14589960e-01 
 4.98537500e-09 -4.14589960e-01 
 4.98637500e-09 -4.14589960e-01 
 4.98737500e-09 -4.14589960e-01 
 4.98837500e-09 -4.14589960e-01 
 4.98937500e-09 -4.14589960e-01 
 4.99037500e-09 -4.14589960e-01 
 4.99137500e-09 -4.14589960e-01 
 4.99237500e-09 -4.14589960e-01 
 4.99337500e-09 -4.14589960e-01 
 4.99437500e-09 -4.14589960e-01 
 4.99537500e-09 -4.14589960e-01 
 4.99637500e-09 -4.14589960e-01 
 4.99737500e-09 -4.14589960e-01 
 4.99837500e-09 -4.14589960e-01 
 4.99937500e-09 -4.14589960e-01 
 5.00037500e-09 -4.14589960e-01 
 5.00137500e-09 -4.14589960e-01 
 5.00237500e-09 -4.14589960e-01 
 5.00337500e-09 -4.14589960e-01 
 5.00437500e-09 -4.14589960e-01 
 5.00537500e-09 -4.14589960e-01 
 5.00637500e-09 -4.14589960e-01 
 5.00737500e-09 -4.14589960e-01 
 5.00837500e-09 -4.14589960e-01 
 5.00937500e-09 -4.14589960e-01 
 5.01037500e-09 -4.14589960e-01 
 5.01137500e-09 -4.14589960e-01 
 5.01237500e-09 -4.14589960e-01 
 5.01337500e-09 -4.14589960e-01 
 5.01437500e-09 -4.14589960e-01 
 5.01537500e-09 -4.14589960e-01 
 5.01637500e-09 -4.14589960e-01 
 5.01737500e-09 -4.14589960e-01 
 5.01837500e-09 -4.14589960e-01 
 5.01937500e-09 -4.14589960e-01 
 5.02037500e-09 -4.14589960e-01 
 5.02137500e-09 -4.14589960e-01 
 5.02237500e-09 -4.14589960e-01 
 5.02337500e-09 -4.14589960e-01 
 5.02437500e-09 -4.14589960e-01 
 5.02537500e-09 -4.14589960e-01 
 5.02637500e-09 -4.14589960e-01 
 5.02737500e-09 -4.14589960e-01 
 5.02837500e-09 -4.14589960e-01 
 5.02937500e-09 -4.14589960e-01 
 5.03037500e-09 -4.14589960e-01 
 5.03137500e-09 -4.14589960e-01 
 5.03237500e-09 -4.14589960e-01 
 5.03337500e-09 -4.14589960e-01 
 5.03437500e-09 -4.14589960e-01 
 5.03537500e-09 -4.14589960e-01 
 5.03637500e-09 -4.14589960e-01 
 5.03737500e-09 -4.14589960e-01 
 5.03837500e-09 -4.14589960e-01 
 5.03937500e-09 -4.14589960e-01 
 5.04037500e-09 -4.14589960e-01 
 5.04137500e-09 -4.14589960e-01 
 5.04237500e-09 -4.14589960e-01 
 5.04337500e-09 -4.14589960e-01 
 5.04437500e-09 -4.14589960e-01 
 5.04537500e-09 -4.14589960e-01 
 5.04637500e-09 -4.14589960e-01 
 5.04737500e-09 -4.14589960e-01 
 5.04837500e-09 -4.14589960e-01 
 5.04937500e-09 -4.14589960e-01 
 5.05037500e-09 -4.14589960e-01 
 5.05137500e-09 -4.14589960e-01 
 5.05237500e-09 -4.14589960e-01 
 5.05337500e-09 -4.14589960e-01 
 5.05437500e-09 -4.14589960e-01 
 5.05537500e-09 -4.14589960e-01 
 5.05637500e-09 -4.14589960e-01 
 5.05737500e-09 -4.14589960e-01 
 5.05837500e-09 -4.14589960e-01 
 5.05937500e-09 -4.14589960e-01 
 5.06037500e-09 -4.14589960e-01 
 5.06137500e-09 -4.14589960e-01 
 5.06237500e-09 -4.14589960e-01 
 5.06337500e-09 -4.14589960e-01 
 5.06437500e-09 -4.14589960e-01 
 5.06537500e-09 -4.14589960e-01 
 5.06637500e-09 -4.14589960e-01 
 5.06737500e-09 -4.14589960e-01 
 5.06837500e-09 -4.14589960e-01 
 5.06937500e-09 -4.14589960e-01 
 5.07037500e-09 -4.14589960e-01 
 5.07137500e-09 -4.14589960e-01 
 5.07237500e-09 -4.14589960e-01 
 5.07337500e-09 -4.14589960e-01 
 5.07437500e-09 -4.14589960e-01 
 5.07537500e-09 -4.14589960e-01 
 5.07637500e-09 -4.14589960e-01 
 5.07737500e-09 -4.14589960e-01 
 5.07837500e-09 -4.14589960e-01 
 5.07937500e-09 -4.14589960e-01 
 5.08037500e-09 -4.14589960e-01 
 5.08137500e-09 -4.14589960e-01 
 5.08237500e-09 -4.14589960e-01 
 5.08337500e-09 -4.14589960e-01 
 5.08437500e-09 -4.14589960e-01 
 5.08537500e-09 -4.14589960e-01 
 5.08637500e-09 -4.14589960e-01 
 5.08737500e-09 -4.14589960e-01 
 5.08837500e-09 -4.14589960e-01 
 5.08937500e-09 -4.14589960e-01 
 5.09037500e-09 -4.14589960e-01 
 5.09137500e-09 -4.14589960e-01 
 5.09237500e-09 -4.14589960e-01 
 5.09337500e-09 -4.14589960e-01 
 5.09437500e-09 -4.14589960e-01 
 5.09537500e-09 -4.14589960e-01 
 5.09637500e-09 -4.14589960e-01 
 5.09737500e-09 -4.14589960e-01 
 5.09837500e-09 -4.14589960e-01 
 5.09937500e-09 -4.14589960e-01 
 5.10037500e-09 -4.14589960e-01 
 5.10137500e-09 -4.14589960e-01 
 5.10237500e-09 -4.14589960e-01 
 5.10337500e-09 -4.14589960e-01 
 5.10437500e-09 -4.14589960e-01 
 5.10537500e-09 -4.14589960e-01 
 5.10637500e-09 -4.14589960e-01 
 5.10737500e-09 -4.14589960e-01 
 5.10837500e-09 -4.14589960e-01 
 5.10937500e-09 -4.14589960e-01 
 5.11037500e-09 -4.14589960e-01 
 5.11137500e-09 -4.14589960e-01 
 5.11237500e-09 -4.14589960e-01 
 5.11337500e-09 -4.14589960e-01 
 5.11437500e-09 -4.14589960e-01 
 5.11537500e-09 -4.14589960e-01 
 5.11637500e-09 -4.14589960e-01 
 5.11737500e-09 -4.14589960e-01 
 5.11837500e-09 -4.14589960e-01 
 5.11937500e-09 -4.14589960e-01 
 5.12037500e-09 -4.14589960e-01 
 5.12137500e-09 -4.14589960e-01 
 5.12237500e-09 -4.14589960e-01 
 5.12337500e-09 -4.14589960e-01 
 5.12437500e-09 -4.14589960e-01 
 5.12537500e-09 -4.14589960e-01 
 5.12637500e-09 -4.14589960e-01 
 5.12737500e-09 -4.14589960e-01 
 5.12837500e-09 -4.14589960e-01 
 5.12937500e-09 -4.14589960e-01 
 5.13037500e-09 -4.14589960e-01 
 5.13137500e-09 -4.14589960e-01 
 5.13237500e-09 -4.14589960e-01 
 5.13337500e-09 -4.14589960e-01 
 5.13437500e-09 -4.14589960e-01 
 5.13537500e-09 -4.14589960e-01 
 5.13637500e-09 -4.14589960e-01 
 5.13737500e-09 -4.14589960e-01 
 5.13837500e-09 -4.14589960e-01 
 5.13937500e-09 -4.14589960e-01 
 5.14037500e-09 -4.14589960e-01 
 5.14137500e-09 -4.14589960e-01 
 5.14237500e-09 -4.14589960e-01 
 5.14337500e-09 -4.14589960e-01 
 5.14437500e-09 -4.14589960e-01 
 5.14537500e-09 -4.14589960e-01 
 5.14637500e-09 -4.14589960e-01 
 5.14737500e-09 -4.14589960e-01 
 5.14837500e-09 -4.14589960e-01 
 5.14937500e-09 -4.14589960e-01 
 5.15037500e-09 -4.14589960e-01 
 5.15137500e-09 -4.14589960e-01 
 5.15237500e-09 -4.14589960e-01 
 5.15337500e-09 -4.14589960e-01 
 5.15437500e-09 -4.14589960e-01 
 5.15537500e-09 -4.14589960e-01 
 5.15637500e-09 -4.14589960e-01 
 5.15737500e-09 -4.14589960e-01 
 5.15837500e-09 -4.14589960e-01 
 5.15937500e-09 -4.14589960e-01 
 5.16037500e-09 -4.14589960e-01 
 5.16137500e-09 -4.14589960e-01 
 5.16237500e-09 -4.14589960e-01 
 5.16337500e-09 -4.14589960e-01 
 5.16437500e-09 -4.14589960e-01 
 5.16537500e-09 -4.14589960e-01 
 5.16637500e-09 -4.14589960e-01 
 5.16737500e-09 -4.14589960e-01 
 5.16837500e-09 -4.14589960e-01 
 5.16937500e-09 -4.14589960e-01 
 5.17037500e-09 -4.14589960e-01 
 5.17137500e-09 -4.14589960e-01 
 5.17237500e-09 -4.14589960e-01 
 5.17337500e-09 -4.14589960e-01 
 5.17437500e-09 -4.14589960e-01 
 5.17537500e-09 -4.14589960e-01 
 5.17637500e-09 -4.14589960e-01 
 5.17737500e-09 -4.14589960e-01 
 5.17837500e-09 -4.14589960e-01 
 5.17937500e-09 -4.14589960e-01 
 5.18037500e-09 -4.14589960e-01 
 5.18137500e-09 -4.14589960e-01 
 5.18237500e-09 -4.14589960e-01 
 5.18337500e-09 -4.14589960e-01 
 5.18437500e-09 -4.14589960e-01 
 5.18537500e-09 -4.14589960e-01 
 5.18637500e-09 -4.14589960e-01 
 5.18737500e-09 -4.14589960e-01 
 5.18837500e-09 -4.14589960e-01 
 5.18937500e-09 -4.14589960e-01 
 5.19037500e-09 -4.14589960e-01 
 5.19137500e-09 -4.14589960e-01 
 5.19237500e-09 -4.14589960e-01 
 5.19337500e-09 -4.14589960e-01 
 5.19437500e-09 -4.14589960e-01 
 5.19537500e-09 -4.14589960e-01 
 5.19637500e-09 -4.14589960e-01 
 5.19737500e-09 -4.14589960e-01 
 5.19837500e-09 -4.14589960e-01 
 5.19937500e-09 -4.14589960e-01 
 5.20037500e-09 -4.14589960e-01 
 5.20137500e-09 -4.14589960e-01 
 5.20237500e-09 -4.14589960e-01 
 5.20337500e-09 -4.14589960e-01 
 5.20437500e-09 -4.14589960e-01 
 5.20537500e-09 -4.14589960e-01 
 5.20637500e-09 -4.14589960e-01 
 5.20737500e-09 -4.14589960e-01 
 5.20837500e-09 -4.14589960e-01 
 5.20937500e-09 -4.14589960e-01 
 5.21037500e-09 -4.14589960e-01 
 5.21137500e-09 -4.14589960e-01 
 5.21237500e-09 -4.14589960e-01 
 5.21337500e-09 -4.14589960e-01 
 5.21437500e-09 -4.14589960e-01 
 5.21537500e-09 -4.14589960e-01 
 5.21637500e-09 -4.14589960e-01 
 5.21737500e-09 -4.14589960e-01 
 5.21837500e-09 -4.14589960e-01 
 5.21937500e-09 -4.14589960e-01 
 5.22037500e-09 -4.14589960e-01 
 5.22137500e-09 -4.14589960e-01 
 5.22237500e-09 -4.14589960e-01 
 5.22337500e-09 -4.14589960e-01 
 5.22437500e-09 -4.14589960e-01 
 5.22537500e-09 -4.14589960e-01 
 5.22637500e-09 -4.14589960e-01 
 5.22737500e-09 -4.14589960e-01 
 5.22837500e-09 -4.14589960e-01 
 5.22937500e-09 -4.14589960e-01 
 5.23037500e-09 -4.14589960e-01 
 5.23137500e-09 -4.14589960e-01 
 5.23237500e-09 -4.14589960e-01 
 5.23337500e-09 -4.14589960e-01 
 5.23437500e-09 -4.14589960e-01 
 5.23537500e-09 -4.14589960e-01 
 5.23637500e-09 -4.14589960e-01 
 5.23737500e-09 -4.14589960e-01 
 5.23837500e-09 -4.14589960e-01 
 5.23937500e-09 -4.14589960e-01 
 5.24037500e-09 -4.14589960e-01 
 5.24137500e-09 -4.14589960e-01 
 5.24237500e-09 -4.14589960e-01 
 5.24337500e-09 -4.14589960e-01 
 5.24437500e-09 -4.14589960e-01 
 5.24537500e-09 -4.14589960e-01 
 5.24637500e-09 -4.14589960e-01 
 5.24737500e-09 -4.14589960e-01 
 5.24837500e-09 -4.14589960e-01 
 5.24937500e-09 -4.14589960e-01 
 5.25037500e-09 -4.14589960e-01 
 5.25137500e-09 -4.14589960e-01 
 5.25237500e-09 -4.14589960e-01 
 5.25337500e-09 -4.14589960e-01 
 5.25437500e-09 -4.14589960e-01 
 5.25537500e-09 -4.14589960e-01 
 5.25637500e-09 -4.14589960e-01 
 5.25737500e-09 -4.14589960e-01 
 5.25837500e-09 -4.14589960e-01 
 5.25937500e-09 -4.14589960e-01 
 5.26037500e-09 -4.14589960e-01 
 5.26137500e-09 -4.14589960e-01 
 5.26237500e-09 -4.14589960e-01 
 5.26337500e-09 -4.14589960e-01 
 5.26437500e-09 -4.14589960e-01 
 5.26537500e-09 -4.14589960e-01 
 5.26637500e-09 -4.14589960e-01 
 5.26737500e-09 -4.14589960e-01 
 5.26837500e-09 -4.14589960e-01 
 5.26937500e-09 -4.14589960e-01 
 5.27037500e-09 -4.14589960e-01 
 5.27137500e-09 -4.14589960e-01 
 5.27237500e-09 -4.14589960e-01 
 5.27337500e-09 -4.14589960e-01 
 5.27437500e-09 -4.14589960e-01 
 5.27537500e-09 -4.14589960e-01 
 5.27637500e-09 -4.14589960e-01 
 5.27737500e-09 -4.14589960e-01 
 5.27837500e-09 -4.14589960e-01 
 5.27937500e-09 -4.14589960e-01 
 5.28037500e-09 -4.14589960e-01 
 5.28137500e-09 -4.14589960e-01 
 5.28237500e-09 -4.14589960e-01 
 5.28337500e-09 -4.14589960e-01 
 5.28437500e-09 -4.14589960e-01 
 5.28537500e-09 -4.14589960e-01 
 5.28637500e-09 -4.14589960e-01 
 5.28650000e-09 -4.14589960e-01 
 5.28675000e-09 -4.14589960e-01 
 5.28725000e-09 -4.14589960e-01 
 5.28825000e-09 -4.14589960e-01 
 5.28925000e-09 -4.14589960e-01 
 5.29025000e-09 -4.14589960e-01 
 5.29125000e-09 -4.14589960e-01 
 5.29225000e-09 -4.14589960e-01 
 5.29325000e-09 -4.14589960e-01 
 5.29425000e-09 -4.14589960e-01 
 5.29525000e-09 -4.14589960e-01 
 5.29625000e-09 -4.14589960e-01 
 5.29725000e-09 -4.14589960e-01 
 5.29825000e-09 -4.14589960e-01 
 5.29925000e-09 -4.14589960e-01 
 5.30025000e-09 -4.14589960e-01 
 5.30125000e-09 -4.14589960e-01 
 5.30225000e-09 -4.14589960e-01 
 5.30325000e-09 -4.14589960e-01 
 5.30425000e-09 -4.14589960e-01 
 5.30525000e-09 -4.14589960e-01 
 5.30625000e-09 -4.14589960e-01 
 5.30725000e-09 -4.14589960e-01 
 5.30825000e-09 -4.14589960e-01 
 5.30925000e-09 -4.14589960e-01 
 5.31025000e-09 -4.14589960e-01 
 5.31125000e-09 -4.14589960e-01 
 5.31225000e-09 -4.14589960e-01 
 5.31325000e-09 -4.14589960e-01 
 5.31425000e-09 -4.14589960e-01 
 5.31525000e-09 -4.14589960e-01 
 5.31625000e-09 -4.14589960e-01 
 5.31725000e-09 -4.14589960e-01 
 5.31825000e-09 -4.14589960e-01 
 5.31925000e-09 -4.14589960e-01 
 5.32025000e-09 -4.14589960e-01 
 5.32125000e-09 -4.14589960e-01 
 5.32225000e-09 -4.14589960e-01 
 5.32325000e-09 -4.14589960e-01 
 5.32425000e-09 -4.14589960e-01 
 5.32525000e-09 -4.14589960e-01 
 5.32625000e-09 -4.14589960e-01 
 5.32725000e-09 -4.14589960e-01 
 5.32825000e-09 -4.14589960e-01 
 5.32925000e-09 -4.14589960e-01 
 5.33025000e-09 -4.14589960e-01 
 5.33125000e-09 -4.14589960e-01 
 5.33225000e-09 -4.14589960e-01 
 5.33325000e-09 -4.14589960e-01 
 5.33425000e-09 -4.14589960e-01 
 5.33525000e-09 -4.14589960e-01 
 5.33625000e-09 -4.14589960e-01 
 5.33725000e-09 -4.14589960e-01 
 5.33825000e-09 -4.14589960e-01 
 5.33925000e-09 -4.14589960e-01 
 5.34025000e-09 -4.14589960e-01 
 5.34125000e-09 -4.14589960e-01 
 5.34225000e-09 -4.14589960e-01 
 5.34325000e-09 -4.14589960e-01 
 5.34425000e-09 -4.14589960e-01 
 5.34525000e-09 -4.14589960e-01 
 5.34625000e-09 -4.14589960e-01 
 5.34725000e-09 -4.14589960e-01 
 5.34825000e-09 -4.14589960e-01 
 5.34925000e-09 -4.14589960e-01 
 5.35025000e-09 -4.14589960e-01 
 5.35125000e-09 -4.14589960e-01 
 5.35225000e-09 -4.14589960e-01 
 5.35325000e-09 -4.14589960e-01 
 5.35425000e-09 -4.14589960e-01 
 5.35525000e-09 -4.14589960e-01 
 5.35625000e-09 -4.14589960e-01 
 5.35725000e-09 -4.14589960e-01 
 5.35825000e-09 -4.14589960e-01 
 5.35925000e-09 -4.14589960e-01 
 5.36025000e-09 -4.14589960e-01 
 5.36125000e-09 -4.14589960e-01 
 5.36225000e-09 -4.14589960e-01 
 5.36325000e-09 -4.14589960e-01 
 5.36425000e-09 -4.14589960e-01 
 5.36525000e-09 -4.14589960e-01 
 5.36625000e-09 -4.14589960e-01 
 5.36725000e-09 -4.14589960e-01 
 5.36825000e-09 -4.14589960e-01 
 5.36925000e-09 -4.14589960e-01 
 5.37025000e-09 -4.14589960e-01 
 5.37125000e-09 -4.14589960e-01 
 5.37225000e-09 -4.14589960e-01 
 5.37325000e-09 -4.14589960e-01 
 5.37425000e-09 -4.14589960e-01 
 5.37525000e-09 -4.14589960e-01 
 5.37625000e-09 -4.14589960e-01 
 5.37725000e-09 -4.14589960e-01 
 5.37825000e-09 -4.14589960e-01 
 5.37925000e-09 -4.14589960e-01 
 5.38025000e-09 -4.14589960e-01 
 5.38125000e-09 -4.14589960e-01 
 5.38225000e-09 -4.14589960e-01 
 5.38325000e-09 -4.14589960e-01 
 5.38425000e-09 -4.14589960e-01 
 5.38525000e-09 -4.14589960e-01 
 5.38625000e-09 -4.14589960e-01 
 5.38725000e-09 -4.14589960e-01 
 5.38825000e-09 -4.14589960e-01 
 5.38925000e-09 -4.14589960e-01 
 5.39025000e-09 -4.14589960e-01 
 5.39125000e-09 -4.14589960e-01 
 5.39225000e-09 -4.14589960e-01 
 5.39325000e-09 -4.14589960e-01 
 5.39425000e-09 -4.14589960e-01 
 5.39525000e-09 -4.14589960e-01 
 5.39625000e-09 -4.14589960e-01 
 5.39725000e-09 -4.14589960e-01 
 5.39825000e-09 -4.14589960e-01 
 5.39925000e-09 -4.14589960e-01 
 5.40025000e-09 -4.14589960e-01 
 5.40125000e-09 -4.14589960e-01 
 5.40225000e-09 -4.14589960e-01 
 5.40325000e-09 -4.14589960e-01 
 5.40425000e-09 -4.14589960e-01 
 5.40525000e-09 -4.14589960e-01 
 5.40625000e-09 -4.14589960e-01 
 5.40725000e-09 -4.14589960e-01 
 5.40825000e-09 -4.14589960e-01 
 5.40925000e-09 -4.14589960e-01 
 5.41025000e-09 -4.14589960e-01 
 5.41125000e-09 -4.14589960e-01 
 5.41225000e-09 -4.14589960e-01 
 5.41325000e-09 -4.14589960e-01 
 5.41425000e-09 -4.14589960e-01 
 5.41525000e-09 -4.14589960e-01 
 5.41625000e-09 -4.14589960e-01 
 5.41725000e-09 -4.14589960e-01 
 5.41825000e-09 -4.14589960e-01 
 5.41925000e-09 -4.14589960e-01 
 5.42025000e-09 -4.14589960e-01 
 5.42125000e-09 -4.14589960e-01 
 5.42225000e-09 -4.14589959e-01 
 5.42325000e-09 -4.14589959e-01 
 5.42425000e-09 -4.14589959e-01 
 5.42525000e-09 -4.14589959e-01 
 5.42625000e-09 -4.14589959e-01 
 5.42725000e-09 -4.14589959e-01 
 5.42825000e-09 -4.14589959e-01 
 5.42925000e-09 -4.14589959e-01 
 5.43025000e-09 -4.14589959e-01 
 5.43125000e-09 -4.14589959e-01 
 5.43225000e-09 -4.14589959e-01 
 5.43325000e-09 -4.14589959e-01 
 5.43425000e-09 -4.14589959e-01 
 5.43525000e-09 -4.14589959e-01 
 5.43625000e-09 -4.14589959e-01 
 5.43725000e-09 -4.14589959e-01 
 5.43825000e-09 -4.14589959e-01 
 5.43925000e-09 -4.14589959e-01 
 5.44025000e-09 -4.14589959e-01 
 5.44125000e-09 -4.14589959e-01 
 5.44225000e-09 -4.14589959e-01 
 5.44325000e-09 -4.14589959e-01 
 5.44425000e-09 -4.14589959e-01 
 5.44525000e-09 -4.14589959e-01 
 5.44625000e-09 -4.14589959e-01 
 5.44725000e-09 -4.14589959e-01 
 5.44825000e-09 -4.14589959e-01 
 5.44925000e-09 -4.14589959e-01 
 5.45025000e-09 -4.14589959e-01 
 5.45125000e-09 -4.14589959e-01 
 5.45225000e-09 -4.14589959e-01 
 5.45325000e-09 -4.14589959e-01 
 5.45425000e-09 -4.14589959e-01 
 5.45525000e-09 -4.14589959e-01 
 5.45625000e-09 -4.14589959e-01 
 5.45725000e-09 -4.14589959e-01 
 5.45825000e-09 -4.14589959e-01 
 5.45925000e-09 -4.14589959e-01 
 5.46025000e-09 -4.14589959e-01 
 5.46125000e-09 -4.14589959e-01 
 5.46225000e-09 -4.14589959e-01 
 5.46325000e-09 -4.14589959e-01 
 5.46425000e-09 -4.14589959e-01 
 5.46525000e-09 -4.14589959e-01 
 5.46625000e-09 -4.14589959e-01 
 5.46725000e-09 -4.14589959e-01 
 5.46825000e-09 -4.14589959e-01 
 5.46925000e-09 -4.14589959e-01 
 5.47025000e-09 -4.14589959e-01 
 5.47125000e-09 -4.14589959e-01 
 5.47225000e-09 -4.14589959e-01 
 5.47325000e-09 -4.14589959e-01 
 5.47425000e-09 -4.14589959e-01 
 5.47525000e-09 -4.14589959e-01 
 5.47625000e-09 -4.14589959e-01 
 5.47725000e-09 -4.14589959e-01 
 5.47825000e-09 -4.14589959e-01 
 5.47925000e-09 -4.14589959e-01 
 5.48025000e-09 -4.14589959e-01 
 5.48125000e-09 -4.14589959e-01 
 5.48225000e-09 -4.14589959e-01 
 5.48325000e-09 -4.14589959e-01 
 5.48425000e-09 -4.14589959e-01 
 5.48525000e-09 -4.14589959e-01 
 5.48625000e-09 -4.14589959e-01 
 5.48725000e-09 -4.14589959e-01 
 5.48825000e-09 -4.14589959e-01 
 5.48925000e-09 -4.14589959e-01 
 5.49025000e-09 -4.14589959e-01 
 5.49125000e-09 -4.14589959e-01 
 5.49225000e-09 -4.14589959e-01 
 5.49325000e-09 -4.14589959e-01 
 5.49425000e-09 -4.14589959e-01 
 5.49525000e-09 -4.14589959e-01 
 5.49625000e-09 -4.14589959e-01 
 5.49725000e-09 -4.14589959e-01 
 5.49825000e-09 -4.14589959e-01 
 5.49925000e-09 -4.14589959e-01 
 5.50025000e-09 -4.14589959e-01 
 5.50125000e-09 -4.14589959e-01 
 5.50225000e-09 -4.14589959e-01 
 5.50325000e-09 -4.14589959e-01 
 5.50425000e-09 -4.14589959e-01 
 5.50525000e-09 -4.14589959e-01 
 5.50625000e-09 -4.14589959e-01 
 5.50725000e-09 -4.14589959e-01 
 5.50825000e-09 -4.14589959e-01 
 5.50925000e-09 -4.14589959e-01 
 5.51025000e-09 -4.14589959e-01 
 5.51125000e-09 -4.14589959e-01 
 5.51225000e-09 -4.14589959e-01 
 5.51325000e-09 -4.14589959e-01 
 5.51425000e-09 -4.14589959e-01 
 5.51525000e-09 -4.14589959e-01 
 5.51625000e-09 -4.14589959e-01 
 5.51725000e-09 -4.14589959e-01 
 5.51825000e-09 -4.14589959e-01 
 5.51925000e-09 -4.14589959e-01 
 5.52025000e-09 -4.14589959e-01 
 5.52125000e-09 -4.14589959e-01 
 5.52225000e-09 -4.14589959e-01 
 5.52325000e-09 -4.14589959e-01 
 5.52425000e-09 -4.14589959e-01 
 5.52525000e-09 -4.14589959e-01 
 5.52625000e-09 -4.14589959e-01 
 5.52725000e-09 -4.14589959e-01 
 5.52825000e-09 -4.14589959e-01 
 5.52925000e-09 -4.14589959e-01 
 5.53025000e-09 -4.14589959e-01 
 5.53125000e-09 -4.14589959e-01 
 5.53225000e-09 -4.14589959e-01 
 5.53325000e-09 -4.14589959e-01 
 5.53425000e-09 -4.14589959e-01 
 5.53525000e-09 -4.14589959e-01 
 5.53625000e-09 -4.14589959e-01 
 5.53725000e-09 -4.14589959e-01 
 5.53825000e-09 -4.14589959e-01 
 5.53925000e-09 -4.14589959e-01 
 5.54025000e-09 -4.14589959e-01 
 5.54125000e-09 -4.14589959e-01 
 5.54225000e-09 -4.14589959e-01 
 5.54325000e-09 -4.14589959e-01 
 5.54425000e-09 -4.14589959e-01 
 5.54525000e-09 -4.14589959e-01 
 5.54625000e-09 -4.14589959e-01 
 5.54725000e-09 -4.14589959e-01 
 5.54825000e-09 -4.14589959e-01 
 5.54925000e-09 -4.14589959e-01 
 5.55025000e-09 -4.14589959e-01 
 5.55125000e-09 -4.14589959e-01 
 5.55225000e-09 -4.14589959e-01 
 5.55325000e-09 -4.14589959e-01 
 5.55425000e-09 -4.14589959e-01 
 5.55525000e-09 -4.14589959e-01 
 5.55625000e-09 -4.14589959e-01 
 5.55725000e-09 -4.14589959e-01 
 5.55825000e-09 -4.14589959e-01 
 5.55925000e-09 -4.14589959e-01 
 5.56025000e-09 -4.14589959e-01 
 5.56125000e-09 -4.14589959e-01 
 5.56225000e-09 -4.14589959e-01 
 5.56325000e-09 -4.14589959e-01 
 5.56425000e-09 -4.14589959e-01 
 5.56525000e-09 -4.14589959e-01 
 5.56625000e-09 -4.14589959e-01 
 5.56725000e-09 -4.14589959e-01 
 5.56825000e-09 -4.14589959e-01 
 5.56925000e-09 -4.14589959e-01 
 5.57025000e-09 -4.14589959e-01 
 5.57125000e-09 -4.14589959e-01 
 5.57225000e-09 -4.14589959e-01 
 5.57325000e-09 -4.14589959e-01 
 5.57425000e-09 -4.14589959e-01 
 5.57525000e-09 -4.14589959e-01 
 5.57625000e-09 -4.14589959e-01 
 5.57725000e-09 -4.14589959e-01 
 5.57825000e-09 -4.14589959e-01 
 5.57925000e-09 -4.14589959e-01 
 5.58025000e-09 -4.14589959e-01 
 5.58125000e-09 -4.14589959e-01 
 5.58225000e-09 -4.14589959e-01 
 5.58325000e-09 -4.14589959e-01 
 5.58425000e-09 -4.14589959e-01 
 5.58525000e-09 -4.14589959e-01 
 5.58625000e-09 -4.14589959e-01 
 5.58725000e-09 -4.14589959e-01 
 5.58825000e-09 -4.14589959e-01 
 5.58925000e-09 -4.14589959e-01 
 5.59025000e-09 -4.14589959e-01 
 5.59125000e-09 -4.14589959e-01 
 5.59225000e-09 -4.14589959e-01 
 5.59325000e-09 -4.14589959e-01 
 5.59425000e-09 -4.14589959e-01 
 5.59525000e-09 -4.14589959e-01 
 5.59625000e-09 -4.14589959e-01 
 5.59725000e-09 -4.14589959e-01 
 5.59825000e-09 -4.14589959e-01 
 5.59925000e-09 -4.14589959e-01 
 5.60025000e-09 -4.14589959e-01 
 5.60125000e-09 -4.14589959e-01 
 5.60225000e-09 -4.14589959e-01 
 5.60325000e-09 -4.14589959e-01 
 5.60425000e-09 -4.14589959e-01 
 5.60525000e-09 -4.14589959e-01 
 5.60625000e-09 -4.14589959e-01 
 5.60725000e-09 -4.14589959e-01 
 5.60825000e-09 -4.14589959e-01 
 5.60925000e-09 -4.14589959e-01 
 5.61025000e-09 -4.14589959e-01 
 5.61125000e-09 -4.14589959e-01 
 5.61225000e-09 -4.14589959e-01 
 5.61325000e-09 -4.14589959e-01 
 5.61425000e-09 -4.14589959e-01 
 5.61525000e-09 -4.14589959e-01 
 5.61625000e-09 -4.14589959e-01 
 5.61725000e-09 -4.14589959e-01 
 5.61825000e-09 -4.14589959e-01 
 5.61925000e-09 -4.14589959e-01 
 5.62025000e-09 -4.14589959e-01 
 5.62125000e-09 -4.14589959e-01 
 5.62225000e-09 -4.14589959e-01 
 5.62325000e-09 -4.14589959e-01 
 5.62425000e-09 -4.14589959e-01 
 5.62525000e-09 -4.14589959e-01 
 5.62625000e-09 -4.14589959e-01 
 5.62725000e-09 -4.14589959e-01 
 5.62825000e-09 -4.14589959e-01 
 5.62925000e-09 -4.14589959e-01 
 5.63025000e-09 -4.14589959e-01 
 5.63125000e-09 -4.14589959e-01 
 5.63225000e-09 -4.14589959e-01 
 5.63325000e-09 -4.14589959e-01 
 5.63425000e-09 -4.14589959e-01 
 5.63525000e-09 -4.14589959e-01 
 5.63625000e-09 -4.14589959e-01 
 5.63725000e-09 -4.14589959e-01 
 5.63825000e-09 -4.14589959e-01 
 5.63925000e-09 -4.14589959e-01 
 5.64025000e-09 -4.14589959e-01 
 5.64125000e-09 -4.14589959e-01 
 5.64225000e-09 -4.14589959e-01 
 5.64325000e-09 -4.14589959e-01 
 5.64425000e-09 -4.14589959e-01 
 5.64525000e-09 -4.14589959e-01 
 5.64625000e-09 -4.14589959e-01 
 5.64725000e-09 -4.14589959e-01 
 5.64825000e-09 -4.14589959e-01 
 5.64925000e-09 -4.14589959e-01 
 5.65025000e-09 -4.14589959e-01 
 5.65125000e-09 -4.14589959e-01 
 5.65225000e-09 -4.14589959e-01 
 5.65325000e-09 -4.14589959e-01 
 5.65425000e-09 -4.14589959e-01 
 5.65525000e-09 -4.14589959e-01 
 5.65625000e-09 -4.14589959e-01 
 5.65725000e-09 -4.14589959e-01 
 5.65825000e-09 -4.14589959e-01 
 5.65925000e-09 -4.14589959e-01 
 5.66025000e-09 -4.14589959e-01 
 5.66125000e-09 -4.14589959e-01 
 5.66225000e-09 -4.14589959e-01 
 5.66325000e-09 -4.14589959e-01 
 5.66425000e-09 -4.14589959e-01 
 5.66525000e-09 -4.14589959e-01 
 5.66625000e-09 -4.14589959e-01 
 5.66725000e-09 -4.14589959e-01 
 5.66825000e-09 -4.14589959e-01 
 5.66925000e-09 -4.14589959e-01 
 5.67025000e-09 -4.14589959e-01 
 5.67125000e-09 -4.14589959e-01 
 5.67225000e-09 -4.14589959e-01 
 5.67325000e-09 -4.14589959e-01 
 5.67425000e-09 -4.14589959e-01 
 5.67525000e-09 -4.14589959e-01 
 5.67625000e-09 -4.14589959e-01 
 5.67725000e-09 -4.14589959e-01 
 5.67825000e-09 -4.14589959e-01 
 5.67925000e-09 -4.14589959e-01 
 5.68025000e-09 -4.14589959e-01 
 5.68125000e-09 -4.14589959e-01 
 5.68225000e-09 -4.14589959e-01 
 5.68325000e-09 -4.14589959e-01 
 5.68425000e-09 -4.14589959e-01 
 5.68525000e-09 -4.14589959e-01 
 5.68625000e-09 -4.14589959e-01 
 5.68725000e-09 -4.14589959e-01 
 5.68825000e-09 -4.14589959e-01 
 5.68925000e-09 -4.14589959e-01 
 5.69025000e-09 -4.14589959e-01 
 5.69125000e-09 -4.14589959e-01 
 5.69225000e-09 -4.14589959e-01 
 5.69325000e-09 -4.14589959e-01 
 5.69425000e-09 -4.14589959e-01 
 5.69525000e-09 -4.14589959e-01 
 5.69625000e-09 -4.14589959e-01 
 5.69725000e-09 -4.14589959e-01 
 5.69825000e-09 -4.14589959e-01 
 5.69925000e-09 -4.14589959e-01 
 5.70025000e-09 -4.14589959e-01 
 5.70125000e-09 -4.14589959e-01 
 5.70225000e-09 -4.14589959e-01 
 5.70325000e-09 -4.14589959e-01 
 5.70425000e-09 -4.14589959e-01 
 5.70525000e-09 -4.14589959e-01 
 5.70625000e-09 -4.14589959e-01 
 5.70725000e-09 -4.14589959e-01 
 5.70825000e-09 -4.14589959e-01 
 5.70925000e-09 -4.14589959e-01 
 5.71025000e-09 -4.14589959e-01 
 5.71125000e-09 -4.14589959e-01 
 5.71225000e-09 -4.14589959e-01 
 5.71325000e-09 -4.14589959e-01 
 5.71425000e-09 -4.14589959e-01 
 5.71525000e-09 -4.14589959e-01 
 5.71625000e-09 -4.14589959e-01 
 5.71725000e-09 -4.14589959e-01 
 5.71825000e-09 -4.14589959e-01 
 5.71925000e-09 -4.14589959e-01 
 5.72025000e-09 -4.14589959e-01 
 5.72125000e-09 -4.14589959e-01 
 5.72225000e-09 -4.14589959e-01 
 5.72325000e-09 -4.14589959e-01 
 5.72425000e-09 -4.14589959e-01 
 5.72525000e-09 -4.14589959e-01 
 5.72625000e-09 -4.14589959e-01 
 5.72725000e-09 -4.14589959e-01 
 5.72825000e-09 -4.14589959e-01 
 5.72925000e-09 -4.14589959e-01 
 5.73025000e-09 -4.14589959e-01 
 5.73125000e-09 -4.14589959e-01 
 5.73225000e-09 -4.14589959e-01 
 5.73325000e-09 -4.14589959e-01 
 5.73425000e-09 -4.14589959e-01 
 5.73525000e-09 -4.14589959e-01 
 5.73625000e-09 -4.14589959e-01 
 5.73725000e-09 -4.14589959e-01 
 5.73825000e-09 -4.14589959e-01 
 5.73925000e-09 -4.14589959e-01 
 5.74025000e-09 -4.14589959e-01 
 5.74125000e-09 -4.14589959e-01 
 5.74225000e-09 -4.14589959e-01 
 5.74325000e-09 -4.14589959e-01 
 5.74425000e-09 -4.14589959e-01 
 5.74525000e-09 -4.14589959e-01 
 5.74625000e-09 -4.14589959e-01 
 5.74725000e-09 -4.14589959e-01 
 5.74825000e-09 -4.14589959e-01 
 5.74925000e-09 -4.14589959e-01 
 5.75025000e-09 -4.14589959e-01 
 5.75125000e-09 -4.14589959e-01 
 5.75225000e-09 -4.14589959e-01 
 5.75325000e-09 -4.14589959e-01 
 5.75425000e-09 -4.14589959e-01 
 5.75525000e-09 -4.14589959e-01 
 5.75625000e-09 -4.14589959e-01 
 5.75725000e-09 -4.14589959e-01 
 5.75825000e-09 -4.14589959e-01 
 5.75925000e-09 -4.14589959e-01 
 5.76025000e-09 -4.14589959e-01 
 5.76125000e-09 -4.14589959e-01 
 5.76225000e-09 -4.14589959e-01 
 5.76325000e-09 -4.14589959e-01 
 5.76425000e-09 -4.14589959e-01 
 5.76525000e-09 -4.14589959e-01 
 5.76625000e-09 -4.14589959e-01 
 5.76725000e-09 -4.14589959e-01 
 5.76825000e-09 -4.14589959e-01 
 5.76925000e-09 -4.14589959e-01 
 5.77025000e-09 -4.14589959e-01 
 5.77125000e-09 -4.14589959e-01 
 5.77225000e-09 -4.14589959e-01 
 5.77325000e-09 -4.14589959e-01 
 5.77425000e-09 -4.14589959e-01 
 5.77525000e-09 -4.14589959e-01 
 5.77625000e-09 -4.14589959e-01 
 5.77725000e-09 -4.14589959e-01 
 5.77825000e-09 -4.14589959e-01 
 5.77925000e-09 -4.14589959e-01 
 5.78025000e-09 -4.14589959e-01 
 5.78125000e-09 -4.14589959e-01 
 5.78225000e-09 -4.14589959e-01 
 5.78325000e-09 -4.14589959e-01 
 5.78425000e-09 -4.14589959e-01 
 5.78525000e-09 -4.14589959e-01 
 5.78625000e-09 -4.14589959e-01 
 5.78725000e-09 -4.14589959e-01 
 5.78825000e-09 -4.14589959e-01 
 5.78925000e-09 -4.14589959e-01 
 5.79025000e-09 -4.14589959e-01 
 5.79125000e-09 -4.14589959e-01 
 5.79225000e-09 -4.14589959e-01 
 5.79325000e-09 -4.14589959e-01 
 5.79425000e-09 -4.14589959e-01 
 5.79525000e-09 -4.14589959e-01 
 5.79625000e-09 -4.14589959e-01 
 5.79725000e-09 -4.14589959e-01 
 5.79825000e-09 -4.14589959e-01 
 5.79925000e-09 -4.14589959e-01 
 5.80025000e-09 -4.14589959e-01 
 5.80125000e-09 -4.14589959e-01 
 5.80225000e-09 -4.14589959e-01 
 5.80325000e-09 -4.14589959e-01 
 5.80425000e-09 -4.14589959e-01 
 5.80525000e-09 -4.14589959e-01 
 5.80625000e-09 -4.14589959e-01 
 5.80725000e-09 -4.14589959e-01 
 5.80825000e-09 -4.14589959e-01 
 5.80925000e-09 -4.14589959e-01 
 5.81025000e-09 -4.14589959e-01 
 5.81125000e-09 -4.14589959e-01 
 5.81225000e-09 -4.14589959e-01 
 5.81325000e-09 -4.14589959e-01 
 5.81425000e-09 -4.14589959e-01 
 5.81525000e-09 -4.14589959e-01 
 5.81625000e-09 -4.14589959e-01 
 5.81725000e-09 -4.14589959e-01 
 5.81825000e-09 -4.14589959e-01 
 5.81925000e-09 -4.14589959e-01 
 5.82025000e-09 -4.14589959e-01 
 5.82125000e-09 -4.14589959e-01 
 5.82225000e-09 -4.14589959e-01 
 5.82325000e-09 -4.14589959e-01 
 5.82425000e-09 -4.14589959e-01 
 5.82525000e-09 -4.14589959e-01 
 5.82625000e-09 -4.14589959e-01 
 5.82725000e-09 -4.14589959e-01 
 5.82825000e-09 -4.14589959e-01 
 5.82925000e-09 -4.14589959e-01 
 5.83025000e-09 -4.14589959e-01 
 5.83125000e-09 -4.14589959e-01 
 5.83225000e-09 -4.14589959e-01 
 5.83325000e-09 -4.14589959e-01 
 5.83425000e-09 -4.14589959e-01 
 5.83525000e-09 -4.14589959e-01 
 5.83625000e-09 -4.14589959e-01 
 5.83725000e-09 -4.14589959e-01 
 5.83825000e-09 -4.14589959e-01 
 5.83925000e-09 -4.14589959e-01 
 5.84025000e-09 -4.14589959e-01 
 5.84125000e-09 -4.14589959e-01 
 5.84225000e-09 -4.14589959e-01 
 5.84325000e-09 -4.14589959e-01 
 5.84425000e-09 -4.14589959e-01 
 5.84525000e-09 -4.14589959e-01 
 5.84625000e-09 -4.14589959e-01 
 5.84725000e-09 -4.14589959e-01 
 5.84825000e-09 -4.14589959e-01 
 5.84925000e-09 -4.14589959e-01 
 5.85025000e-09 -4.14589959e-01 
 5.85125000e-09 -4.14589959e-01 
 5.85225000e-09 -4.14589959e-01 
 5.85325000e-09 -4.14589959e-01 
 5.85425000e-09 -4.14589959e-01 
 5.85525000e-09 -4.14589959e-01 
 5.85625000e-09 -4.14589959e-01 
 5.85725000e-09 -4.14589959e-01 
 5.85825000e-09 -4.14589959e-01 
 5.85925000e-09 -4.14589959e-01 
 5.86025000e-09 -4.14589959e-01 
 5.86125000e-09 -4.14589959e-01 
 5.86225000e-09 -4.14589959e-01 
 5.86325000e-09 -4.14589959e-01 
 5.86425000e-09 -4.14589959e-01 
 5.86525000e-09 -4.14589959e-01 
 5.86625000e-09 -4.14589959e-01 
 5.86725000e-09 -4.14589959e-01 
 5.86825000e-09 -4.14589959e-01 
 5.86925000e-09 -4.14589959e-01 
 5.87025000e-09 -4.14589959e-01 
 5.87125000e-09 -4.14589959e-01 
 5.87225000e-09 -4.14589959e-01 
 5.87325000e-09 -4.14589959e-01 
 5.87425000e-09 -4.14589959e-01 
 5.87525000e-09 -4.14589959e-01 
 5.87625000e-09 -4.14589959e-01 
 5.87725000e-09 -4.14589959e-01 
 5.87825000e-09 -4.14589959e-01 
 5.87925000e-09 -4.14589959e-01 
 5.88025000e-09 -4.14589959e-01 
 5.88125000e-09 -4.14589959e-01 
 5.88225000e-09 -4.14589959e-01 
 5.88325000e-09 -4.14589959e-01 
 5.88425000e-09 -4.14589959e-01 
 5.88525000e-09 -4.14589959e-01 
 5.88625000e-09 -4.14589959e-01 
 5.88725000e-09 -4.14589959e-01 
 5.88825000e-09 -4.14589959e-01 
 5.88925000e-09 -4.14589959e-01 
 5.89025000e-09 -4.14589959e-01 
 5.89125000e-09 -4.14589959e-01 
 5.89225000e-09 -4.14589959e-01 
 5.89325000e-09 -4.14589959e-01 
 5.89425000e-09 -4.14589959e-01 
 5.89525000e-09 -4.14589959e-01 
 5.89625000e-09 -4.14589959e-01 
 5.89725000e-09 -4.14589959e-01 
 5.89825000e-09 -4.14589959e-01 
 5.89925000e-09 -4.14589959e-01 
 5.90025000e-09 -4.14589959e-01 
 5.90125000e-09 -4.14589959e-01 
 5.90225000e-09 -4.14589959e-01 
 5.90325000e-09 -4.14589959e-01 
 5.90425000e-09 -4.14589959e-01 
 5.90525000e-09 -4.14589959e-01 
 5.90625000e-09 -4.14589959e-01 
 5.90725000e-09 -4.14589959e-01 
 5.90825000e-09 -4.14589959e-01 
 5.90925000e-09 -4.14589959e-01 
 5.91025000e-09 -4.14589959e-01 
 5.91125000e-09 -4.14589959e-01 
 5.91225000e-09 -4.14589959e-01 
 5.91325000e-09 -4.14589959e-01 
 5.91425000e-09 -4.14589959e-01 
 5.91525000e-09 -4.14589959e-01 
 5.91625000e-09 -4.14589959e-01 
 5.91725000e-09 -4.14589959e-01 
 5.91825000e-09 -4.14589959e-01 
 5.91925000e-09 -4.14589959e-01 
 5.92025000e-09 -4.14589959e-01 
 5.92125000e-09 -4.14589959e-01 
 5.92225000e-09 -4.14589959e-01 
 5.92325000e-09 -4.14589959e-01 
 5.92425000e-09 -4.14589959e-01 
 5.92525000e-09 -4.14589959e-01 
 5.92625000e-09 -4.14589959e-01 
 5.92725000e-09 -4.14589959e-01 
 5.92825000e-09 -4.14589959e-01 
 5.92925000e-09 -4.14589959e-01 
 5.93025000e-09 -4.14589959e-01 
 5.93125000e-09 -4.14589959e-01 
 5.93225000e-09 -4.14589959e-01 
 5.93325000e-09 -4.14589959e-01 
 5.93425000e-09 -4.14589959e-01 
 5.93525000e-09 -4.14589959e-01 
 5.93625000e-09 -4.14589959e-01 
 5.93725000e-09 -4.14589959e-01 
 5.93825000e-09 -4.14589959e-01 
 5.93925000e-09 -4.14589959e-01 
 5.94025000e-09 -4.14589959e-01 
 5.94125000e-09 -4.14589959e-01 
 5.94225000e-09 -4.14589959e-01 
 5.94325000e-09 -4.14589959e-01 
 5.94425000e-09 -4.14589959e-01 
 5.94525000e-09 -4.14589959e-01 
 5.94625000e-09 -4.14589959e-01 
 5.94725000e-09 -4.14589959e-01 
 5.94825000e-09 -4.14589959e-01 
 5.94925000e-09 -4.14589959e-01 
 5.95025000e-09 -4.14589959e-01 
 5.95125000e-09 -4.14589959e-01 
 5.95225000e-09 -4.14589959e-01 
 5.95325000e-09 -4.14589959e-01 
 5.95425000e-09 -4.14589959e-01 
 5.95525000e-09 -4.14589959e-01 
 5.95625000e-09 -4.14589959e-01 
 5.95725000e-09 -4.14589959e-01 
 5.95825000e-09 -4.14589959e-01 
 5.95925000e-09 -4.14589959e-01 
 5.96025000e-09 -4.14589959e-01 
 5.96125000e-09 -4.14589959e-01 
 5.96225000e-09 -4.14589959e-01 
 5.96325000e-09 -4.14589959e-01 
 5.96425000e-09 -4.14589959e-01 
 5.96525000e-09 -4.14589959e-01 
 5.96625000e-09 -4.14589959e-01 
 5.96725000e-09 -4.14589959e-01 
 5.96825000e-09 -4.14589959e-01 
 5.96925000e-09 -4.14589959e-01 
 5.97025000e-09 -4.14589959e-01 
 5.97125000e-09 -4.14589959e-01 
 5.97225000e-09 -4.14589959e-01 
 5.97325000e-09 -4.14589959e-01 
 5.97425000e-09 -4.14589959e-01 
 5.97525000e-09 -4.14589959e-01 
 5.97625000e-09 -4.14589959e-01 
 5.97725000e-09 -4.14589959e-01 
 5.97825000e-09 -4.14589959e-01 
 5.97925000e-09 -4.14589959e-01 
 5.98025000e-09 -4.14589959e-01 
 5.98125000e-09 -4.14589959e-01 
 5.98225000e-09 -4.14589959e-01 
 5.98325000e-09 -4.14589959e-01 
 5.98425000e-09 -4.14589959e-01 
 5.98525000e-09 -4.14589959e-01 
 5.98625000e-09 -4.14589959e-01 
 5.98725000e-09 -4.14589959e-01 
 5.98825000e-09 -4.14589959e-01 
 5.98925000e-09 -4.14589959e-01 
 5.99025000e-09 -4.14589959e-01 
 5.99125000e-09 -4.14589959e-01 
 5.99225000e-09 -4.14589959e-01 
 5.99325000e-09 -4.14589959e-01 
 5.99425000e-09 -4.14589959e-01 
 5.99525000e-09 -4.14589959e-01 
 5.99625000e-09 -4.14589959e-01 
 5.99725000e-09 -4.14589959e-01 
 5.99825000e-09 -4.14589959e-01 
 5.99912500e-09 -4.14589959e-01 
 6.00000000e-09 -4.14589959e-01 
