 0.00000000e+00  0.00000000e+00 
 1.00000000e-14 -8.00533373e-17 
 2.00000000e-14 -2.40160012e-16 
 4.00000000e-14 -7.20480035e-16 
 8.00000000e-14 -1.20070993e-15 
 9.00000000e-14 -1.36090673e-15 
 1.10000000e-13 -1.68112008e-15 
 1.50000000e-13 -2.00118322e-15 
 2.30000000e-13 -2.32102437e-15 
 3.90000000e-13 -2.88040877e-15 
 7.10000000e-13 -3.19854361e-15 
 1.35000000e-12 -3.83369966e-15 
 2.35000000e-12 -3.86352583e-15 
 3.35000000e-12 -3.48963623e-15 
 4.35000000e-12 -2.99111677e-15 
 5.35000000e-12 -2.36796745e-15 
 6.35000000e-12 -2.11870771e-15 
 7.35000000e-12 -1.86944798e-15 
 8.35000000e-12 -1.12166879e-15 
 9.35000000e-12 -3.73889597e-16 
 1.03500000e-11  1.24629866e-16 
 1.13500000e-11  6.23149328e-16 
 1.23500000e-11  1.12166879e-15 
 1.33500000e-11  1.62018825e-15 
 1.43500000e-11  2.36796745e-15 
 1.53500000e-11  3.11574664e-15 
 1.63500000e-11  3.61426610e-15 
 1.73500000e-11  3.86352583e-15 
 1.83500000e-11  4.36204529e-15 
 1.93500000e-11  5.10982449e-15 
 2.03500000e-11  5.60834395e-15 
 2.13500000e-11  6.10686341e-15 
 2.23500000e-11  6.73001274e-15 
 2.33500000e-11  7.10390234e-15 
 2.43500000e-11  7.85168153e-15 
 2.53500000e-11  8.22557112e-15 
 2.63500000e-11  8.47483086e-15 
 2.73500000e-11  8.72409059e-15 
 2.83500000e-11  8.72409059e-15 
 2.93500000e-11  8.72409059e-15 
 3.03500000e-11  8.72409059e-15 
 3.13500000e-11  8.72409059e-15 
 3.23500000e-11  8.72409059e-15 
 3.33500000e-11  8.72409059e-15 
 3.43500000e-11  8.72409059e-15 
 3.53500000e-11  8.72409059e-15 
 3.63500000e-11  8.72409059e-15 
 3.73500000e-11  8.72409059e-15 
 3.83500000e-11  8.72409059e-15 
 3.93500000e-11  8.72409059e-15 
 4.03500000e-11  8.72409059e-15 
 4.13500000e-11  8.72409059e-15 
 4.23500000e-11  8.72409059e-15 
 4.33500000e-11  8.72409059e-15 
 4.43500000e-11  8.72409059e-15 
 4.53500000e-11  8.72409059e-15 
 4.63500000e-11  8.72409059e-15 
 4.73500000e-11  8.72409059e-15 
 4.83500000e-11  8.72409059e-15 
 4.93500000e-11  8.72409059e-15 
 5.03500000e-11  8.72409059e-15 
 5.13500000e-11  8.72409059e-15 
 5.23500000e-11  8.72409059e-15 
 5.33500000e-11  8.72409059e-15 
 5.43500000e-11  8.72409059e-15 
 5.53500000e-11  8.72409059e-15 
 5.63500000e-11  8.72409059e-15 
 5.73500000e-11  8.72409059e-15 
 5.83500000e-11  8.72409059e-15 
 5.93500000e-11  8.72409059e-15 
 6.03500000e-11  8.72409059e-15 
 6.13500000e-11  8.72409059e-15 
 6.23500000e-11  8.72409059e-15 
 6.33500000e-11  8.72409059e-15 
 6.43500000e-11  8.72409059e-15 
 6.53500000e-11  8.72409059e-15 
 6.63500000e-11  8.72409059e-15 
 6.73500000e-11  8.72409059e-15 
 6.83500000e-11  8.72409059e-15 
 6.93500000e-11  8.72409059e-15 
 7.03500000e-11  8.72409059e-15 
 7.13500000e-11  8.72409059e-15 
 7.23500000e-11  8.72409059e-15 
 7.33500000e-11  8.72409059e-15 
 7.43500000e-11  8.72409059e-15 
 7.53500000e-11  8.72409059e-15 
 7.63500000e-11  8.72409059e-15 
 7.73500000e-11  8.72409059e-15 
 7.83500000e-11  8.72409059e-15 
 7.93500000e-11  8.72409059e-15 
 8.03500000e-11  8.72409059e-15 
 8.13500000e-11  8.72409059e-15 
 8.23500000e-11  8.72409059e-15 
 8.33500000e-11  8.72409059e-15 
 8.43500000e-11  8.72409059e-15 
 8.53500000e-11  8.72409059e-15 
 8.63500000e-11  8.72409059e-15 
 8.73500000e-11  8.72409059e-15 
 8.83500000e-11  8.72409059e-15 
 8.93500000e-11  8.72409059e-15 
 9.03500000e-11  8.72409059e-15 
 9.13500000e-11  8.72409059e-15 
 9.23500000e-11  8.72409059e-15 
 9.33500000e-11  8.72409059e-15 
 9.43500000e-11  8.72409059e-15 
 9.53500000e-11  8.72409059e-15 
 9.63500000e-11  8.72409059e-15 
 9.73500000e-11  8.72409059e-15 
 9.83500000e-11  8.72409059e-15 
 9.93500000e-11  8.72409059e-15 
 1.00350000e-10  8.72409059e-15 
 1.01350000e-10  8.72409059e-15 
 1.02350000e-10  8.72409059e-15 
 1.03350000e-10  8.72409059e-15 
 1.04350000e-10  8.72409059e-15 
 1.05350000e-10  8.72409059e-15 
 1.06350000e-10  8.72409059e-15 
 1.07350000e-10  8.72409059e-15 
 1.08350000e-10  8.72409059e-15 
 1.09350000e-10  8.72409059e-15 
 1.10350000e-10  8.72409059e-15 
 1.11350000e-10  8.72409059e-15 
 1.12350000e-10  8.72409059e-15 
 1.13350000e-10  8.72409059e-15 
 1.14350000e-10  8.72409059e-15 
 1.15350000e-10  8.72409059e-15 
 1.16350000e-10  8.72409059e-15 
 1.17350000e-10  8.72409059e-15 
 1.18350000e-10  8.72409059e-15 
 1.19350000e-10  8.72409059e-15 
 1.20350000e-10  8.72409059e-15 
 1.21350000e-10  8.72409059e-15 
 1.22350000e-10  8.72409059e-15 
 1.23350000e-10  8.72409059e-15 
 1.24350000e-10  8.72409059e-15 
 1.25350000e-10  8.72409059e-15 
 1.26350000e-10  8.72409059e-15 
 1.27350000e-10  8.72409059e-15 
 1.28350000e-10  8.72409059e-15 
 1.29350000e-10  8.72409059e-15 
 1.30350000e-10  8.72409059e-15 
 1.31350000e-10  8.72409059e-15 
 1.32350000e-10  8.72409059e-15 
 1.33350000e-10  8.72409059e-15 
 1.34350000e-10  8.72409059e-15 
 1.35350000e-10  8.72409059e-15 
 1.36350000e-10  8.72409059e-15 
 1.37350000e-10  8.72409059e-15 
 1.38350000e-10  8.72409059e-15 
 1.39350000e-10  8.72409059e-15 
 1.40350000e-10  8.72409059e-15 
 1.41350000e-10  8.72409059e-15 
 1.42350000e-10  8.72409059e-15 
 1.43350000e-10  8.72409059e-15 
 1.44350000e-10  8.72409059e-15 
 1.45350000e-10  8.72409059e-15 
 1.46350000e-10  8.72409059e-15 
 1.47350000e-10  8.72409059e-15 
 1.48350000e-10  8.72409059e-15 
 1.49350000e-10  8.72409059e-15 
 1.50350000e-10  8.72409059e-15 
 1.51350000e-10  8.72409059e-15 
 1.52350000e-10  8.72409059e-15 
 1.53350000e-10  8.72409059e-15 
 1.54350000e-10  8.72409059e-15 
 1.55350000e-10  8.72409059e-15 
 1.56350000e-10  8.72409059e-15 
 1.57350000e-10  8.72409059e-15 
 1.58350000e-10  8.72409059e-15 
 1.59350000e-10  8.72409059e-15 
 1.60350000e-10  8.72409059e-15 
 1.61350000e-10  8.72409059e-15 
 1.62350000e-10  8.72409059e-15 
 1.63350000e-10  8.72409059e-15 
 1.64350000e-10  8.72409059e-15 
 1.65350000e-10  8.72409059e-15 
 1.66350000e-10  8.72409059e-15 
 1.67350000e-10  8.72409059e-15 
 1.68350000e-10  8.72409059e-15 
 1.69350000e-10  8.72409059e-15 
 1.70350000e-10  8.72409059e-15 
 1.71350000e-10  8.72409059e-15 
 1.72350000e-10  8.72409059e-15 
 1.73350000e-10  8.72409059e-15 
 1.74350000e-10  8.72409059e-15 
 1.75350000e-10  8.72409059e-15 
 1.76350000e-10  8.72409059e-15 
 1.77350000e-10  8.72409059e-15 
 1.78350000e-10  8.72409059e-15 
 1.79350000e-10  8.72409059e-15 
 1.80350000e-10  8.72409059e-15 
 1.81350000e-10  8.72409059e-15 
 1.82350000e-10  8.72409059e-15 
 1.83350000e-10  8.72409059e-15 
 1.84350000e-10  8.72409059e-15 
 1.85350000e-10  8.72409059e-15 
 1.86350000e-10  8.72409059e-15 
 1.87350000e-10  8.72409059e-15 
 1.88350000e-10  8.72409059e-15 
 1.89350000e-10  8.72409059e-15 
 1.90350000e-10  8.72409059e-15 
 1.91350000e-10  8.72409059e-15 
 1.92350000e-10  8.72409059e-15 
 1.93350000e-10  8.72409059e-15 
 1.94350000e-10  8.72409059e-15 
 1.95350000e-10  8.72409059e-15 
 1.96350000e-10  8.72409059e-15 
 1.97350000e-10  8.72409059e-15 
 1.98350000e-10  8.72409059e-15 
 1.99350000e-10  8.72409059e-15 
 2.00350000e-10  8.72409059e-15 
 2.01350000e-10  8.72409059e-15 
 2.02350000e-10  8.72409059e-15 
 2.03350000e-10  8.72409059e-15 
 2.04350000e-10  8.72409059e-15 
 2.05350000e-10  8.72409059e-15 
 2.06350000e-10  8.72409059e-15 
 2.07350000e-10  8.72409059e-15 
 2.08350000e-10  8.72409059e-15 
 2.09350000e-10  8.72409059e-15 
 2.10350000e-10  8.72409059e-15 
 2.11350000e-10  8.72409059e-15 
 2.12350000e-10  8.72409059e-15 
 2.13350000e-10  8.72409059e-15 
 2.14350000e-10  8.72409059e-15 
 2.15350000e-10  8.72409059e-15 
 2.16350000e-10  8.72409059e-15 
 2.17350000e-10  8.72409059e-15 
 2.18350000e-10  8.72409059e-15 
 2.19350000e-10  8.72409059e-15 
 2.20350000e-10  8.72409059e-15 
 2.21350000e-10  8.72409059e-15 
 2.22350000e-10  8.72409059e-15 
 2.23350000e-10  8.72409059e-15 
 2.24350000e-10  8.72409059e-15 
 2.25350000e-10  8.72409059e-15 
 2.26350000e-10  8.72409059e-15 
 2.27350000e-10  8.72409059e-15 
 2.28350000e-10  8.72409059e-15 
 2.29350000e-10  8.72409059e-15 
 2.30350000e-10  8.72409059e-15 
 2.31350000e-10  8.72409059e-15 
 2.32350000e-10  8.72409059e-15 
 2.33350000e-10  8.72409059e-15 
 2.34350000e-10  8.72409059e-15 
 2.35350000e-10  8.72409059e-15 
 2.36350000e-10  8.72409059e-15 
 2.37350000e-10  8.72409059e-15 
 2.38350000e-10  8.72409059e-15 
 2.39350000e-10  8.72409059e-15 
 2.40350000e-10  8.72409059e-15 
 2.41350000e-10  8.72409059e-15 
 2.42350000e-10  8.72409059e-15 
 2.43350000e-10  8.72409059e-15 
 2.44350000e-10  8.72409059e-15 
 2.45350000e-10  8.72409059e-15 
 2.46350000e-10  8.72409059e-15 
 2.47350000e-10  8.72409059e-15 
 2.48350000e-10  8.72409059e-15 
 2.49350000e-10  8.72409059e-15 
 2.50350000e-10  8.72409059e-15 
 2.51350000e-10  8.72409059e-15 
 2.52350000e-10  8.72409059e-15 
 2.53350000e-10  8.72409059e-15 
 2.54350000e-10  8.72409059e-15 
 2.55350000e-10  8.72409059e-15 
 2.56350000e-10  8.72409059e-15 
 2.57350000e-10  8.72409059e-15 
 2.58350000e-10  8.72409059e-15 
 2.59350000e-10  8.72409059e-15 
 2.60350000e-10  8.72409059e-15 
 2.61350000e-10  8.72409059e-15 
 2.62350000e-10  8.72409059e-15 
 2.63350000e-10  8.72409059e-15 
 2.64350000e-10  8.72409059e-15 
 2.65350000e-10  8.72409059e-15 
 2.66350000e-10  8.72409059e-15 
 2.67350000e-10  8.72409059e-15 
 2.68350000e-10  8.72409059e-15 
 2.69350000e-10  8.72409059e-15 
 2.70350000e-10  8.72409059e-15 
 2.71350000e-10  8.72409059e-15 
 2.72350000e-10  8.72409059e-15 
 2.73350000e-10  8.72409059e-15 
 2.74350000e-10  8.72409059e-15 
 2.75350000e-10  8.72409059e-15 
 2.76350000e-10  8.72409059e-15 
 2.77350000e-10  8.72409059e-15 
 2.78350000e-10  8.72409059e-15 
 2.79350000e-10  8.72409059e-15 
 2.80350000e-10  8.72409059e-15 
 2.81350000e-10  8.72409059e-15 
 2.82350000e-10  8.72409059e-15 
 2.83350000e-10  8.72409059e-15 
 2.84350000e-10  8.72409059e-15 
 2.85350000e-10  8.72409059e-15 
 2.86350000e-10  8.72409059e-15 
 2.87350000e-10  8.72409059e-15 
 2.88350000e-10  8.72409059e-15 
 2.89350000e-10  8.72409059e-15 
 2.90350000e-10  8.72409059e-15 
 2.91350000e-10  8.72409059e-15 
 2.92350000e-10  8.72409059e-15 
 2.93350000e-10  8.72409059e-15 
 2.94350000e-10  8.72409059e-15 
 2.95350000e-10  8.72409059e-15 
 2.96350000e-10  8.72409059e-15 
 2.97350000e-10  8.72409059e-15 
 2.98350000e-10  8.72409059e-15 
 2.99350000e-10  8.72409059e-15 
 3.00350000e-10  8.72409059e-15 
 3.01350000e-10  8.72409059e-15 
 3.02350000e-10  8.72409059e-15 
 3.03350000e-10  8.72409059e-15 
 3.04350000e-10  8.72409059e-15 
 3.05350000e-10  8.72409059e-15 
 3.06350000e-10  8.72409059e-15 
 3.07350000e-10  8.72409059e-15 
 3.08350000e-10  8.72409059e-15 
 3.09350000e-10  8.72409059e-15 
 3.10350000e-10  8.72409059e-15 
 3.11350000e-10  8.72409059e-15 
 3.12350000e-10  8.72409059e-15 
 3.13350000e-10  8.72409059e-15 
 3.14350000e-10  8.72409059e-15 
 3.15350000e-10  8.72409059e-15 
 3.16350000e-10  8.72409059e-15 
 3.17350000e-10  8.72409059e-15 
 3.18350000e-10  8.72409059e-15 
 3.19350000e-10  8.72409059e-15 
 3.20350000e-10  8.72409059e-15 
 3.21350000e-10  8.72409059e-15 
 3.22350000e-10  8.72409059e-15 
 3.23350000e-10  8.72409059e-15 
 3.24350000e-10  8.72409059e-15 
 3.25350000e-10  8.72409059e-15 
 3.26350000e-10  8.72409059e-15 
 3.27350000e-10  8.72409059e-15 
 3.28350000e-10  8.72409059e-15 
 3.29350000e-10  8.72409059e-15 
 3.30350000e-10  8.72409059e-15 
 3.31350000e-10  8.72409059e-15 
 3.32350000e-10  8.72409059e-15 
 3.33350000e-10  8.72409059e-15 
 3.34350000e-10  8.72409059e-15 
 3.35350000e-10  8.72409059e-15 
 3.36350000e-10  8.72409059e-15 
 3.37350000e-10  8.72409059e-15 
 3.38350000e-10  8.72409059e-15 
 3.39350000e-10  8.72409059e-15 
 3.40350000e-10  8.72409059e-15 
 3.41350000e-10  8.72409059e-15 
 3.42350000e-10  8.72409059e-15 
 3.43350000e-10  8.72409059e-15 
 3.44350000e-10  8.72409059e-15 
 3.45350000e-10  8.72409059e-15 
 3.46350000e-10  8.72409059e-15 
 3.47350000e-10  8.72409059e-15 
 3.48350000e-10  8.72409059e-15 
 3.49350000e-10  8.72409059e-15 
 3.50350000e-10  8.72409059e-15 
 3.51350000e-10  8.72409059e-15 
 3.52350000e-10  8.72409059e-15 
 3.53350000e-10  8.72409059e-15 
 3.54350000e-10  8.72409059e-15 
 3.55350000e-10  8.72409059e-15 
 3.56350000e-10  8.72409059e-15 
 3.57350000e-10  8.72409059e-15 
 3.58350000e-10  8.72409059e-15 
 3.59350000e-10  8.72409059e-15 
 3.60350000e-10  8.72409059e-15 
 3.61350000e-10  8.72409059e-15 
 3.62350000e-10  8.72409059e-15 
 3.63350000e-10  8.72409059e-15 
 3.64350000e-10  8.72409059e-15 
 3.65350000e-10  8.72409059e-15 
 3.66350000e-10  8.72409059e-15 
 3.67350000e-10  8.72409059e-15 
 3.68350000e-10  8.72409059e-15 
 3.69350000e-10  8.72409059e-15 
 3.70350000e-10  8.72409059e-15 
 3.71350000e-10  8.72409059e-15 
 3.72350000e-10  8.72409059e-15 
 3.73350000e-10  8.72409059e-15 
 3.74350000e-10  8.72409059e-15 
 3.75350000e-10  8.72409059e-15 
 3.76350000e-10  8.72409059e-15 
 3.77350000e-10  8.72409059e-15 
 3.78350000e-10  8.72409059e-15 
 3.79350000e-10  8.72409059e-15 
 3.80350000e-10  8.72409059e-15 
 3.81350000e-10  8.72409059e-15 
 3.82350000e-10  8.72409059e-15 
 3.83350000e-10  8.72409059e-15 
 3.84350000e-10  8.72409059e-15 
 3.85350000e-10  8.72409059e-15 
 3.86350000e-10  8.72409059e-15 
 3.87350000e-10  8.72409059e-15 
 3.88350000e-10  8.72409059e-15 
 3.89350000e-10  8.72409059e-15 
 3.90350000e-10  8.72409059e-15 
 3.91350000e-10  8.72409059e-15 
 3.92350000e-10  8.72409059e-15 
 3.93350000e-10  8.72409059e-15 
 3.94350000e-10  8.72409059e-15 
 3.95350000e-10  8.72409059e-15 
 3.96350000e-10  8.72409059e-15 
 3.97350000e-10  8.72409059e-15 
 3.98350000e-10  8.72409059e-15 
 3.99350000e-10  8.72409059e-15 
 4.00350000e-10  8.72409059e-15 
 4.01350000e-10  8.72409059e-15 
 4.02350000e-10  8.72409059e-15 
 4.03350000e-10  8.72409059e-15 
 4.04350000e-10  8.72409059e-15 
 4.05350000e-10  8.72409059e-15 
 4.06350000e-10  8.72409059e-15 
 4.07350000e-10  8.72409059e-15 
 4.08350000e-10  8.72409059e-15 
 4.09350000e-10  8.72409059e-15 
 4.10350000e-10  8.72409059e-15 
 4.11350000e-10  8.72409059e-15 
 4.12350000e-10  8.72409059e-15 
 4.13350000e-10  8.72409059e-15 
 4.14350000e-10  8.72409059e-15 
 4.15350000e-10  8.72409059e-15 
 4.16350000e-10  8.72409059e-15 
 4.17350000e-10  8.72409059e-15 
 4.18350000e-10  8.72409059e-15 
 4.19350000e-10  8.72409059e-15 
 4.20350000e-10  8.72409059e-15 
 4.21350000e-10  8.72409059e-15 
 4.22350000e-10  8.72409059e-15 
 4.23350000e-10  8.72409059e-15 
 4.24350000e-10  8.72409059e-15 
 4.25350000e-10  8.72409059e-15 
 4.26350000e-10  8.72409059e-15 
 4.27350000e-10  8.72409059e-15 
 4.28350000e-10  8.72409059e-15 
 4.29350000e-10  8.72409059e-15 
 4.30350000e-10  8.72409059e-15 
 4.31350000e-10  8.72409059e-15 
 4.32350000e-10  8.72409059e-15 
 4.33350000e-10  8.72409059e-15 
 4.34350000e-10  8.72409059e-15 
 4.35350000e-10  8.72409059e-15 
 4.36350000e-10  8.72409059e-15 
 4.37350000e-10  8.72409059e-15 
 4.38350000e-10  8.72409059e-15 
 4.39350000e-10  8.72409059e-15 
 4.40350000e-10  8.72409059e-15 
 4.41350000e-10  8.72409059e-15 
 4.42350000e-10  8.72409059e-15 
 4.43350000e-10  8.72409059e-15 
 4.44350000e-10  8.72409059e-15 
 4.45350000e-10  8.72409059e-15 
 4.46350000e-10  8.72409059e-15 
 4.47350000e-10  8.72409059e-15 
 4.48350000e-10  8.72409059e-15 
 4.49350000e-10  8.72409059e-15 
 4.50350000e-10  8.72409059e-15 
 4.51350000e-10  8.72409059e-15 
 4.52350000e-10  8.72409059e-15 
 4.53350000e-10  8.72409059e-15 
 4.54350000e-10  8.72409059e-15 
 4.55350000e-10  8.72409059e-15 
 4.56350000e-10  8.72409059e-15 
 4.57350000e-10  8.72409059e-15 
 4.58350000e-10  8.72409059e-15 
 4.59350000e-10  8.72409059e-15 
 4.60350000e-10  8.72409059e-15 
 4.61350000e-10  8.72409059e-15 
 4.62350000e-10  8.72409059e-15 
 4.63350000e-10  8.72409059e-15 
 4.64350000e-10  8.72409059e-15 
 4.65350000e-10  8.72409059e-15 
 4.66350000e-10  8.72409059e-15 
 4.67350000e-10  8.72409059e-15 
 4.68350000e-10  8.72409059e-15 
 4.69350000e-10  8.72409059e-15 
 4.70350000e-10  8.72409059e-15 
 4.71350000e-10  8.72409059e-15 
 4.72350000e-10  8.72409059e-15 
 4.73350000e-10  8.72409059e-15 
 4.74350000e-10  8.72409059e-15 
 4.75350000e-10  8.72409059e-15 
 4.76350000e-10  8.72409059e-15 
 4.77350000e-10  8.72409059e-15 
 4.78350000e-10  8.72409059e-15 
 4.79350000e-10  8.72409059e-15 
 4.80350000e-10  8.72409059e-15 
 4.81350000e-10  8.72409059e-15 
 4.82350000e-10  8.72409059e-15 
 4.83350000e-10  8.72409059e-15 
 4.84350000e-10  8.72409059e-15 
 4.85350000e-10  8.72409059e-15 
 4.86350000e-10  8.72409059e-15 
 4.87350000e-10  8.72409059e-15 
 4.88350000e-10  8.72409059e-15 
 4.89350000e-10  8.72409059e-15 
 4.90350000e-10  8.72409059e-15 
 4.91350000e-10  8.72409059e-15 
 4.92350000e-10  8.72409059e-15 
 4.93350000e-10  8.72409059e-15 
 4.94350000e-10  8.72409059e-15 
 4.95350000e-10  8.72409059e-15 
 4.96350000e-10  8.72409059e-15 
 4.97350000e-10  8.72409059e-15 
 4.98350000e-10  8.72409059e-15 
 4.99350000e-10  8.72409059e-15 
 5.00350000e-10  8.72409059e-15 
 5.01350000e-10  8.72409059e-15 
 5.02350000e-10  8.72409059e-15 
 5.03350000e-10  8.72409059e-15 
 5.04350000e-10  8.72409059e-15 
 5.05350000e-10  8.72409059e-15 
 5.06350000e-10  8.72409059e-15 
 5.07350000e-10  8.72409059e-15 
 5.08350000e-10  8.72409059e-15 
 5.09350000e-10  8.72409059e-15 
 5.10350000e-10  8.72409059e-15 
 5.11350000e-10  8.72409059e-15 
 5.12350000e-10  8.72409059e-15 
 5.13350000e-10  8.72409059e-15 
 5.14350000e-10  8.72409059e-15 
 5.15350000e-10  8.72409059e-15 
 5.16350000e-10  8.72409059e-15 
 5.17350000e-10  8.72409059e-15 
 5.18350000e-10  8.72409059e-15 
 5.19350000e-10  8.72409059e-15 
 5.20350000e-10  8.72409059e-15 
 5.21350000e-10  8.72409059e-15 
 5.22350000e-10  8.72409059e-15 
 5.23350000e-10  8.72409059e-15 
 5.24350000e-10  8.72409059e-15 
 5.25350000e-10  8.72409059e-15 
 5.26350000e-10  8.72409059e-15 
 5.27350000e-10  8.72409059e-15 
 5.28350000e-10  8.72409059e-15 
 5.29350000e-10  8.72409059e-15 
 5.30350000e-10  8.72409059e-15 
 5.31350000e-10  8.72409059e-15 
 5.32350000e-10  8.72409059e-15 
 5.33350000e-10  8.72409059e-15 
 5.34350000e-10  8.72409059e-15 
 5.35350000e-10  8.72409059e-15 
 5.36350000e-10  8.72409059e-15 
 5.37350000e-10  8.72409059e-15 
 5.38350000e-10  8.72409059e-15 
 5.39350000e-10  8.72409059e-15 
 5.40350000e-10  8.72409059e-15 
 5.41350000e-10  8.72409059e-15 
 5.42350000e-10  8.72409059e-15 
 5.43350000e-10  8.72409059e-15 
 5.44350000e-10  8.72409059e-15 
 5.45350000e-10  8.72409059e-15 
 5.46350000e-10  8.72409059e-15 
 5.47350000e-10  8.72409059e-15 
 5.48350000e-10  8.72409059e-15 
 5.49350000e-10  8.72409059e-15 
 5.50350000e-10  8.72409059e-15 
 5.51350000e-10  8.72409059e-15 
 5.52350000e-10  8.72409059e-15 
 5.53350000e-10  8.72409059e-15 
 5.54350000e-10  8.72409059e-15 
 5.55350000e-10  8.72409059e-15 
 5.56350000e-10  8.72409059e-15 
 5.57350000e-10  8.72409059e-15 
 5.58350000e-10  8.72409059e-15 
 5.59350000e-10  8.72409059e-15 
 5.60350000e-10  8.72409059e-15 
 5.61350000e-10  8.72409059e-15 
 5.62350000e-10  8.72409059e-15 
 5.63350000e-10  8.72409059e-15 
 5.64350000e-10  8.72409059e-15 
 5.65350000e-10  8.72409059e-15 
 5.66350000e-10  8.72409059e-15 
 5.67350000e-10  8.72409059e-15 
 5.68350000e-10  8.72409059e-15 
 5.69350000e-10  8.72409059e-15 
 5.70350000e-10  8.72409059e-15 
 5.71350000e-10  8.72409059e-15 
 5.72350000e-10  8.72409059e-15 
 5.73350000e-10  8.72409059e-15 
 5.74350000e-10  8.72409059e-15 
 5.75350000e-10  8.72409059e-15 
 5.76350000e-10  8.72409059e-15 
 5.77350000e-10  8.72409059e-15 
 5.78350000e-10  8.72409059e-15 
 5.79350000e-10  8.72409059e-15 
 5.80350000e-10  8.72409059e-15 
 5.81350000e-10  8.72409059e-15 
 5.82350000e-10  8.72409059e-15 
 5.83350000e-10  8.72409059e-15 
 5.84350000e-10  8.72409059e-15 
 5.85350000e-10  8.72409059e-15 
 5.86350000e-10  8.72409059e-15 
 5.87350000e-10  8.72409059e-15 
 5.88350000e-10  8.72409059e-15 
 5.89350000e-10  8.72409059e-15 
 5.90350000e-10  8.72409059e-15 
 5.91350000e-10  8.72409059e-15 
 5.92350000e-10  8.72409059e-15 
 5.93350000e-10  8.72409059e-15 
 5.94350000e-10  8.72409059e-15 
 5.95350000e-10  8.72409059e-15 
 5.96350000e-10  8.72409059e-15 
 5.97350000e-10  8.72409059e-15 
 5.98350000e-10  8.72409059e-15 
 5.99350000e-10  8.72409059e-15 
 6.00350000e-10  8.72409059e-15 
 6.01350000e-10  8.72409059e-15 
 6.02350000e-10  8.72409059e-15 
 6.03350000e-10  8.72409059e-15 
 6.04350000e-10  8.72409059e-15 
 6.05350000e-10  8.72409059e-15 
 6.06350000e-10  8.72409059e-15 
 6.07350000e-10  8.72409059e-15 
 6.08350000e-10  8.72409059e-15 
 6.09350000e-10  8.72409059e-15 
 6.10350000e-10  8.72409059e-15 
 6.11350000e-10  8.72409059e-15 
 6.12350000e-10  8.72409059e-15 
 6.13350000e-10  8.72409059e-15 
 6.14350000e-10  8.72409059e-15 
 6.15350000e-10  8.72409059e-15 
 6.16350000e-10  8.72409059e-15 
 6.17350000e-10  8.72409059e-15 
 6.18350000e-10  8.72409059e-15 
 6.19350000e-10  8.72409059e-15 
 6.20350000e-10  8.72409059e-15 
 6.21350000e-10  8.72409059e-15 
 6.22350000e-10  8.72409059e-15 
 6.23350000e-10  8.72409059e-15 
 6.24350000e-10  8.72409059e-15 
 6.25350000e-10  8.72409059e-15 
 6.26350000e-10  8.72409059e-15 
 6.27350000e-10  8.72409059e-15 
 6.28350000e-10  8.72409059e-15 
 6.29350000e-10  8.72409059e-15 
 6.30350000e-10  8.72409059e-15 
 6.31350000e-10  8.72409059e-15 
 6.32350000e-10  8.72409059e-15 
 6.33350000e-10  8.72409059e-15 
 6.34350000e-10  8.72409059e-15 
 6.35350000e-10  8.72409059e-15 
 6.36350000e-10  8.72409059e-15 
 6.37350000e-10  8.72409059e-15 
 6.38350000e-10  8.72409059e-15 
 6.39350000e-10  8.72409059e-15 
 6.40350000e-10  8.72409059e-15 
 6.41350000e-10  8.72409059e-15 
 6.42350000e-10  8.72409059e-15 
 6.43350000e-10  8.72409059e-15 
 6.44350000e-10  8.72409059e-15 
 6.45350000e-10  8.72409059e-15 
 6.46350000e-10  8.72409059e-15 
 6.47350000e-10  8.72409059e-15 
 6.48350000e-10  8.72409059e-15 
 6.49350000e-10  8.72409059e-15 
 6.50350000e-10  8.72409059e-15 
 6.51350000e-10  8.72409059e-15 
 6.52350000e-10  8.72409059e-15 
 6.53350000e-10  8.72409059e-15 
 6.54350000e-10  8.72409059e-15 
 6.55350000e-10  8.72409059e-15 
 6.56350000e-10  8.72409059e-15 
 6.57350000e-10  8.72409059e-15 
 6.58350000e-10  8.72409059e-15 
 6.59350000e-10  8.72409059e-15 
 6.60350000e-10  8.72409059e-15 
 6.61350000e-10  8.72409059e-15 
 6.62350000e-10  8.72409059e-15 
 6.63350000e-10  8.72409059e-15 
 6.64350000e-10  8.72409059e-15 
 6.65350000e-10  8.72409059e-15 
 6.66350000e-10  8.72409059e-15 
 6.67350000e-10  8.72409059e-15 
 6.68350000e-10  8.72409059e-15 
 6.69350000e-10  8.72409059e-15 
 6.70350000e-10  8.72409059e-15 
 6.71350000e-10  8.72409059e-15 
 6.72350000e-10  8.72409059e-15 
 6.73350000e-10  8.72409059e-15 
 6.74350000e-10  8.72409059e-15 
 6.75350000e-10  8.72409059e-15 
 6.76350000e-10  8.72409059e-15 
 6.77350000e-10  8.72409059e-15 
 6.78350000e-10  8.72409059e-15 
 6.79350000e-10  8.72409059e-15 
 6.80350000e-10  8.72409059e-15 
 6.81350000e-10  8.72409059e-15 
 6.82350000e-10  8.72409059e-15 
 6.83350000e-10  8.72409059e-15 
 6.84350000e-10  8.72409059e-15 
 6.85350000e-10  8.72409059e-15 
 6.86350000e-10  8.72409059e-15 
 6.87350000e-10  8.72409059e-15 
 6.88350000e-10  8.72409059e-15 
 6.89350000e-10  8.72409059e-15 
 6.90350000e-10  8.72409059e-15 
 6.91350000e-10  8.72409059e-15 
 6.92350000e-10  8.72409059e-15 
 6.93350000e-10  8.72409059e-15 
 6.94350000e-10  8.72409059e-15 
 6.95350000e-10  8.72409059e-15 
 6.96350000e-10  8.72409059e-15 
 6.97350000e-10  8.72409059e-15 
 6.98350000e-10  8.72409059e-15 
 6.99350000e-10  8.72409059e-15 
 7.00350000e-10  8.72409059e-15 
 7.01350000e-10  8.72409059e-15 
 7.02350000e-10  8.72409059e-15 
 7.03350000e-10  8.72409059e-15 
 7.04350000e-10  8.72409059e-15 
 7.05350000e-10  8.72409059e-15 
 7.06350000e-10  8.72409059e-15 
 7.07350000e-10  8.72409059e-15 
 7.08350000e-10  8.72409059e-15 
 7.09350000e-10  8.72409059e-15 
 7.10350000e-10  8.72409059e-15 
 7.11350000e-10  8.72409059e-15 
 7.12350000e-10  8.72409059e-15 
 7.13350000e-10  8.72409059e-15 
 7.14350000e-10  8.72409059e-15 
 7.15350000e-10  8.72409059e-15 
 7.16350000e-10  8.72409059e-15 
 7.17350000e-10  8.72409059e-15 
 7.18350000e-10  8.72409059e-15 
 7.19350000e-10  8.72409059e-15 
 7.20350000e-10  8.72409059e-15 
 7.21350000e-10  8.72409059e-15 
 7.22350000e-10  8.72409059e-15 
 7.23350000e-10  8.72409059e-15 
 7.24350000e-10  8.72409059e-15 
 7.25350000e-10  8.72409059e-15 
 7.26350000e-10  8.72409059e-15 
 7.27350000e-10  8.72409059e-15 
 7.28350000e-10  8.72409059e-15 
 7.29350000e-10  8.72409059e-15 
 7.30350000e-10  8.72409059e-15 
 7.31350000e-10  8.72409059e-15 
 7.32350000e-10  8.72409059e-15 
 7.33350000e-10  8.72409059e-15 
 7.34350000e-10  8.72409059e-15 
 7.35350000e-10  8.72409059e-15 
 7.36350000e-10  8.72409059e-15 
 7.37350000e-10  8.72409059e-15 
 7.38350000e-10  8.72409059e-15 
 7.39350000e-10  8.72409059e-15 
 7.40350000e-10  8.72409059e-15 
 7.41350000e-10  8.72409059e-15 
 7.42350000e-10  8.72409059e-15 
 7.43350000e-10  8.72409059e-15 
 7.44350000e-10  8.72409059e-15 
 7.45350000e-10  8.72409059e-15 
 7.46350000e-10  8.72409059e-15 
 7.47350000e-10  8.72409059e-15 
 7.48350000e-10  8.72409059e-15 
 7.49350000e-10  8.72409059e-15 
 7.50350000e-10  8.72409059e-15 
 7.51350000e-10  8.72409059e-15 
 7.52350000e-10  8.72409059e-15 
 7.53350000e-10  8.72409059e-15 
 7.54350000e-10  8.72409059e-15 
 7.55350000e-10  8.72409059e-15 
 7.56350000e-10  8.72409059e-15 
 7.57350000e-10  8.72409059e-15 
 7.58350000e-10  8.72409059e-15 
 7.59350000e-10  8.72409059e-15 
 7.60350000e-10  8.72409059e-15 
 7.61350000e-10  8.72409059e-15 
 7.62350000e-10  8.72409059e-15 
 7.63350000e-10  8.72409059e-15 
 7.64350000e-10  8.72409059e-15 
 7.65350000e-10  8.72409059e-15 
 7.66350000e-10  8.72409059e-15 
 7.67350000e-10  8.72409059e-15 
 7.68350000e-10  8.72409059e-15 
 7.69350000e-10  8.72409059e-15 
 7.70350000e-10  8.72409059e-15 
 7.71350000e-10  8.72409059e-15 
 7.72350000e-10  8.72409059e-15 
 7.73350000e-10  8.72409059e-15 
 7.74350000e-10  8.72409059e-15 
 7.75350000e-10  8.72409059e-15 
 7.76350000e-10  8.72409059e-15 
 7.77350000e-10  8.72409059e-15 
 7.78350000e-10  8.72409059e-15 
 7.79350000e-10  8.72409059e-15 
 7.80350000e-10  8.72409059e-15 
 7.81350000e-10  8.72409059e-15 
 7.82350000e-10  8.72409059e-15 
 7.83350000e-10  8.72409059e-15 
 7.84350000e-10  8.72409059e-15 
 7.85350000e-10  8.72409059e-15 
 7.86350000e-10  8.72409059e-15 
 7.87350000e-10  8.72409059e-15 
 7.88350000e-10  8.72409059e-15 
 7.89350000e-10  8.72409059e-15 
 7.90350000e-10  8.72409059e-15 
 7.91350000e-10  8.72409059e-15 
 7.92350000e-10  8.72409059e-15 
 7.93350000e-10  8.72409059e-15 
 7.94350000e-10  8.72409059e-15 
 7.95350000e-10  8.72409059e-15 
 7.96350000e-10  8.72409059e-15 
 7.97350000e-10  8.72409059e-15 
 7.98350000e-10  8.72409059e-15 
 7.99350000e-10  8.72409059e-15 
 8.00350000e-10  8.72409059e-15 
 8.01350000e-10  8.72409059e-15 
 8.02350000e-10  8.72409059e-15 
 8.03350000e-10  8.72409059e-15 
 8.04350000e-10  8.72409059e-15 
 8.05350000e-10  8.72409059e-15 
 8.06350000e-10  8.72409059e-15 
 8.07350000e-10  8.72409059e-15 
 8.08350000e-10  8.72409059e-15 
 8.09350000e-10  8.72409059e-15 
 8.10350000e-10  8.72409059e-15 
 8.11350000e-10  8.72409059e-15 
 8.12350000e-10  8.72409059e-15 
 8.13350000e-10  8.72409059e-15 
 8.14350000e-10  8.72409059e-15 
 8.15350000e-10  8.72409059e-15 
 8.16350000e-10  8.72409059e-15 
 8.17350000e-10  8.72409059e-15 
 8.18350000e-10  8.72409059e-15 
 8.19350000e-10  8.72409059e-15 
 8.20350000e-10  8.72409059e-15 
 8.21350000e-10  8.72409059e-15 
 8.22350000e-10  8.72409059e-15 
 8.23350000e-10  8.72409059e-15 
 8.24350000e-10  8.72409059e-15 
 8.25350000e-10  8.72409059e-15 
 8.26350000e-10  8.72409059e-15 
 8.27350000e-10  8.72409059e-15 
 8.28350000e-10  8.72409059e-15 
 8.29350000e-10  8.72409059e-15 
 8.30350000e-10  8.72409059e-15 
 8.31350000e-10  8.72409059e-15 
 8.32350000e-10  8.72409059e-15 
 8.33350000e-10  8.72409059e-15 
 8.34350000e-10  8.72409059e-15 
 8.35350000e-10  8.72409059e-15 
 8.36350000e-10  8.72409059e-15 
 8.37350000e-10  8.72409059e-15 
 8.38350000e-10  8.72409059e-15 
 8.39350000e-10  8.72409059e-15 
 8.40350000e-10  8.72409059e-15 
 8.41350000e-10  8.72409059e-15 
 8.42350000e-10  8.72409059e-15 
 8.43350000e-10  8.72409059e-15 
 8.44350000e-10  8.72409059e-15 
 8.45350000e-10  8.72409059e-15 
 8.46350000e-10  8.72409059e-15 
 8.47350000e-10  8.72409059e-15 
 8.48350000e-10  8.72409059e-15 
 8.49350000e-10  8.72409059e-15 
 8.50350000e-10  8.72409059e-15 
 8.51350000e-10  8.72409059e-15 
 8.52350000e-10  8.72409059e-15 
 8.53350000e-10  8.72409059e-15 
 8.54350000e-10  8.72409059e-15 
 8.55350000e-10  8.72409059e-15 
 8.56350000e-10  8.72409059e-15 
 8.57350000e-10  8.72409059e-15 
 8.58350000e-10  8.72409059e-15 
 8.59350000e-10  8.72409059e-15 
 8.60350000e-10  8.72409059e-15 
 8.61350000e-10  8.72409059e-15 
 8.62350000e-10  8.72409059e-15 
 8.63350000e-10  8.72409059e-15 
 8.64350000e-10  8.72409059e-15 
 8.65350000e-10  8.72409059e-15 
 8.66350000e-10  8.72409059e-15 
 8.67350000e-10  8.72409059e-15 
 8.68350000e-10  8.72409059e-15 
 8.69350000e-10  8.72409059e-15 
 8.70350000e-10  8.72409059e-15 
 8.71350000e-10  8.72409059e-15 
 8.72350000e-10  8.72409059e-15 
 8.73350000e-10  8.72409059e-15 
 8.74350000e-10  8.72409059e-15 
 8.75350000e-10  8.72409059e-15 
 8.76350000e-10  8.72409059e-15 
 8.77350000e-10  8.72409059e-15 
 8.78350000e-10  8.72409059e-15 
 8.79350000e-10  8.72409059e-15 
 8.80350000e-10  8.72409059e-15 
 8.81350000e-10  8.72409059e-15 
 8.82350000e-10  8.72409059e-15 
 8.83350000e-10  8.72409059e-15 
 8.84350000e-10  8.72409059e-15 
 8.85350000e-10  8.72409059e-15 
 8.86350000e-10  8.72409059e-15 
 8.87350000e-10  8.72409059e-15 
 8.88350000e-10  8.72409059e-15 
 8.89350000e-10  8.72409059e-15 
 8.90350000e-10  8.72409059e-15 
 8.91350000e-10  8.72409059e-15 
 8.92350000e-10  8.72409059e-15 
 8.93350000e-10  8.72409059e-15 
 8.94350000e-10  8.72409059e-15 
 8.95350000e-10  8.72409059e-15 
 8.96350000e-10  8.72409059e-15 
 8.97350000e-10  8.72409059e-15 
 8.98350000e-10  8.72409059e-15 
 8.99350000e-10  8.72409059e-15 
 9.00350000e-10  8.72409059e-15 
 9.01350000e-10  8.72409059e-15 
 9.02350000e-10  8.72409059e-15 
 9.03350000e-10  8.72409059e-15 
 9.04350000e-10  8.72409059e-15 
 9.05350000e-10  8.72409059e-15 
 9.06350000e-10  8.72409059e-15 
 9.07350000e-10  8.72409059e-15 
 9.08350000e-10  8.72409059e-15 
 9.09350000e-10  8.72409059e-15 
 9.10350000e-10  8.72409059e-15 
 9.11350000e-10  8.72409059e-15 
 9.12350000e-10  8.72409059e-15 
 9.13350000e-10  8.72409059e-15 
 9.14350000e-10  8.72409059e-15 
 9.15350000e-10  8.72409059e-15 
 9.16350000e-10  8.72409059e-15 
 9.17350000e-10  8.72409059e-15 
 9.18350000e-10  8.72409059e-15 
 9.19350000e-10  8.72409059e-15 
 9.20350000e-10  8.72409059e-15 
 9.21350000e-10  8.72409059e-15 
 9.22350000e-10  8.72409059e-15 
 9.23350000e-10  8.72409059e-15 
 9.24350000e-10  8.72409059e-15 
 9.25350000e-10  8.72409059e-15 
 9.26350000e-10  8.72409059e-15 
 9.27350000e-10  8.72409059e-15 
 9.28350000e-10  8.72409059e-15 
 9.29350000e-10  8.72409059e-15 
 9.30350000e-10  8.72409059e-15 
 9.31350000e-10  8.72409059e-15 
 9.32350000e-10  8.72409059e-15 
 9.33350000e-10  8.72409059e-15 
 9.34350000e-10  8.72409059e-15 
 9.35350000e-10  8.72409059e-15 
 9.36350000e-10  8.72409059e-15 
 9.37350000e-10  8.72409059e-15 
 9.38350000e-10  8.72409059e-15 
 9.39350000e-10  8.72409059e-15 
 9.40350000e-10  8.72409059e-15 
 9.41350000e-10  8.72409059e-15 
 9.42350000e-10  8.72409059e-15 
 9.43350000e-10  8.72409059e-15 
 9.44350000e-10  8.72409059e-15 
 9.45350000e-10  8.72409059e-15 
 9.46350000e-10  8.72409059e-15 
 9.47350000e-10  8.72409059e-15 
 9.48350000e-10  8.72409059e-15 
 9.49350000e-10  8.72409059e-15 
 9.50350000e-10  8.72409059e-15 
 9.51350000e-10  8.72409059e-15 
 9.52350000e-10  8.72409059e-15 
 9.53350000e-10  8.72409059e-15 
 9.54350000e-10  8.72409059e-15 
 9.55350000e-10  8.72409059e-15 
 9.56350000e-10  8.72409059e-15 
 9.57350000e-10  8.72409059e-15 
 9.58350000e-10  8.72409059e-15 
 9.59350000e-10  8.72409059e-15 
 9.60350000e-10  8.72409059e-15 
 9.61350000e-10  8.72409059e-15 
 9.62350000e-10  8.72409059e-15 
 9.63350000e-10  8.72409059e-15 
 9.64350000e-10  8.72409059e-15 
 9.65350000e-10  8.72409059e-15 
 9.66350000e-10  8.72409059e-15 
 9.67350000e-10  8.72409059e-15 
 9.68350000e-10  8.72409059e-15 
 9.69350000e-10  8.72409059e-15 
 9.70350000e-10  8.72409059e-15 
 9.71350000e-10  8.72409059e-15 
 9.72350000e-10  8.72409059e-15 
 9.73350000e-10  8.72409059e-15 
 9.74350000e-10  8.72409059e-15 
 9.75350000e-10  8.72409059e-15 
 9.76350000e-10  8.72409059e-15 
 9.77350000e-10  8.72409059e-15 
 9.78350000e-10  8.72409059e-15 
 9.79350000e-10  8.72409059e-15 
 9.80350000e-10  8.72409059e-15 
 9.81350000e-10  8.72409059e-15 
 9.82350000e-10  8.72409059e-15 
 9.83350000e-10  8.72409059e-15 
 9.84350000e-10  8.72409059e-15 
 9.85350000e-10  8.72409059e-15 
 9.86350000e-10  8.72409059e-15 
 9.87350000e-10  8.72409059e-15 
 9.88350000e-10  8.72409059e-15 
 9.89350000e-10  8.72409059e-15 
 9.90350000e-10  8.72409059e-15 
 9.91350000e-10  8.72409059e-15 
 9.92350000e-10  8.72409059e-15 
 9.93350000e-10  8.72409059e-15 
 9.94350000e-10  8.72409059e-15 
 9.95350000e-10  8.72409059e-15 
 9.96350000e-10  8.72409059e-15 
 9.97350000e-10  8.72409059e-15 
 9.98350000e-10  8.72409059e-15 
 9.99175000e-10  8.74528003e-15 
 1.00000000e-09  8.64239439e-15 
 1.00010000e-09 -8.98687907e-07 
 1.00030000e-09 -4.48805530e-06 
 1.00070000e-09 -2.23545142e-05 
 1.00150000e-09 -1.00203703e-04 
 1.00250000e-09 -2.74846895e-04 
 1.00350000e-09 -5.33125064e-04 
 1.00450000e-09 -8.72562484e-04 
 1.00550000e-09 -1.29075672e-03 
 1.00650000e-09 -1.78537643e-03 
 1.00750000e-09 -2.35415932e-03 
 1.00850000e-09 -2.99491004e-03 
 1.00950000e-09 -3.70549822e-03 
 1.01050000e-09 -4.48385657e-03 
 1.01150000e-09 -5.32797898e-03 
 1.01250000e-09 -6.23591875e-03 
 1.01350000e-09 -7.20578676e-03 
 1.01450000e-09 -8.23574985e-03 
 1.01550000e-09 -9.32402912e-03 
 1.01650000e-09 -1.04688983e-02 
 1.01750000e-09 -1.16686823e-02 
 1.01850000e-09 -1.29217554e-02 
 1.01950000e-09 -1.42265404e-02 
 1.02050000e-09 -1.55815063e-02 
 1.02150000e-09 -1.69851678e-02 
 1.02250000e-09 -1.84360835e-02 
 1.02350000e-09 -1.99328544e-02 
 1.02450000e-09 -2.14741233e-02 
 1.02550000e-09 -2.30585729e-02 
 1.02650000e-09 -2.46849250e-02 
 1.02750000e-09 -2.63519393e-02 
 1.02850000e-09 -2.80584120e-02 
 1.02950000e-09 -2.98031751e-02 
 1.03050000e-09 -3.15850952e-02 
 1.03150000e-09 -3.34030724e-02 
 1.03250000e-09 -3.52560393e-02 
 1.03350000e-09 -3.71429601e-02 
 1.03450000e-09 -3.90628299e-02 
 1.03550000e-09 -4.10146732e-02 
 1.03650000e-09 -4.29975436e-02 
 1.03750000e-09 -4.50105226e-02 
 1.03850000e-09 -4.70527189e-02 
 1.03950000e-09 -4.91232678e-02 
 1.04050000e-09 -5.12213298e-02 
 1.04150000e-09 -5.33460906e-02 
 1.04250000e-09 -5.54967599e-02 
 1.04350000e-09 -5.76725707e-02 
 1.04450000e-09 -5.98727788e-02 
 1.04550000e-09 -6.20966619e-02 
 1.04650000e-09 -6.43435194e-02 
 1.04750000e-09 -6.66126710e-02 
 1.04850000e-09 -6.89034569e-02 
 1.04950000e-09 -7.12152366e-02 
 1.05050000e-09 -7.35473888e-02 
 1.05150000e-09 -7.58993103e-02 
 1.05250000e-09 -7.82704159e-02 
 1.05350000e-09 -8.06601377e-02 
 1.05450000e-09 -8.30679248e-02 
 1.05550000e-09 -8.54932423e-02 
 1.05650000e-09 -8.79355713e-02 
 1.05750000e-09 -9.03944082e-02 
 1.05850000e-09 -9.28692644e-02 
 1.05950000e-09 -9.53596656e-02 
 1.06050000e-09 -9.78651518e-02 
 1.06150000e-09 -1.00385276e-01 
 1.06250000e-09 -1.02919606e-01 
 1.06350000e-09 -1.05467720e-01 
 1.06450000e-09 -1.08029211e-01 
 1.06550000e-09 -1.10603682e-01 
 1.06650000e-09 -1.13190750e-01 
 1.06750000e-09 -1.15790041e-01 
 1.06850000e-09 -1.18401194e-01 
 1.06950000e-09 -1.21023857e-01 
 1.07050000e-09 -1.23657690e-01 
 1.07150000e-09 -1.26302362e-01 
 1.07250000e-09 -1.28957552e-01 
 1.07350000e-09 -1.31622949e-01 
 1.07450000e-09 -1.34298251e-01 
 1.07550000e-09 -1.36983165e-01 
 1.07650000e-09 -1.39677405e-01 
 1.07750000e-09 -1.42380697e-01 
 1.07850000e-09 -1.45092771e-01 
 1.07950000e-09 -1.47813369e-01 
 1.08050000e-09 -1.50542237e-01 
 1.08150000e-09 -1.53279132e-01 
 1.08250000e-09 -1.56023814e-01 
 1.08350000e-09 -1.58776055e-01 
 1.08450000e-09 -1.61535629e-01 
 1.08550000e-09 -1.64302321e-01 
 1.08650000e-09 -1.67075918e-01 
 1.08750000e-09 -1.69856218e-01 
 1.08850000e-09 -1.72643021e-01 
 1.08950000e-09 -1.75436135e-01 
 1.09050000e-09 -1.78235373e-01 
 1.09150000e-09 -1.81040554e-01 
 1.09250000e-09 -1.83851502e-01 
 1.09350000e-09 -1.86668047e-01 
 1.09450000e-09 -1.89490021e-01 
 1.09550000e-09 -1.92317266e-01 
 1.09650000e-09 -1.95149625e-01 
 1.09750000e-09 -1.97986945e-01 
 1.09850000e-09 -2.00829082e-01 
 1.09950000e-09 -2.03675891e-01 
 1.10050000e-09 -2.06527236e-01 
 1.10150000e-09 -2.09382980e-01 
 1.10250000e-09 -2.12242995e-01 
 1.10350000e-09 -2.15107154e-01 
 1.10450000e-09 -2.17975333e-01 
 1.10550000e-09 -2.20847415e-01 
 1.10650000e-09 -2.23723283e-01 
 1.10750000e-09 -2.26602826e-01 
 1.10850000e-09 -2.29485935e-01 
 1.10950000e-09 -2.32372504e-01 
 1.11050000e-09 -2.35262430e-01 
 1.11150000e-09 -2.38155615e-01 
 1.11250000e-09 -2.41051962e-01 
 1.11350000e-09 -2.43951377e-01 
 1.11450000e-09 -2.46853769e-01 
 1.11550000e-09 -2.49759051e-01 
 1.11650000e-09 -2.52667137e-01 
 1.11750000e-09 -2.55577943e-01 
 1.11850000e-09 -2.58491390e-01 
 1.11950000e-09 -2.61407399e-01 
 1.12050000e-09 -2.64325894e-01 
 1.12150000e-09 -2.67246801e-01 
 1.12250000e-09 -2.70170050e-01 
 1.12350000e-09 -2.73095571e-01 
 1.12450000e-09 -2.76023297e-01 
 1.12550000e-09 -2.78953162e-01 
 1.12650000e-09 -2.81885103e-01 
 1.12750000e-09 -2.84819059e-01 
 1.12850000e-09 -2.87754970e-01 
 1.12950000e-09 -2.90692778e-01 
 1.13050000e-09 -2.93632427e-01 
 1.13150000e-09 -2.96573863e-01 
 1.13250000e-09 -2.99517032e-01 
 1.13350000e-09 -3.02461883e-01 
 1.13450000e-09 -3.05408367e-01 
 1.13550000e-09 -3.08356435e-01 
 1.13650000e-09 -3.11306040e-01 
 1.13750000e-09 -3.14257137e-01 
 1.13850000e-09 -3.17209682e-01 
 1.13950000e-09 -3.20163631e-01 
 1.14050000e-09 -3.23118944e-01 
 1.14150000e-09 -3.26075579e-01 
 1.14250000e-09 -3.29033498e-01 
 1.14350000e-09 -3.31992663e-01 
 1.14450000e-09 -3.34953036e-01 
 1.14550000e-09 -3.37914583e-01 
 1.14650000e-09 -3.40877268e-01 
 1.14750000e-09 -3.43841057e-01 
 1.14850000e-09 -3.46805918e-01 
 1.14925000e-09 -3.49030249e-01 
 1.15000000e-09 -3.51255152e-01 
 1.15010000e-09 -3.51550955e-01 
 1.15030000e-09 -3.52140788e-01 
 1.15070000e-09 -3.53309885e-01 
 1.15150000e-09 -3.55606425e-01 
 1.15250000e-09 -3.58400623e-01 
 1.15350000e-09 -3.61112108e-01 
 1.15450000e-09 -3.63743328e-01 
 1.15550000e-09 -3.66296660e-01 
 1.15650000e-09 -3.68774410e-01 
 1.15750000e-09 -3.71178814e-01 
 1.15850000e-09 -3.73512045e-01 
 1.15950000e-09 -3.75776208e-01 
 1.16050000e-09 -3.77973348e-01 
 1.16150000e-09 -3.80105450e-01 
 1.16250000e-09 -3.82174437e-01 
 1.16350000e-09 -3.84182180e-01 
 1.16450000e-09 -3.86130490e-01 
 1.16550000e-09 -3.88021128e-01 
 1.16650000e-09 -3.89855799e-01 
 1.16750000e-09 -3.91636162e-01 
 1.16850000e-09 -3.93363822e-01 
 1.16950000e-09 -3.95040342e-01 
 1.17050000e-09 -3.96667234e-01 
 1.17150000e-09 -3.98245967e-01 
 1.17250000e-09 -3.99777967e-01 
 1.17350000e-09 -4.01264618e-01 
 1.17450000e-09 -4.02707261e-01 
 1.17550000e-09 -4.04107200e-01 
 1.17650000e-09 -4.05465699e-01 
 1.17750000e-09 -4.06783984e-01 
 1.17850000e-09 -4.08063245e-01 
 1.17950000e-09 -4.09304639e-01 
 1.18050000e-09 -4.10509285e-01 
 1.18150000e-09 -4.11678272e-01 
 1.18250000e-09 -4.12812655e-01 
 1.18350000e-09 -4.13913459e-01 
 1.18450000e-09 -4.14981677e-01 
 1.18550000e-09 -4.16018274e-01 
 1.18650000e-09 -4.17024186e-01 
 1.18750000e-09 -4.18000322e-01 
 1.18850000e-09 -4.18947562e-01 
 1.18950000e-09 -4.19866763e-01 
 1.19050000e-09 -4.20758754e-01 
 1.19150000e-09 -4.21624340e-01 
 1.19250000e-09 -4.22464304e-01 
 1.19350000e-09 -4.23279404e-01 
 1.19450000e-09 -4.24070375e-01 
 1.19550000e-09 -4.24837933e-01 
 1.19650000e-09 -4.25582769e-01 
 1.19750000e-09 -4.26305557e-01 
 1.19850000e-09 -4.27006950e-01 
 1.19950000e-09 -4.27687580e-01 
 1.20050000e-09 -4.28348063e-01 
 1.20150000e-09 -4.28988994e-01 
 1.20250000e-09 -4.29610952e-01 
 1.20350000e-09 -4.30214500e-01 
 1.20450000e-09 -4.30800182e-01 
 1.20550000e-09 -4.31368526e-01 
 1.20650000e-09 -4.31920047e-01 
 1.20750000e-09 -4.32455242e-01 
 1.20850000e-09 -4.32974594e-01 
 1.20950000e-09 -4.33478573e-01 
 1.21050000e-09 -4.33967633e-01 
 1.21150000e-09 -4.34442216e-01 
 1.21250000e-09 -4.34902751e-01 
 1.21350000e-09 -4.35349653e-01 
 1.21450000e-09 -4.35783326e-01 
 1.21550000e-09 -4.36204162e-01 
 1.21650000e-09 -4.36612540e-01 
 1.21750000e-09 -4.37008830e-01 
 1.21850000e-09 -4.37393389e-01 
 1.21950000e-09 -4.37766564e-01 
 1.22050000e-09 -4.38128693e-01 
 1.22150000e-09 -4.38480102e-01 
 1.22250000e-09 -4.38821109e-01 
 1.22350000e-09 -4.39152022e-01 
 1.22450000e-09 -4.39473139e-01 
 1.22550000e-09 -4.39784751e-01 
 1.22650000e-09 -4.40087138e-01 
 1.22750000e-09 -4.40380574e-01 
 1.22850000e-09 -4.40665324e-01 
 1.22950000e-09 -4.40941645e-01 
 1.23050000e-09 -4.41209787e-01 
 1.23150000e-09 -4.41469991e-01 
 1.23250000e-09 -4.41722492e-01 
 1.23350000e-09 -4.41967519e-01 
 1.23450000e-09 -4.42205293e-01 
 1.23550000e-09 -4.42436029e-01 
 1.23650000e-09 -4.42659934e-01 
 1.23750000e-09 -4.42877212e-01 
 1.23850000e-09 -4.43088057e-01 
 1.23950000e-09 -4.43292662e-01 
 1.24050000e-09 -4.43491209e-01 
 1.24150000e-09 -4.43683880e-01 
 1.24250000e-09 -4.43870847e-01 
 1.24350000e-09 -4.44052279e-01 
 1.24450000e-09 -4.44228341e-01 
 1.24550000e-09 -4.44399191e-01 
 1.24650000e-09 -4.44564984e-01 
 1.24750000e-09 -4.44725869e-01 
 1.24850000e-09 -4.44881991e-01 
 1.24950000e-09 -4.45033492e-01 
 1.25050000e-09 -4.45180509e-01 
 1.25150000e-09 -4.45323173e-01 
 1.25250000e-09 -4.45461615e-01 
 1.25350000e-09 -4.45595958e-01 
 1.25450000e-09 -4.45726325e-01 
 1.25550000e-09 -4.45852832e-01 
 1.25650000e-09 -4.45975595e-01 
 1.25750000e-09 -4.46094723e-01 
 1.25850000e-09 -4.46210326e-01 
 1.25950000e-09 -4.46322506e-01 
 1.26050000e-09 -4.46431365e-01 
 1.26150000e-09 -4.46537003e-01 
 1.26250000e-09 -4.46639513e-01 
 1.26350000e-09 -4.46738988e-01 
 1.26450000e-09 -4.46835519e-01 
 1.26550000e-09 -4.46929193e-01 
 1.26650000e-09 -4.47020094e-01 
 1.26750000e-09 -4.47108304e-01 
 1.26850000e-09 -4.47193902e-01 
 1.26950000e-09 -4.47276967e-01 
 1.27050000e-09 -4.47357573e-01 
 1.27150000e-09 -4.47435793e-01 
 1.27250000e-09 -4.47511698e-01 
 1.27350000e-09 -4.47585355e-01 
 1.27450000e-09 -4.47656833e-01 
 1.27550000e-09 -4.47726194e-01 
 1.27650000e-09 -4.47793502e-01 
 1.27750000e-09 -4.47858818e-01 
 1.27850000e-09 -4.47922200e-01 
 1.27950000e-09 -4.47983706e-01 
 1.28050000e-09 -4.48043392e-01 
 1.28150000e-09 -4.48101311e-01 
 1.28250000e-09 -4.48157515e-01 
 1.28350000e-09 -4.48212055e-01 
 1.28450000e-09 -4.48264981e-01 
 1.28550000e-09 -4.48316340e-01 
 1.28650000e-09 -4.48366179e-01 
 1.28750000e-09 -4.48414543e-01 
 1.28850000e-09 -4.48461475e-01 
 1.28950000e-09 -4.48507018e-01 
 1.29050000e-09 -4.48551212e-01 
 1.29150000e-09 -4.48594099e-01 
 1.29250000e-09 -4.48635716e-01 
 1.29350000e-09 -4.48676101e-01 
 1.29450000e-09 -4.48715290e-01 
 1.29550000e-09 -4.48753319e-01 
 1.29650000e-09 -4.48790223e-01 
 1.29750000e-09 -4.48826034e-01 
 1.29850000e-09 -4.48860786e-01 
 1.29950000e-09 -4.48894508e-01 
 1.30050000e-09 -4.48927232e-01 
 1.30150000e-09 -4.48958988e-01 
 1.30250000e-09 -4.48989804e-01 
 1.30350000e-09 -4.49019707e-01 
 1.30450000e-09 -4.49048725e-01 
 1.30550000e-09 -4.49076884e-01 
 1.30650000e-09 -4.49104210e-01 
 1.30750000e-09 -4.49130727e-01 
 1.30850000e-09 -4.49156459e-01 
 1.30950000e-09 -4.49181429e-01 
 1.31050000e-09 -4.49205660e-01 
 1.31150000e-09 -4.49229174e-01 
 1.31250000e-09 -4.49251991e-01 
 1.31350000e-09 -4.49274133e-01 
 1.31450000e-09 -4.49295620e-01 
 1.31550000e-09 -4.49316471e-01 
 1.31650000e-09 -4.49336704e-01 
 1.31750000e-09 -4.49356339e-01 
 1.31850000e-09 -4.49375392e-01 
 1.31950000e-09 -4.49393882e-01 
 1.32050000e-09 -4.49411824e-01 
 1.32150000e-09 -4.49429235e-01 
 1.32250000e-09 -4.49446130e-01 
 1.32350000e-09 -4.49462526e-01 
 1.32450000e-09 -4.49478436e-01 
 1.32550000e-09 -4.49493875e-01 
 1.32650000e-09 -4.49508857e-01 
 1.32750000e-09 -4.49523396e-01 
 1.32850000e-09 -4.49537504e-01 
 1.32950000e-09 -4.49551194e-01 
 1.33050000e-09 -4.49564480e-01 
 1.33150000e-09 -4.49577372e-01 
 1.33250000e-09 -4.49589882e-01 
 1.33350000e-09 -4.49602022e-01 
 1.33450000e-09 -4.49613803e-01 
 1.33550000e-09 -4.49625235e-01 
 1.33650000e-09 -4.49636329e-01 
 1.33750000e-09 -4.49647094e-01 
 1.33850000e-09 -4.49657541e-01 
 1.33950000e-09 -4.49667678e-01 
 1.34050000e-09 -4.49677515e-01 
 1.34150000e-09 -4.49687061e-01 
 1.34250000e-09 -4.49696325e-01 
 1.34350000e-09 -4.49705314e-01 
 1.34450000e-09 -4.49714037e-01 
 1.34550000e-09 -4.49722502e-01 
 1.34650000e-09 -4.49730716e-01 
 1.34750000e-09 -4.49738688e-01 
 1.34850000e-09 -4.49746423e-01 
 1.34950000e-09 -4.49753929e-01 
 1.35050000e-09 -4.49761213e-01 
 1.35150000e-09 -4.49768282e-01 
 1.35250000e-09 -4.49775141e-01 
 1.35350000e-09 -4.49781797e-01 
 1.35450000e-09 -4.49788256e-01 
 1.35550000e-09 -4.49794524e-01 
 1.35650000e-09 -4.49800607e-01 
 1.35750000e-09 -4.49806509e-01 
 1.35850000e-09 -4.49812237e-01 
 1.35950000e-09 -4.49817795e-01 
 1.36050000e-09 -4.49823188e-01 
 1.36150000e-09 -4.49828422e-01 
 1.36250000e-09 -4.49833501e-01 
 1.36350000e-09 -4.49838430e-01 
 1.36450000e-09 -4.49843212e-01 
 1.36550000e-09 -4.49847854e-01 
 1.36650000e-09 -4.49852357e-01 
 1.36750000e-09 -4.49856728e-01 
 1.36850000e-09 -4.49860969e-01 
 1.36950000e-09 -4.49865084e-01 
 1.37050000e-09 -4.49869078e-01 
 1.37150000e-09 -4.49872954e-01 
 1.37250000e-09 -4.49876714e-01 
 1.37350000e-09 -4.49880364e-01 
 1.37450000e-09 -4.49883905e-01 
 1.37550000e-09 -4.49887342e-01 
 1.37650000e-09 -4.49890677e-01 
 1.37750000e-09 -4.49893913e-01 
 1.37850000e-09 -4.49897053e-01 
 1.37950000e-09 -4.49900101e-01 
 1.38050000e-09 -4.49903058e-01 
 1.38150000e-09 -4.49905927e-01 
 1.38250000e-09 -4.49908712e-01 
 1.38350000e-09 -4.49911414e-01 
 1.38450000e-09 -4.49914037e-01 
 1.38550000e-09 -4.49916581e-01 
 1.38650000e-09 -4.49919051e-01 
 1.38750000e-09 -4.49921447e-01 
 1.38850000e-09 -4.49923772e-01 
 1.38950000e-09 -4.49926029e-01 
 1.39050000e-09 -4.49928218e-01 
 1.39150000e-09 -4.49930343e-01 
 1.39250000e-09 -4.49932405e-01 
 1.39350000e-09 -4.49934406e-01 
 1.39450000e-09 -4.49936348e-01 
 1.39550000e-09 -4.49938232e-01 
 1.39650000e-09 -4.49940060e-01 
 1.39750000e-09 -4.49941835e-01 
 1.39850000e-09 -4.49943556e-01 
 1.39950000e-09 -4.49945227e-01 
 1.40050000e-09 -4.49946849e-01 
 1.40150000e-09 -4.49948422e-01 
 1.40250000e-09 -4.49949949e-01 
 1.40350000e-09 -4.49951430e-01 
 1.40450000e-09 -4.49952868e-01 
 1.40550000e-09 -4.49954263e-01 
 1.40650000e-09 -4.49955617e-01 
 1.40750000e-09 -4.49956931e-01 
 1.40850000e-09 -4.49958206e-01 
 1.40950000e-09 -4.49959443e-01 
 1.41050000e-09 -4.49960643e-01 
 1.41150000e-09 -4.49961808e-01 
 1.41250000e-09 -4.49962939e-01 
 1.41350000e-09 -4.49964036e-01 
 1.41450000e-09 -4.49965101e-01 
 1.41550000e-09 -4.49966134e-01 
 1.41650000e-09 -4.49967136e-01 
 1.41750000e-09 -4.49968109e-01 
 1.41850000e-09 -4.49969053e-01 
 1.41950000e-09 -4.49969969e-01 
 1.42050000e-09 -4.49970858e-01 
 1.42150000e-09 -4.49971721e-01 
 1.42250000e-09 -4.49972558e-01 
 1.42350000e-09 -4.49973370e-01 
 1.42450000e-09 -4.49974158e-01 
 1.42550000e-09 -4.49974923e-01 
 1.42650000e-09 -4.49975666e-01 
 1.42750000e-09 -4.49976386e-01 
 1.42850000e-09 -4.49977085e-01 
 1.42950000e-09 -4.49977763e-01 
 1.43050000e-09 -4.49978422e-01 
 1.43150000e-09 -4.49979060e-01 
 1.43250000e-09 -4.49979680e-01 
 1.43350000e-09 -4.49980282e-01 
 1.43450000e-09 -4.49980865e-01 
 1.43550000e-09 -4.49981432e-01 
 1.43650000e-09 -4.49981981e-01 
 1.43750000e-09 -4.49982515e-01 
 1.43850000e-09 -4.49983032e-01 
 1.43950000e-09 -4.49983535e-01 
 1.44050000e-09 -4.49984022e-01 
 1.44150000e-09 -4.49984495e-01 
 1.44250000e-09 -4.49984954e-01 
 1.44350000e-09 -4.49985399e-01 
 1.44450000e-09 -4.49985832e-01 
 1.44550000e-09 -4.49986251e-01 
 1.44650000e-09 -4.49986658e-01 
 1.44750000e-09 -4.49987053e-01 
 1.44850000e-09 -4.49987436e-01 
 1.44950000e-09 -4.49987808e-01 
 1.45050000e-09 -4.49988169e-01 
 1.45150000e-09 -4.49988519e-01 
 1.45250000e-09 -4.49988859e-01 
 1.45350000e-09 -4.49989189e-01 
 1.45450000e-09 -4.49989509e-01 
 1.45550000e-09 -4.49989819e-01 
 1.45650000e-09 -4.49990121e-01 
 1.45750000e-09 -4.49990413e-01 
 1.45850000e-09 -4.49990697e-01 
 1.45950000e-09 -4.49990972e-01 
 1.46050000e-09 -4.49991240e-01 
 1.46150000e-09 -4.49991499e-01 
 1.46250000e-09 -4.49991751e-01 
 1.46350000e-09 -4.49991995e-01 
 1.46450000e-09 -4.49992232e-01 
 1.46550000e-09 -4.49992462e-01 
 1.46650000e-09 -4.49992685e-01 
 1.46750000e-09 -4.49992901e-01 
 1.46850000e-09 -4.49993111e-01 
 1.46950000e-09 -4.49993315e-01 
 1.47050000e-09 -4.49993513e-01 
 1.47150000e-09 -4.49993705e-01 
 1.47250000e-09 -4.49993892e-01 
 1.47350000e-09 -4.49994072e-01 
 1.47450000e-09 -4.49994248e-01 
 1.47550000e-09 -4.49994418e-01 
 1.47650000e-09 -4.49994583e-01 
 1.47750000e-09 -4.49994744e-01 
 1.47850000e-09 -4.49994899e-01 
 1.47950000e-09 -4.49995050e-01 
 1.48050000e-09 -4.49995197e-01 
 1.48150000e-09 -4.49995339e-01 
 1.48250000e-09 -4.49995477e-01 
 1.48350000e-09 -4.49995611e-01 
 1.48450000e-09 -4.49995741e-01 
 1.48550000e-09 -4.49995867e-01 
 1.48650000e-09 -4.49995989e-01 
 1.48750000e-09 -4.49996108e-01 
 1.48850000e-09 -4.49996223e-01 
 1.48950000e-09 -4.49996335e-01 
 1.49050000e-09 -4.49996443e-01 
 1.49150000e-09 -4.49996549e-01 
 1.49250000e-09 -4.49996651e-01 
 1.49350000e-09 -4.49996750e-01 
 1.49450000e-09 -4.49996846e-01 
 1.49550000e-09 -4.49996939e-01 
 1.49650000e-09 -4.49997030e-01 
 1.49750000e-09 -4.49997118e-01 
 1.49850000e-09 -4.49997203e-01 
 1.49950000e-09 -4.49997286e-01 
 1.50050000e-09 -4.49997366e-01 
 1.50150000e-09 -4.49997444e-01 
 1.50250000e-09 -4.49997520e-01 
 1.50350000e-09 -4.49997593e-01 
 1.50450000e-09 -4.49997665e-01 
 1.50550000e-09 -4.49997734e-01 
 1.50650000e-09 -4.49997801e-01 
 1.50750000e-09 -4.49997866e-01 
 1.50850000e-09 -4.49997929e-01 
 1.50950000e-09 -4.49997990e-01 
 1.51050000e-09 -4.49998050e-01 
 1.51150000e-09 -4.49998108e-01 
 1.51250000e-09 -4.49998164e-01 
 1.51350000e-09 -4.49998218e-01 
 1.51450000e-09 -4.49998271e-01 
 1.51550000e-09 -4.49998322e-01 
 1.51650000e-09 -4.49998372e-01 
 1.51750000e-09 -4.49998420e-01 
 1.51850000e-09 -4.49998467e-01 
 1.51950000e-09 -4.49998512e-01 
 1.52050000e-09 -4.49998556e-01 
 1.52150000e-09 -4.49998599e-01 
 1.52250000e-09 -4.49998640e-01 
 1.52350000e-09 -4.49998680e-01 
 1.52450000e-09 -4.49998719e-01 
 1.52550000e-09 -4.49998757e-01 
 1.52650000e-09 -4.49998794e-01 
 1.52750000e-09 -4.49998830e-01 
 1.52850000e-09 -4.49998864e-01 
 1.52950000e-09 -4.49998898e-01 
 1.53050000e-09 -4.49998931e-01 
 1.53150000e-09 -4.49998962e-01 
 1.53250000e-09 -4.49998993e-01 
 1.53350000e-09 -4.49999023e-01 
 1.53450000e-09 -4.49999052e-01 
 1.53550000e-09 -4.49999080e-01 
 1.53650000e-09 -4.49999107e-01 
 1.53750000e-09 -4.49999134e-01 
 1.53850000e-09 -4.49999159e-01 
 1.53950000e-09 -4.49999184e-01 
 1.54050000e-09 -4.49999208e-01 
 1.54150000e-09 -4.49999232e-01 
 1.54250000e-09 -4.49999254e-01 
 1.54350000e-09 -4.49999276e-01 
 1.54450000e-09 -4.49999298e-01 
 1.54550000e-09 -4.49999319e-01 
 1.54650000e-09 -4.49999339e-01 
 1.54750000e-09 -4.49999358e-01 
 1.54850000e-09 -4.49999377e-01 
 1.54950000e-09 -4.49999396e-01 
 1.55050000e-09 -4.49999414e-01 
 1.55150000e-09 -4.49999431e-01 
 1.55250000e-09 -4.49999448e-01 
 1.55350000e-09 -4.49999464e-01 
 1.55450000e-09 -4.49999480e-01 
 1.55550000e-09 -4.49999495e-01 
 1.55650000e-09 -4.49999510e-01 
 1.55750000e-09 -4.49999525e-01 
 1.55850000e-09 -4.49999539e-01 
 1.55950000e-09 -4.49999553e-01 
 1.56050000e-09 -4.49999566e-01 
 1.56150000e-09 -4.49999579e-01 
 1.56250000e-09 -4.49999591e-01 
 1.56350000e-09 -4.49999603e-01 
 1.56450000e-09 -4.49999615e-01 
 1.56550000e-09 -4.49999626e-01 
 1.56650000e-09 -4.49999637e-01 
 1.56750000e-09 -4.49999648e-01 
 1.56850000e-09 -4.49999659e-01 
 1.56950000e-09 -4.49999669e-01 
 1.57050000e-09 -4.49999678e-01 
 1.57150000e-09 -4.49999688e-01 
 1.57250000e-09 -4.49999697e-01 
 1.57350000e-09 -4.49999706e-01 
 1.57450000e-09 -4.49999715e-01 
 1.57550000e-09 -4.49999723e-01 
 1.57650000e-09 -4.49999731e-01 
 1.57750000e-09 -4.49999739e-01 
 1.57850000e-09 -4.49999747e-01 
 1.57950000e-09 -4.49999755e-01 
 1.58050000e-09 -4.49999762e-01 
 1.58150000e-09 -4.49999769e-01 
 1.58250000e-09 -4.49999776e-01 
 1.58350000e-09 -4.49999782e-01 
 1.58450000e-09 -4.49999789e-01 
 1.58550000e-09 -4.49999795e-01 
 1.58650000e-09 -4.49999801e-01 
 1.58750000e-09 -4.49999807e-01 
 1.58850000e-09 -4.49999813e-01 
 1.58950000e-09 -4.49999818e-01 
 1.59050000e-09 -4.49999824e-01 
 1.59150000e-09 -4.49999829e-01 
 1.59250000e-09 -4.49999834e-01 
 1.59350000e-09 -4.49999839e-01 
 1.59450000e-09 -4.49999844e-01 
 1.59550000e-09 -4.49999848e-01 
 1.59650000e-09 -4.49999853e-01 
 1.59750000e-09 -4.49999857e-01 
 1.59850000e-09 -4.49999861e-01 
 1.59950000e-09 -4.49999865e-01 
 1.60050000e-09 -4.49999869e-01 
 1.60150000e-09 -4.49999873e-01 
 1.60250000e-09 -4.49999877e-01 
 1.60350000e-09 -4.49999881e-01 
 1.60450000e-09 -4.49999884e-01 
 1.60550000e-09 -4.49999888e-01 
 1.60650000e-09 -4.49999891e-01 
 1.60750000e-09 -4.49999894e-01 
 1.60850000e-09 -4.49999897e-01 
 1.60950000e-09 -4.49999900e-01 
 1.61050000e-09 -4.49999903e-01 
 1.61150000e-09 -4.49999906e-01 
 1.61250000e-09 -4.49999909e-01 
 1.61350000e-09 -4.49999912e-01 
 1.61450000e-09 -4.49999914e-01 
 1.61550000e-09 -4.49999917e-01 
 1.61650000e-09 -4.49999919e-01 
 1.61750000e-09 -4.49999922e-01 
 1.61850000e-09 -4.49999924e-01 
 1.61950000e-09 -4.49999926e-01 
 1.62050000e-09 -4.49999928e-01 
 1.62150000e-09 -4.49999930e-01 
 1.62250000e-09 -4.49999932e-01 
 1.62350000e-09 -4.49999934e-01 
 1.62450000e-09 -4.49999936e-01 
 1.62550000e-09 -4.49999938e-01 
 1.62650000e-09 -4.49999940e-01 
 1.62750000e-09 -4.49999942e-01 
 1.62850000e-09 -4.49999944e-01 
 1.62950000e-09 -4.49999945e-01 
 1.63050000e-09 -4.49999947e-01 
 1.63150000e-09 -4.49999948e-01 
 1.63250000e-09 -4.49999950e-01 
 1.63350000e-09 -4.49999951e-01 
 1.63450000e-09 -4.49999953e-01 
 1.63550000e-09 -4.49999954e-01 
 1.63650000e-09 -4.49999956e-01 
 1.63750000e-09 -4.49999957e-01 
 1.63850000e-09 -4.49999958e-01 
 1.63950000e-09 -4.49999959e-01 
 1.64050000e-09 -4.49999961e-01 
 1.64150000e-09 -4.49999962e-01 
 1.64250000e-09 -4.49999963e-01 
 1.64350000e-09 -4.49999964e-01 
 1.64450000e-09 -4.49999965e-01 
 1.64550000e-09 -4.49999966e-01 
 1.64650000e-09 -4.49999967e-01 
 1.64750000e-09 -4.49999968e-01 
 1.64850000e-09 -4.49999969e-01 
 1.64950000e-09 -4.49999970e-01 
 1.65050000e-09 -4.49999971e-01 
 1.65150000e-09 -4.49999972e-01 
 1.65250000e-09 -4.49999972e-01 
 1.65350000e-09 -4.49999973e-01 
 1.65450000e-09 -4.49999974e-01 
 1.65550000e-09 -4.49999975e-01 
 1.65650000e-09 -4.49999976e-01 
 1.65750000e-09 -4.49999976e-01 
 1.65850000e-09 -4.49999977e-01 
 1.65950000e-09 -4.49999978e-01 
 1.66050000e-09 -4.49999978e-01 
 1.66150000e-09 -4.49999979e-01 
 1.66250000e-09 -4.49999980e-01 
 1.66350000e-09 -4.49999980e-01 
 1.66450000e-09 -4.49999981e-01 
 1.66550000e-09 -4.49999981e-01 
 1.66650000e-09 -4.49999982e-01 
 1.66750000e-09 -4.49999982e-01 
 1.66850000e-09 -4.49999983e-01 
 1.66950000e-09 -4.49999983e-01 
 1.67050000e-09 -4.49999984e-01 
 1.67150000e-09 -4.49999984e-01 
 1.67250000e-09 -4.49999985e-01 
 1.67350000e-09 -4.49999985e-01 
 1.67450000e-09 -4.49999986e-01 
 1.67550000e-09 -4.49999986e-01 
 1.67650000e-09 -4.49999986e-01 
 1.67750000e-09 -4.49999987e-01 
 1.67850000e-09 -4.49999987e-01 
 1.67950000e-09 -4.49999988e-01 
 1.68050000e-09 -4.49999988e-01 
 1.68150000e-09 -4.49999988e-01 
 1.68250000e-09 -4.49999989e-01 
 1.68350000e-09 -4.49999989e-01 
 1.68450000e-09 -4.49999989e-01 
 1.68550000e-09 -4.49999990e-01 
 1.68650000e-09 -4.49999990e-01 
 1.68750000e-09 -4.49999990e-01 
 1.68850000e-09 -4.49999991e-01 
 1.68950000e-09 -4.49999991e-01 
 1.69050000e-09 -4.49999991e-01 
 1.69150000e-09 -4.49999991e-01 
 1.69250000e-09 -4.49999992e-01 
 1.69350000e-09 -4.49999992e-01 
 1.69450000e-09 -4.49999992e-01 
 1.69550000e-09 -4.49999992e-01 
 1.69650000e-09 -4.49999992e-01 
 1.69750000e-09 -4.49999993e-01 
 1.69850000e-09 -4.49999993e-01 
 1.69950000e-09 -4.49999993e-01 
 1.70050000e-09 -4.49999993e-01 
 1.70150000e-09 -4.49999993e-01 
 1.70250000e-09 -4.49999994e-01 
 1.70350000e-09 -4.49999994e-01 
 1.70450000e-09 -4.49999994e-01 
 1.70550000e-09 -4.49999994e-01 
 1.70650000e-09 -4.49999994e-01 
 1.70750000e-09 -4.49999995e-01 
 1.70850000e-09 -4.49999995e-01 
 1.70950000e-09 -4.49999995e-01 
 1.71050000e-09 -4.49999995e-01 
 1.71150000e-09 -4.49999995e-01 
 1.71250000e-09 -4.49999995e-01 
 1.71350000e-09 -4.49999995e-01 
 1.71450000e-09 -4.49999996e-01 
 1.71550000e-09 -4.49999996e-01 
 1.71650000e-09 -4.49999996e-01 
 1.71750000e-09 -4.49999996e-01 
 1.71850000e-09 -4.49999996e-01 
 1.71950000e-09 -4.49999996e-01 
 1.72050000e-09 -4.49999996e-01 
 1.72150000e-09 -4.49999996e-01 
 1.72250000e-09 -4.49999996e-01 
 1.72350000e-09 -4.49999997e-01 
 1.72450000e-09 -4.49999997e-01 
 1.72550000e-09 -4.49999997e-01 
 1.72650000e-09 -4.49999997e-01 
 1.72750000e-09 -4.49999997e-01 
 1.72850000e-09 -4.49999997e-01 
 1.72950000e-09 -4.49999997e-01 
 1.73050000e-09 -4.49999997e-01 
 1.73150000e-09 -4.49999997e-01 
 1.73250000e-09 -4.49999997e-01 
 1.73350000e-09 -4.49999997e-01 
 1.73450000e-09 -4.49999997e-01 
 1.73550000e-09 -4.49999997e-01 
 1.73650000e-09 -4.49999998e-01 
 1.73750000e-09 -4.49999998e-01 
 1.73850000e-09 -4.49999998e-01 
 1.73950000e-09 -4.49999998e-01 
 1.74050000e-09 -4.49999998e-01 
 1.74150000e-09 -4.49999998e-01 
 1.74250000e-09 -4.49999998e-01 
 1.74350000e-09 -4.49999998e-01 
 1.74450000e-09 -4.49999998e-01 
 1.74550000e-09 -4.49999998e-01 
 1.74650000e-09 -4.49999998e-01 
 1.74750000e-09 -4.49999998e-01 
 1.74850000e-09 -4.49999998e-01 
 1.74950000e-09 -4.49999998e-01 
 1.75050000e-09 -4.49999998e-01 
 1.75150000e-09 -4.49999998e-01 
 1.75250000e-09 -4.49999998e-01 
 1.75350000e-09 -4.49999998e-01 
 1.75450000e-09 -4.49999998e-01 
 1.75550000e-09 -4.49999999e-01 
 1.75650000e-09 -4.49999999e-01 
 1.75750000e-09 -4.49999999e-01 
 1.75850000e-09 -4.49999999e-01 
 1.75950000e-09 -4.49999999e-01 
 1.76050000e-09 -4.49999999e-01 
 1.76150000e-09 -4.49999999e-01 
 1.76250000e-09 -4.49999999e-01 
 1.76350000e-09 -4.49999999e-01 
 1.76450000e-09 -4.49999999e-01 
 1.76550000e-09 -4.49999999e-01 
 1.76650000e-09 -4.49999999e-01 
 1.76750000e-09 -4.49999999e-01 
 1.76850000e-09 -4.49999999e-01 
 1.76950000e-09 -4.49999999e-01 
 1.77050000e-09 -4.49999999e-01 
 1.77150000e-09 -4.49999999e-01 
 1.77250000e-09 -4.49999999e-01 
 1.77350000e-09 -4.49999999e-01 
 1.77450000e-09 -4.49999999e-01 
 1.77550000e-09 -4.49999999e-01 
 1.77650000e-09 -4.49999999e-01 
 1.77750000e-09 -4.49999999e-01 
 1.77850000e-09 -4.49999999e-01 
 1.77950000e-09 -4.49999999e-01 
 1.78050000e-09 -4.49999999e-01 
 1.78150000e-09 -4.49999999e-01 
 1.78250000e-09 -4.49999999e-01 
 1.78350000e-09 -4.49999999e-01 
 1.78450000e-09 -4.49999999e-01 
 1.78550000e-09 -4.49999999e-01 
 1.78650000e-09 -4.49999999e-01 
 1.78750000e-09 -4.49999999e-01 
 1.78850000e-09 -4.49999999e-01 
 1.78950000e-09 -4.49999999e-01 
 1.79050000e-09 -4.49999999e-01 
 1.79150000e-09 -4.49999999e-01 
 1.79250000e-09 -4.49999999e-01 
 1.79350000e-09 -4.49999999e-01 
 1.79450000e-09 -4.49999999e-01 
 1.79550000e-09 -4.49999999e-01 
 1.79650000e-09 -4.49999999e-01 
 1.79750000e-09 -4.49999999e-01 
 1.79850000e-09 -4.49999999e-01 
 1.79950000e-09 -4.49999999e-01 
 1.80050000e-09 -4.49999999e-01 
 1.80150000e-09 -4.49999999e-01 
 1.80250000e-09 -4.49999999e-01 
 1.80350000e-09 -4.49999999e-01 
 1.80450000e-09 -4.49999999e-01 
 1.80550000e-09 -4.49999999e-01 
 1.80650000e-09 -4.49999999e-01 
 1.80750000e-09 -4.49999999e-01 
 1.80850000e-09 -4.49999999e-01 
 1.80950000e-09 -4.49999999e-01 
 1.81050000e-09 -4.49999999e-01 
 1.81150000e-09 -4.49999999e-01 
 1.81250000e-09 -4.50000000e-01 
 1.81350000e-09 -4.50000000e-01 
 1.81450000e-09 -4.50000000e-01 
 1.81550000e-09 -4.50000000e-01 
 1.81650000e-09 -4.50000000e-01 
 1.81750000e-09 -4.50000000e-01 
 1.81850000e-09 -4.50000000e-01 
 1.81950000e-09 -4.50000000e-01 
 1.82050000e-09 -4.50000000e-01 
 1.82150000e-09 -4.50000000e-01 
 1.82250000e-09 -4.50000000e-01 
 1.82350000e-09 -4.50000000e-01 
 1.82450000e-09 -4.50000000e-01 
 1.82550000e-09 -4.50000000e-01 
 1.82650000e-09 -4.50000000e-01 
 1.82750000e-09 -4.50000000e-01 
 1.82850000e-09 -4.50000000e-01 
 1.82950000e-09 -4.50000000e-01 
 1.83050000e-09 -4.50000000e-01 
 1.83150000e-09 -4.50000000e-01 
 1.83250000e-09 -4.50000000e-01 
 1.83350000e-09 -4.50000000e-01 
 1.83450000e-09 -4.50000000e-01 
 1.83550000e-09 -4.50000000e-01 
 1.83650000e-09 -4.50000000e-01 
 1.83750000e-09 -4.50000000e-01 
 1.83850000e-09 -4.50000000e-01 
 1.83950000e-09 -4.50000000e-01 
 1.84050000e-09 -4.50000000e-01 
 1.84150000e-09 -4.50000000e-01 
 1.84250000e-09 -4.50000000e-01 
 1.84350000e-09 -4.50000000e-01 
 1.84450000e-09 -4.50000000e-01 
 1.84550000e-09 -4.50000000e-01 
 1.84650000e-09 -4.50000000e-01 
 1.84750000e-09 -4.50000000e-01 
 1.84850000e-09 -4.50000000e-01 
 1.84950000e-09 -4.50000000e-01 
 1.85050000e-09 -4.50000000e-01 
 1.85150000e-09 -4.50000000e-01 
 1.85250000e-09 -4.50000000e-01 
 1.85350000e-09 -4.50000000e-01 
 1.85450000e-09 -4.50000000e-01 
 1.85550000e-09 -4.50000000e-01 
 1.85650000e-09 -4.50000000e-01 
 1.85750000e-09 -4.50000000e-01 
 1.85850000e-09 -4.50000000e-01 
 1.85950000e-09 -4.50000000e-01 
 1.86050000e-09 -4.50000000e-01 
 1.86150000e-09 -4.50000000e-01 
 1.86250000e-09 -4.50000000e-01 
 1.86350000e-09 -4.50000000e-01 
 1.86450000e-09 -4.50000000e-01 
 1.86550000e-09 -4.50000000e-01 
 1.86650000e-09 -4.50000000e-01 
 1.86750000e-09 -4.50000000e-01 
 1.86850000e-09 -4.50000000e-01 
 1.86950000e-09 -4.50000000e-01 
 1.87050000e-09 -4.50000000e-01 
 1.87150000e-09 -4.50000000e-01 
 1.87250000e-09 -4.50000000e-01 
 1.87350000e-09 -4.50000000e-01 
 1.87450000e-09 -4.50000000e-01 
 1.87550000e-09 -4.50000000e-01 
 1.87650000e-09 -4.50000000e-01 
 1.87750000e-09 -4.50000000e-01 
 1.87850000e-09 -4.50000000e-01 
 1.87950000e-09 -4.50000000e-01 
 1.88050000e-09 -4.50000000e-01 
 1.88150000e-09 -4.50000000e-01 
 1.88250000e-09 -4.50000000e-01 
 1.88350000e-09 -4.50000000e-01 
 1.88450000e-09 -4.50000000e-01 
 1.88550000e-09 -4.50000000e-01 
 1.88650000e-09 -4.50000000e-01 
 1.88750000e-09 -4.50000000e-01 
 1.88850000e-09 -4.50000000e-01 
 1.88950000e-09 -4.50000000e-01 
 1.89050000e-09 -4.50000000e-01 
 1.89150000e-09 -4.50000000e-01 
 1.89250000e-09 -4.50000000e-01 
 1.89350000e-09 -4.50000000e-01 
 1.89450000e-09 -4.50000000e-01 
 1.89550000e-09 -4.50000000e-01 
 1.89650000e-09 -4.50000000e-01 
 1.89750000e-09 -4.50000000e-01 
 1.89850000e-09 -4.50000000e-01 
 1.89950000e-09 -4.50000000e-01 
 1.90050000e-09 -4.50000000e-01 
 1.90150000e-09 -4.50000000e-01 
 1.90250000e-09 -4.50000000e-01 
 1.90350000e-09 -4.50000000e-01 
 1.90450000e-09 -4.50000000e-01 
 1.90550000e-09 -4.50000000e-01 
 1.90650000e-09 -4.50000000e-01 
 1.90750000e-09 -4.50000000e-01 
 1.90850000e-09 -4.50000000e-01 
 1.90950000e-09 -4.50000000e-01 
 1.91050000e-09 -4.50000000e-01 
 1.91150000e-09 -4.50000000e-01 
 1.91250000e-09 -4.50000000e-01 
 1.91350000e-09 -4.50000000e-01 
 1.91450000e-09 -4.50000000e-01 
 1.91550000e-09 -4.50000000e-01 
 1.91650000e-09 -4.50000000e-01 
 1.91750000e-09 -4.50000000e-01 
 1.91850000e-09 -4.50000000e-01 
 1.91950000e-09 -4.50000000e-01 
 1.92050000e-09 -4.50000000e-01 
 1.92150000e-09 -4.50000000e-01 
 1.92250000e-09 -4.50000000e-01 
 1.92350000e-09 -4.50000000e-01 
 1.92450000e-09 -4.50000000e-01 
 1.92550000e-09 -4.50000000e-01 
 1.92650000e-09 -4.50000000e-01 
 1.92750000e-09 -4.50000000e-01 
 1.92850000e-09 -4.50000000e-01 
 1.92950000e-09 -4.50000000e-01 
 1.93050000e-09 -4.50000000e-01 
 1.93150000e-09 -4.50000000e-01 
 1.93250000e-09 -4.50000000e-01 
 1.93350000e-09 -4.50000000e-01 
 1.93450000e-09 -4.50000000e-01 
 1.93550000e-09 -4.50000000e-01 
 1.93650000e-09 -4.50000000e-01 
 1.93750000e-09 -4.50000000e-01 
 1.93850000e-09 -4.50000000e-01 
 1.93950000e-09 -4.50000000e-01 
 1.94050000e-09 -4.50000000e-01 
 1.94150000e-09 -4.50000000e-01 
 1.94250000e-09 -4.50000000e-01 
 1.94350000e-09 -4.50000000e-01 
 1.94450000e-09 -4.50000000e-01 
 1.94550000e-09 -4.50000000e-01 
 1.94650000e-09 -4.50000000e-01 
 1.94750000e-09 -4.50000000e-01 
 1.94850000e-09 -4.50000000e-01 
 1.94950000e-09 -4.50000000e-01 
 1.95050000e-09 -4.50000000e-01 
 1.95150000e-09 -4.50000000e-01 
 1.95250000e-09 -4.50000000e-01 
 1.95350000e-09 -4.50000000e-01 
 1.95450000e-09 -4.50000000e-01 
 1.95550000e-09 -4.50000000e-01 
 1.95650000e-09 -4.50000000e-01 
 1.95750000e-09 -4.50000000e-01 
 1.95850000e-09 -4.50000000e-01 
 1.95950000e-09 -4.50000000e-01 
 1.96050000e-09 -4.50000000e-01 
 1.96150000e-09 -4.50000000e-01 
 1.96250000e-09 -4.50000000e-01 
 1.96350000e-09 -4.50000000e-01 
 1.96450000e-09 -4.50000000e-01 
 1.96550000e-09 -4.50000000e-01 
 1.96650000e-09 -4.50000000e-01 
 1.96750000e-09 -4.50000000e-01 
 1.96850000e-09 -4.50000000e-01 
 1.96950000e-09 -4.50000000e-01 
 1.97050000e-09 -4.50000000e-01 
 1.97150000e-09 -4.50000000e-01 
 1.97250000e-09 -4.50000000e-01 
 1.97350000e-09 -4.50000000e-01 
 1.97450000e-09 -4.50000000e-01 
 1.97550000e-09 -4.50000000e-01 
 1.97650000e-09 -4.50000000e-01 
 1.97750000e-09 -4.50000000e-01 
 1.97850000e-09 -4.50000000e-01 
 1.97950000e-09 -4.50000000e-01 
 1.98050000e-09 -4.50000000e-01 
 1.98150000e-09 -4.50000000e-01 
 1.98250000e-09 -4.50000000e-01 
 1.98350000e-09 -4.50000000e-01 
 1.98450000e-09 -4.50000000e-01 
 1.98550000e-09 -4.50000000e-01 
 1.98650000e-09 -4.50000000e-01 
 1.98750000e-09 -4.50000000e-01 
 1.98850000e-09 -4.50000000e-01 
 1.98950000e-09 -4.50000000e-01 
 1.99050000e-09 -4.50000000e-01 
 1.99150000e-09 -4.50000000e-01 
 1.99250000e-09 -4.50000000e-01 
 1.99350000e-09 -4.50000000e-01 
 1.99450000e-09 -4.50000000e-01 
 1.99550000e-09 -4.50000000e-01 
 1.99650000e-09 -4.50000000e-01 
 1.99750000e-09 -4.50000000e-01 
 1.99850000e-09 -4.50000000e-01 
 1.99950000e-09 -4.50000000e-01 
 2.00050000e-09 -4.50000000e-01 
 2.00150000e-09 -4.50000000e-01 
 2.00250000e-09 -4.50000000e-01 
 2.00350000e-09 -4.50000000e-01 
 2.00450000e-09 -4.50000000e-01 
 2.00550000e-09 -4.50000000e-01 
 2.00650000e-09 -4.50000000e-01 
 2.00750000e-09 -4.50000000e-01 
 2.00850000e-09 -4.50000000e-01 
 2.00950000e-09 -4.50000000e-01 
 2.01050000e-09 -4.50000000e-01 
 2.01150000e-09 -4.50000000e-01 
 2.01250000e-09 -4.50000000e-01 
 2.01350000e-09 -4.50000000e-01 
 2.01450000e-09 -4.50000000e-01 
 2.01550000e-09 -4.50000000e-01 
 2.01650000e-09 -4.50000000e-01 
 2.01750000e-09 -4.50000000e-01 
 2.01850000e-09 -4.50000000e-01 
 2.01950000e-09 -4.50000000e-01 
 2.02050000e-09 -4.50000000e-01 
 2.02150000e-09 -4.50000000e-01 
 2.02250000e-09 -4.50000000e-01 
 2.02350000e-09 -4.50000000e-01 
 2.02450000e-09 -4.50000000e-01 
 2.02550000e-09 -4.50000000e-01 
 2.02650000e-09 -4.50000000e-01 
 2.02750000e-09 -4.50000000e-01 
 2.02850000e-09 -4.50000000e-01 
 2.02950000e-09 -4.50000000e-01 
 2.03050000e-09 -4.50000000e-01 
 2.03150000e-09 -4.50000000e-01 
 2.03250000e-09 -4.50000000e-01 
 2.03350000e-09 -4.50000000e-01 
 2.03450000e-09 -4.50000000e-01 
 2.03550000e-09 -4.50000000e-01 
 2.03650000e-09 -4.50000000e-01 
 2.03750000e-09 -4.50000000e-01 
 2.03850000e-09 -4.50000000e-01 
 2.03950000e-09 -4.50000000e-01 
 2.04050000e-09 -4.50000000e-01 
 2.04150000e-09 -4.50000000e-01 
 2.04250000e-09 -4.50000000e-01 
 2.04350000e-09 -4.50000000e-01 
 2.04450000e-09 -4.50000000e-01 
 2.04550000e-09 -4.50000000e-01 
 2.04650000e-09 -4.50000000e-01 
 2.04750000e-09 -4.50000000e-01 
 2.04850000e-09 -4.50000000e-01 
 2.04950000e-09 -4.50000000e-01 
 2.05050000e-09 -4.50000000e-01 
 2.05150000e-09 -4.50000000e-01 
 2.05250000e-09 -4.50000000e-01 
 2.05350000e-09 -4.50000000e-01 
 2.05450000e-09 -4.50000000e-01 
 2.05550000e-09 -4.50000000e-01 
 2.05650000e-09 -4.50000000e-01 
 2.05750000e-09 -4.50000000e-01 
 2.05850000e-09 -4.50000000e-01 
 2.05950000e-09 -4.50000000e-01 
 2.06050000e-09 -4.50000000e-01 
 2.06150000e-09 -4.50000000e-01 
 2.06250000e-09 -4.50000000e-01 
 2.06350000e-09 -4.50000000e-01 
 2.06450000e-09 -4.50000000e-01 
 2.06550000e-09 -4.50000000e-01 
 2.06650000e-09 -4.50000000e-01 
 2.06750000e-09 -4.50000000e-01 
 2.06850000e-09 -4.50000000e-01 
 2.06950000e-09 -4.50000000e-01 
 2.07050000e-09 -4.50000000e-01 
 2.07150000e-09 -4.50000000e-01 
 2.07250000e-09 -4.50000000e-01 
 2.07350000e-09 -4.50000000e-01 
 2.07450000e-09 -4.50000000e-01 
 2.07550000e-09 -4.50000000e-01 
 2.07650000e-09 -4.50000000e-01 
 2.07750000e-09 -4.50000000e-01 
 2.07850000e-09 -4.50000000e-01 
 2.07950000e-09 -4.50000000e-01 
 2.08050000e-09 -4.50000000e-01 
 2.08150000e-09 -4.50000000e-01 
 2.08250000e-09 -4.50000000e-01 
 2.08350000e-09 -4.50000000e-01 
 2.08450000e-09 -4.50000000e-01 
 2.08550000e-09 -4.50000000e-01 
 2.08650000e-09 -4.50000000e-01 
 2.08750000e-09 -4.50000000e-01 
 2.08850000e-09 -4.50000000e-01 
 2.08950000e-09 -4.50000000e-01 
 2.09050000e-09 -4.50000000e-01 
 2.09150000e-09 -4.50000000e-01 
 2.09250000e-09 -4.50000000e-01 
 2.09350000e-09 -4.50000000e-01 
 2.09450000e-09 -4.50000000e-01 
 2.09550000e-09 -4.50000000e-01 
 2.09650000e-09 -4.50000000e-01 
 2.09750000e-09 -4.50000000e-01 
 2.09850000e-09 -4.50000000e-01 
 2.09950000e-09 -4.50000000e-01 
 2.10050000e-09 -4.50000000e-01 
 2.10150000e-09 -4.50000000e-01 
 2.10250000e-09 -4.50000000e-01 
 2.10350000e-09 -4.50000000e-01 
 2.10450000e-09 -4.50000000e-01 
 2.10550000e-09 -4.50000000e-01 
 2.10650000e-09 -4.50000000e-01 
 2.10750000e-09 -4.50000000e-01 
 2.10850000e-09 -4.50000000e-01 
 2.10950000e-09 -4.50000000e-01 
 2.11050000e-09 -4.50000000e-01 
 2.11150000e-09 -4.50000000e-01 
 2.11250000e-09 -4.50000000e-01 
 2.11350000e-09 -4.50000000e-01 
 2.11450000e-09 -4.50000000e-01 
 2.11550000e-09 -4.50000000e-01 
 2.11650000e-09 -4.50000000e-01 
 2.11750000e-09 -4.50000000e-01 
 2.11850000e-09 -4.50000000e-01 
 2.11950000e-09 -4.50000000e-01 
 2.12050000e-09 -4.50000000e-01 
 2.12150000e-09 -4.50000000e-01 
 2.12250000e-09 -4.50000000e-01 
 2.12350000e-09 -4.50000000e-01 
 2.12450000e-09 -4.50000000e-01 
 2.12550000e-09 -4.50000000e-01 
 2.12650000e-09 -4.50000000e-01 
 2.12750000e-09 -4.50000000e-01 
 2.12850000e-09 -4.50000000e-01 
 2.12950000e-09 -4.50000000e-01 
 2.13050000e-09 -4.50000000e-01 
 2.13150000e-09 -4.50000000e-01 
 2.13250000e-09 -4.50000000e-01 
 2.13350000e-09 -4.50000000e-01 
 2.13450000e-09 -4.50000000e-01 
 2.13550000e-09 -4.50000000e-01 
 2.13650000e-09 -4.50000000e-01 
 2.13750000e-09 -4.50000000e-01 
 2.13850000e-09 -4.50000000e-01 
 2.13950000e-09 -4.50000000e-01 
 2.14050000e-09 -4.50000000e-01 
 2.14150000e-09 -4.50000000e-01 
 2.14250000e-09 -4.50000000e-01 
 2.14350000e-09 -4.50000000e-01 
 2.14450000e-09 -4.50000000e-01 
 2.14550000e-09 -4.50000000e-01 
 2.14650000e-09 -4.50000000e-01 
 2.14750000e-09 -4.50000000e-01 
 2.14850000e-09 -4.50000000e-01 
 2.14950000e-09 -4.50000000e-01 
 2.15050000e-09 -4.50000000e-01 
 2.15150000e-09 -4.50000000e-01 
 2.15250000e-09 -4.50000000e-01 
 2.15350000e-09 -4.50000000e-01 
 2.15450000e-09 -4.50000000e-01 
 2.15550000e-09 -4.50000000e-01 
 2.15650000e-09 -4.50000000e-01 
 2.15750000e-09 -4.50000000e-01 
 2.15850000e-09 -4.50000000e-01 
 2.15950000e-09 -4.50000000e-01 
 2.16050000e-09 -4.50000000e-01 
 2.16150000e-09 -4.50000000e-01 
 2.16250000e-09 -4.50000000e-01 
 2.16350000e-09 -4.50000000e-01 
 2.16450000e-09 -4.50000000e-01 
 2.16550000e-09 -4.50000000e-01 
 2.16650000e-09 -4.50000000e-01 
 2.16750000e-09 -4.50000000e-01 
 2.16850000e-09 -4.50000000e-01 
 2.16950000e-09 -4.50000000e-01 
 2.17050000e-09 -4.50000000e-01 
 2.17150000e-09 -4.50000000e-01 
 2.17250000e-09 -4.50000000e-01 
 2.17350000e-09 -4.50000000e-01 
 2.17450000e-09 -4.50000000e-01 
 2.17550000e-09 -4.50000000e-01 
 2.17650000e-09 -4.50000000e-01 
 2.17750000e-09 -4.50000000e-01 
 2.17850000e-09 -4.50000000e-01 
 2.17950000e-09 -4.50000000e-01 
 2.18050000e-09 -4.50000000e-01 
 2.18150000e-09 -4.50000000e-01 
 2.18250000e-09 -4.50000000e-01 
 2.18350000e-09 -4.50000000e-01 
 2.18450000e-09 -4.50000000e-01 
 2.18550000e-09 -4.50000000e-01 
 2.18650000e-09 -4.50000000e-01 
 2.18750000e-09 -4.50000000e-01 
 2.18850000e-09 -4.50000000e-01 
 2.18950000e-09 -4.50000000e-01 
 2.19050000e-09 -4.50000000e-01 
 2.19150000e-09 -4.50000000e-01 
 2.19250000e-09 -4.50000000e-01 
 2.19350000e-09 -4.50000000e-01 
 2.19450000e-09 -4.50000000e-01 
 2.19550000e-09 -4.50000000e-01 
 2.19650000e-09 -4.50000000e-01 
 2.19750000e-09 -4.50000000e-01 
 2.19850000e-09 -4.50000000e-01 
 2.19950000e-09 -4.50000000e-01 
 2.20050000e-09 -4.50000000e-01 
 2.20150000e-09 -4.50000000e-01 
 2.20250000e-09 -4.50000000e-01 
 2.20350000e-09 -4.50000000e-01 
 2.20450000e-09 -4.50000000e-01 
 2.20550000e-09 -4.50000000e-01 
 2.20650000e-09 -4.50000000e-01 
 2.20750000e-09 -4.50000000e-01 
 2.20850000e-09 -4.50000000e-01 
 2.20950000e-09 -4.50000000e-01 
 2.21050000e-09 -4.50000000e-01 
 2.21150000e-09 -4.50000000e-01 
 2.21250000e-09 -4.50000000e-01 
 2.21350000e-09 -4.50000000e-01 
 2.21450000e-09 -4.50000000e-01 
 2.21550000e-09 -4.50000000e-01 
 2.21650000e-09 -4.50000000e-01 
 2.21750000e-09 -4.50000000e-01 
 2.21850000e-09 -4.50000000e-01 
 2.21950000e-09 -4.50000000e-01 
 2.22050000e-09 -4.50000000e-01 
 2.22150000e-09 -4.50000000e-01 
 2.22250000e-09 -4.50000000e-01 
 2.22350000e-09 -4.50000000e-01 
 2.22450000e-09 -4.50000000e-01 
 2.22550000e-09 -4.50000000e-01 
 2.22650000e-09 -4.50000000e-01 
 2.22750000e-09 -4.50000000e-01 
 2.22850000e-09 -4.50000000e-01 
 2.22950000e-09 -4.50000000e-01 
 2.23050000e-09 -4.50000000e-01 
 2.23150000e-09 -4.50000000e-01 
 2.23250000e-09 -4.50000000e-01 
 2.23350000e-09 -4.50000000e-01 
 2.23450000e-09 -4.50000000e-01 
 2.23550000e-09 -4.50000000e-01 
 2.23650000e-09 -4.50000000e-01 
 2.23750000e-09 -4.50000000e-01 
 2.23850000e-09 -4.50000000e-01 
 2.23950000e-09 -4.50000000e-01 
 2.24050000e-09 -4.50000000e-01 
 2.24150000e-09 -4.50000000e-01 
 2.24250000e-09 -4.50000000e-01 
 2.24350000e-09 -4.50000000e-01 
 2.24450000e-09 -4.50000000e-01 
 2.24550000e-09 -4.50000000e-01 
 2.24650000e-09 -4.50000000e-01 
 2.24750000e-09 -4.50000000e-01 
 2.24850000e-09 -4.50000000e-01 
 2.24950000e-09 -4.50000000e-01 
 2.25050000e-09 -4.50000000e-01 
 2.25150000e-09 -4.50000000e-01 
 2.25250000e-09 -4.50000000e-01 
 2.25350000e-09 -4.50000000e-01 
 2.25450000e-09 -4.50000000e-01 
 2.25550000e-09 -4.50000000e-01 
 2.25650000e-09 -4.50000000e-01 
 2.25750000e-09 -4.50000000e-01 
 2.25850000e-09 -4.50000000e-01 
 2.25950000e-09 -4.50000000e-01 
 2.26050000e-09 -4.50000000e-01 
 2.26150000e-09 -4.50000000e-01 
 2.26250000e-09 -4.50000000e-01 
 2.26350000e-09 -4.50000000e-01 
 2.26450000e-09 -4.50000000e-01 
 2.26550000e-09 -4.50000000e-01 
 2.26650000e-09 -4.50000000e-01 
 2.26750000e-09 -4.50000000e-01 
 2.26850000e-09 -4.50000000e-01 
 2.26950000e-09 -4.50000000e-01 
 2.27050000e-09 -4.50000000e-01 
 2.27150000e-09 -4.50000000e-01 
 2.27250000e-09 -4.50000000e-01 
 2.27350000e-09 -4.50000000e-01 
 2.27450000e-09 -4.50000000e-01 
 2.27550000e-09 -4.50000000e-01 
 2.27650000e-09 -4.50000000e-01 
 2.27750000e-09 -4.50000000e-01 
 2.27850000e-09 -4.50000000e-01 
 2.27950000e-09 -4.50000000e-01 
 2.28050000e-09 -4.50000000e-01 
 2.28150000e-09 -4.50000000e-01 
 2.28250000e-09 -4.50000000e-01 
 2.28350000e-09 -4.50000000e-01 
 2.28450000e-09 -4.50000000e-01 
 2.28550000e-09 -4.50000000e-01 
 2.28650000e-09 -4.50000000e-01 
 2.28750000e-09 -4.50000000e-01 
 2.28850000e-09 -4.50000000e-01 
 2.28950000e-09 -4.50000000e-01 
 2.29050000e-09 -4.50000000e-01 
 2.29150000e-09 -4.50000000e-01 
 2.29250000e-09 -4.50000000e-01 
 2.29350000e-09 -4.50000000e-01 
 2.29450000e-09 -4.50000000e-01 
 2.29550000e-09 -4.50000000e-01 
 2.29650000e-09 -4.50000000e-01 
 2.29750000e-09 -4.50000000e-01 
 2.29850000e-09 -4.50000000e-01 
 2.29950000e-09 -4.50000000e-01 
 2.30050000e-09 -4.50000000e-01 
 2.30150000e-09 -4.50000000e-01 
 2.30250000e-09 -4.50000000e-01 
 2.30350000e-09 -4.50000000e-01 
 2.30450000e-09 -4.50000000e-01 
 2.30550000e-09 -4.50000000e-01 
 2.30650000e-09 -4.50000000e-01 
 2.30750000e-09 -4.50000000e-01 
 2.30850000e-09 -4.50000000e-01 
 2.30950000e-09 -4.50000000e-01 
 2.31050000e-09 -4.50000000e-01 
 2.31150000e-09 -4.50000000e-01 
 2.31250000e-09 -4.50000000e-01 
 2.31350000e-09 -4.50000000e-01 
 2.31450000e-09 -4.50000000e-01 
 2.31550000e-09 -4.50000000e-01 
 2.31650000e-09 -4.50000000e-01 
 2.31750000e-09 -4.50000000e-01 
 2.31850000e-09 -4.50000000e-01 
 2.31950000e-09 -4.50000000e-01 
 2.32050000e-09 -4.50000000e-01 
 2.32150000e-09 -4.50000000e-01 
 2.32250000e-09 -4.50000000e-01 
 2.32350000e-09 -4.50000000e-01 
 2.32450000e-09 -4.50000000e-01 
 2.32550000e-09 -4.50000000e-01 
 2.32650000e-09 -4.50000000e-01 
 2.32750000e-09 -4.50000000e-01 
 2.32850000e-09 -4.50000000e-01 
 2.32950000e-09 -4.50000000e-01 
 2.33050000e-09 -4.50000000e-01 
 2.33150000e-09 -4.50000000e-01 
 2.33250000e-09 -4.50000000e-01 
 2.33350000e-09 -4.50000000e-01 
 2.33450000e-09 -4.50000000e-01 
 2.33550000e-09 -4.50000000e-01 
 2.33650000e-09 -4.50000000e-01 
 2.33750000e-09 -4.50000000e-01 
 2.33850000e-09 -4.50000000e-01 
 2.33950000e-09 -4.50000000e-01 
 2.34050000e-09 -4.50000000e-01 
 2.34150000e-09 -4.50000000e-01 
 2.34250000e-09 -4.50000000e-01 
 2.34350000e-09 -4.50000000e-01 
 2.34450000e-09 -4.50000000e-01 
 2.34550000e-09 -4.50000000e-01 
 2.34650000e-09 -4.50000000e-01 
 2.34750000e-09 -4.50000000e-01 
 2.34850000e-09 -4.50000000e-01 
 2.34950000e-09 -4.50000000e-01 
 2.35050000e-09 -4.50000000e-01 
 2.35150000e-09 -4.50000000e-01 
 2.35250000e-09 -4.50000000e-01 
 2.35350000e-09 -4.50000000e-01 
 2.35450000e-09 -4.50000000e-01 
 2.35550000e-09 -4.50000000e-01 
 2.35650000e-09 -4.50000000e-01 
 2.35750000e-09 -4.50000000e-01 
 2.35850000e-09 -4.50000000e-01 
 2.35950000e-09 -4.50000000e-01 
 2.36050000e-09 -4.50000000e-01 
 2.36150000e-09 -4.50000000e-01 
 2.36250000e-09 -4.50000000e-01 
 2.36350000e-09 -4.50000000e-01 
 2.36450000e-09 -4.50000000e-01 
 2.36550000e-09 -4.50000000e-01 
 2.36650000e-09 -4.50000000e-01 
 2.36750000e-09 -4.50000000e-01 
 2.36850000e-09 -4.50000000e-01 
 2.36950000e-09 -4.50000000e-01 
 2.37050000e-09 -4.50000000e-01 
 2.37150000e-09 -4.50000000e-01 
 2.37250000e-09 -4.50000000e-01 
 2.37350000e-09 -4.50000000e-01 
 2.37450000e-09 -4.50000000e-01 
 2.37550000e-09 -4.50000000e-01 
 2.37650000e-09 -4.50000000e-01 
 2.37750000e-09 -4.50000000e-01 
 2.37850000e-09 -4.50000000e-01 
 2.37950000e-09 -4.50000000e-01 
 2.38050000e-09 -4.50000000e-01 
 2.38150000e-09 -4.50000000e-01 
 2.38250000e-09 -4.50000000e-01 
 2.38350000e-09 -4.50000000e-01 
 2.38450000e-09 -4.50000000e-01 
 2.38550000e-09 -4.50000000e-01 
 2.38650000e-09 -4.50000000e-01 
 2.38750000e-09 -4.50000000e-01 
 2.38850000e-09 -4.50000000e-01 
 2.38950000e-09 -4.50000000e-01 
 2.39050000e-09 -4.50000000e-01 
 2.39150000e-09 -4.50000000e-01 
 2.39250000e-09 -4.50000000e-01 
 2.39350000e-09 -4.50000000e-01 
 2.39450000e-09 -4.50000000e-01 
 2.39550000e-09 -4.50000000e-01 
 2.39650000e-09 -4.50000000e-01 
 2.39750000e-09 -4.50000000e-01 
 2.39850000e-09 -4.50000000e-01 
 2.39950000e-09 -4.50000000e-01 
 2.40050000e-09 -4.50000000e-01 
 2.40150000e-09 -4.50000000e-01 
 2.40250000e-09 -4.50000000e-01 
 2.40350000e-09 -4.50000000e-01 
 2.40450000e-09 -4.50000000e-01 
 2.40550000e-09 -4.50000000e-01 
 2.40650000e-09 -4.50000000e-01 
 2.40750000e-09 -4.50000000e-01 
 2.40850000e-09 -4.50000000e-01 
 2.40950000e-09 -4.50000000e-01 
 2.41050000e-09 -4.50000000e-01 
 2.41150000e-09 -4.49999999e-01 
 2.41250000e-09 -4.49999999e-01 
 2.41350000e-09 -4.49999999e-01 
 2.41450000e-09 -4.49999999e-01 
 2.41550000e-09 -4.49999999e-01 
 2.41650000e-09 -4.49999999e-01 
 2.41750000e-09 -4.49999999e-01 
 2.41850000e-09 -4.49999999e-01 
 2.41950000e-09 -4.49999999e-01 
 2.42050000e-09 -4.49999999e-01 
 2.42150000e-09 -4.49999999e-01 
 2.42250000e-09 -4.49999999e-01 
 2.42350000e-09 -4.49999999e-01 
 2.42450000e-09 -4.49999999e-01 
 2.42550000e-09 -4.49999999e-01 
 2.42650000e-09 -4.49999999e-01 
 2.42750000e-09 -4.49999999e-01 
 2.42850000e-09 -4.49999999e-01 
 2.42950000e-09 -4.49999999e-01 
 2.43050000e-09 -4.49999999e-01 
 2.43150000e-09 -4.49999999e-01 
 2.43250000e-09 -4.49999999e-01 
 2.43350000e-09 -4.49999999e-01 
 2.43450000e-09 -4.49999999e-01 
 2.43550000e-09 -4.49999999e-01 
 2.43650000e-09 -4.49999999e-01 
 2.43750000e-09 -4.49999999e-01 
 2.43850000e-09 -4.49999999e-01 
 2.43950000e-09 -4.49999999e-01 
 2.44050000e-09 -4.49999999e-01 
 2.44150000e-09 -4.49999999e-01 
 2.44250000e-09 -4.49999999e-01 
 2.44350000e-09 -4.49999999e-01 
 2.44450000e-09 -4.49999999e-01 
 2.44550000e-09 -4.49999999e-01 
 2.44650000e-09 -4.49999999e-01 
 2.44750000e-09 -4.49999999e-01 
 2.44850000e-09 -4.49999999e-01 
 2.44950000e-09 -4.49999999e-01 
 2.45050000e-09 -4.49999999e-01 
 2.45150000e-09 -4.49999999e-01 
 2.45250000e-09 -4.49999999e-01 
 2.45350000e-09 -4.49999999e-01 
 2.45450000e-09 -4.49999999e-01 
 2.45550000e-09 -4.49999999e-01 
 2.45650000e-09 -4.49999999e-01 
 2.45750000e-09 -4.49999999e-01 
 2.45850000e-09 -4.49999999e-01 
 2.45950000e-09 -4.49999999e-01 
 2.46050000e-09 -4.49999999e-01 
 2.46150000e-09 -4.49999999e-01 
 2.46250000e-09 -4.49999999e-01 
 2.46350000e-09 -4.49999999e-01 
 2.46450000e-09 -4.49999999e-01 
 2.46550000e-09 -4.49999999e-01 
 2.46650000e-09 -4.49999999e-01 
 2.46750000e-09 -4.49999999e-01 
 2.46850000e-09 -4.49999999e-01 
 2.46950000e-09 -4.49999999e-01 
 2.47050000e-09 -4.49999999e-01 
 2.47150000e-09 -4.49999999e-01 
 2.47250000e-09 -4.49999999e-01 
 2.47350000e-09 -4.49999999e-01 
 2.47450000e-09 -4.49999999e-01 
 2.47550000e-09 -4.49999999e-01 
 2.47650000e-09 -4.49999999e-01 
 2.47750000e-09 -4.49999999e-01 
 2.47850000e-09 -4.49999999e-01 
 2.47950000e-09 -4.49999999e-01 
 2.48050000e-09 -4.49999999e-01 
 2.48150000e-09 -4.49999999e-01 
 2.48250000e-09 -4.49999999e-01 
 2.48350000e-09 -4.49999999e-01 
 2.48450000e-09 -4.49999999e-01 
 2.48550000e-09 -4.49999999e-01 
 2.48650000e-09 -4.49999999e-01 
 2.48750000e-09 -4.49999999e-01 
 2.48850000e-09 -4.49999999e-01 
 2.48950000e-09 -4.49999999e-01 
 2.49050000e-09 -4.49999999e-01 
 2.49150000e-09 -4.49999999e-01 
 2.49250000e-09 -4.49999999e-01 
 2.49350000e-09 -4.49999999e-01 
 2.49450000e-09 -4.49999999e-01 
 2.49550000e-09 -4.49999999e-01 
 2.49650000e-09 -4.49999999e-01 
 2.49750000e-09 -4.49999999e-01 
 2.49850000e-09 -4.49999999e-01 
 2.49950000e-09 -4.49999999e-01 
 2.50050000e-09 -4.49999999e-01 
 2.50150000e-09 -4.49999999e-01 
 2.50250000e-09 -4.49999999e-01 
 2.50350000e-09 -4.49999999e-01 
 2.50450000e-09 -4.49999999e-01 
 2.50550000e-09 -4.49999999e-01 
 2.50650000e-09 -4.49999999e-01 
 2.50750000e-09 -4.49999999e-01 
 2.50850000e-09 -4.49999999e-01 
 2.50950000e-09 -4.49999999e-01 
 2.51050000e-09 -4.49999999e-01 
 2.51150000e-09 -4.49999999e-01 
 2.51250000e-09 -4.49999999e-01 
 2.51350000e-09 -4.49999999e-01 
 2.51450000e-09 -4.49999999e-01 
 2.51550000e-09 -4.49999999e-01 
 2.51650000e-09 -4.49999999e-01 
 2.51750000e-09 -4.49999999e-01 
 2.51850000e-09 -4.49999999e-01 
 2.51950000e-09 -4.49999999e-01 
 2.52050000e-09 -4.49999999e-01 
 2.52150000e-09 -4.49999999e-01 
 2.52250000e-09 -4.49999999e-01 
 2.52350000e-09 -4.49999999e-01 
 2.52450000e-09 -4.49999999e-01 
 2.52550000e-09 -4.49999999e-01 
 2.52650000e-09 -4.49999999e-01 
 2.52750000e-09 -4.49999999e-01 
 2.52850000e-09 -4.49999999e-01 
 2.52950000e-09 -4.49999999e-01 
 2.53050000e-09 -4.49999999e-01 
 2.53150000e-09 -4.49999999e-01 
 2.53250000e-09 -4.49999999e-01 
 2.53350000e-09 -4.49999999e-01 
 2.53450000e-09 -4.49999999e-01 
 2.53550000e-09 -4.49999999e-01 
 2.53650000e-09 -4.49999999e-01 
 2.53750000e-09 -4.49999999e-01 
 2.53850000e-09 -4.49999999e-01 
 2.53950000e-09 -4.49999999e-01 
 2.54050000e-09 -4.49999999e-01 
 2.54150000e-09 -4.49999999e-01 
 2.54250000e-09 -4.49999999e-01 
 2.54350000e-09 -4.49999999e-01 
 2.54450000e-09 -4.49999999e-01 
 2.54550000e-09 -4.49999999e-01 
 2.54650000e-09 -4.49999999e-01 
 2.54750000e-09 -4.49999999e-01 
 2.54850000e-09 -4.49999999e-01 
 2.54950000e-09 -4.49999999e-01 
 2.55050000e-09 -4.49999999e-01 
 2.55150000e-09 -4.49999999e-01 
 2.55250000e-09 -4.49999999e-01 
 2.55350000e-09 -4.49999999e-01 
 2.55450000e-09 -4.49999999e-01 
 2.55550000e-09 -4.49999999e-01 
 2.55650000e-09 -4.49999999e-01 
 2.55750000e-09 -4.49999999e-01 
 2.55850000e-09 -4.49999999e-01 
 2.55950000e-09 -4.49999999e-01 
 2.56050000e-09 -4.49999999e-01 
 2.56150000e-09 -4.49999999e-01 
 2.56250000e-09 -4.49999999e-01 
 2.56350000e-09 -4.49999999e-01 
 2.56450000e-09 -4.49999999e-01 
 2.56550000e-09 -4.49999999e-01 
 2.56650000e-09 -4.49999999e-01 
 2.56750000e-09 -4.49999999e-01 
 2.56850000e-09 -4.49999999e-01 
 2.56950000e-09 -4.49999999e-01 
 2.57050000e-09 -4.49999999e-01 
 2.57150000e-09 -4.49999999e-01 
 2.57250000e-09 -4.49999999e-01 
 2.57350000e-09 -4.49999999e-01 
 2.57450000e-09 -4.49999999e-01 
 2.57550000e-09 -4.49999999e-01 
 2.57650000e-09 -4.49999999e-01 
 2.57750000e-09 -4.49999999e-01 
 2.57850000e-09 -4.49999999e-01 
 2.57950000e-09 -4.49999999e-01 
 2.58050000e-09 -4.49999999e-01 
 2.58150000e-09 -4.49999999e-01 
 2.58250000e-09 -4.49999999e-01 
 2.58350000e-09 -4.49999999e-01 
 2.58450000e-09 -4.49999999e-01 
 2.58550000e-09 -4.49999999e-01 
 2.58650000e-09 -4.49999999e-01 
 2.58750000e-09 -4.49999999e-01 
 2.58850000e-09 -4.49999999e-01 
 2.58950000e-09 -4.49999999e-01 
 2.59050000e-09 -4.49999999e-01 
 2.59150000e-09 -4.49999999e-01 
 2.59250000e-09 -4.49999999e-01 
 2.59350000e-09 -4.49999999e-01 
 2.59450000e-09 -4.49999999e-01 
 2.59550000e-09 -4.49999999e-01 
 2.59650000e-09 -4.49999999e-01 
 2.59750000e-09 -4.49999999e-01 
 2.59850000e-09 -4.49999999e-01 
 2.59950000e-09 -4.49999999e-01 
 2.60050000e-09 -4.49999999e-01 
 2.60150000e-09 -4.49999999e-01 
 2.60250000e-09 -4.49999999e-01 
 2.60350000e-09 -4.49999999e-01 
 2.60450000e-09 -4.49999999e-01 
 2.60550000e-09 -4.49999999e-01 
 2.60650000e-09 -4.49999999e-01 
 2.60750000e-09 -4.49999999e-01 
 2.60850000e-09 -4.49999999e-01 
 2.60950000e-09 -4.49999999e-01 
 2.61050000e-09 -4.49999999e-01 
 2.61150000e-09 -4.49999999e-01 
 2.61250000e-09 -4.49999999e-01 
 2.61350000e-09 -4.49999999e-01 
 2.61450000e-09 -4.49999999e-01 
 2.61550000e-09 -4.49999999e-01 
 2.61650000e-09 -4.49999999e-01 
 2.61750000e-09 -4.49999999e-01 
 2.61850000e-09 -4.49999999e-01 
 2.61950000e-09 -4.49999999e-01 
 2.62050000e-09 -4.49999999e-01 
 2.62150000e-09 -4.49999999e-01 
 2.62250000e-09 -4.49999999e-01 
 2.62350000e-09 -4.49999999e-01 
 2.62450000e-09 -4.49999999e-01 
 2.62550000e-09 -4.49999999e-01 
 2.62650000e-09 -4.49999999e-01 
 2.62750000e-09 -4.49999999e-01 
 2.62850000e-09 -4.49999999e-01 
 2.62950000e-09 -4.49999999e-01 
 2.63050000e-09 -4.49999999e-01 
 2.63150000e-09 -4.49999999e-01 
 2.63250000e-09 -4.49999999e-01 
 2.63350000e-09 -4.49999999e-01 
 2.63450000e-09 -4.49999999e-01 
 2.63550000e-09 -4.49999999e-01 
 2.63650000e-09 -4.49999999e-01 
 2.63750000e-09 -4.49999999e-01 
 2.63850000e-09 -4.49999999e-01 
 2.63950000e-09 -4.49999999e-01 
 2.64050000e-09 -4.49999999e-01 
 2.64150000e-09 -4.49999999e-01 
 2.64250000e-09 -4.49999999e-01 
 2.64350000e-09 -4.49999999e-01 
 2.64450000e-09 -4.49999999e-01 
 2.64550000e-09 -4.49999999e-01 
 2.64650000e-09 -4.49999999e-01 
 2.64750000e-09 -4.49999999e-01 
 2.64850000e-09 -4.49999999e-01 
 2.64950000e-09 -4.49999999e-01 
 2.65050000e-09 -4.49999999e-01 
 2.65150000e-09 -4.49999999e-01 
 2.65250000e-09 -4.49999999e-01 
 2.65350000e-09 -4.49999999e-01 
 2.65450000e-09 -4.49999999e-01 
 2.65550000e-09 -4.49999999e-01 
 2.65650000e-09 -4.49999999e-01 
 2.65750000e-09 -4.49999999e-01 
 2.65850000e-09 -4.49999999e-01 
 2.65950000e-09 -4.49999999e-01 
 2.66050000e-09 -4.49999999e-01 
 2.66150000e-09 -4.49999999e-01 
 2.66250000e-09 -4.49999999e-01 
 2.66350000e-09 -4.49999999e-01 
 2.66450000e-09 -4.49999999e-01 
 2.66550000e-09 -4.49999999e-01 
 2.66650000e-09 -4.49999999e-01 
 2.66750000e-09 -4.49999999e-01 
 2.66850000e-09 -4.49999999e-01 
 2.66950000e-09 -4.49999999e-01 
 2.67050000e-09 -4.49999999e-01 
 2.67150000e-09 -4.49999999e-01 
 2.67250000e-09 -4.49999999e-01 
 2.67350000e-09 -4.49999999e-01 
 2.67450000e-09 -4.49999999e-01 
 2.67550000e-09 -4.49999999e-01 
 2.67650000e-09 -4.49999999e-01 
 2.67750000e-09 -4.49999999e-01 
 2.67850000e-09 -4.49999999e-01 
 2.67950000e-09 -4.49999999e-01 
 2.68050000e-09 -4.49999999e-01 
 2.68150000e-09 -4.49999999e-01 
 2.68250000e-09 -4.49999999e-01 
 2.68350000e-09 -4.49999999e-01 
 2.68450000e-09 -4.49999999e-01 
 2.68550000e-09 -4.49999999e-01 
 2.68650000e-09 -4.49999999e-01 
 2.68750000e-09 -4.49999999e-01 
 2.68850000e-09 -4.49999999e-01 
 2.68950000e-09 -4.49999999e-01 
 2.69050000e-09 -4.49999999e-01 
 2.69150000e-09 -4.49999999e-01 
 2.69250000e-09 -4.49999999e-01 
 2.69350000e-09 -4.49999999e-01 
 2.69450000e-09 -4.49999999e-01 
 2.69550000e-09 -4.49999999e-01 
 2.69650000e-09 -4.49999999e-01 
 2.69750000e-09 -4.49999999e-01 
 2.69850000e-09 -4.49999999e-01 
 2.69950000e-09 -4.49999999e-01 
 2.70050000e-09 -4.49999999e-01 
 2.70150000e-09 -4.49999999e-01 
 2.70250000e-09 -4.49999999e-01 
 2.70350000e-09 -4.49999999e-01 
 2.70450000e-09 -4.49999999e-01 
 2.70550000e-09 -4.49999999e-01 
 2.70650000e-09 -4.49999999e-01 
 2.70750000e-09 -4.49999999e-01 
 2.70850000e-09 -4.49999999e-01 
 2.70950000e-09 -4.49999999e-01 
 2.71050000e-09 -4.49999999e-01 
 2.71150000e-09 -4.49999999e-01 
 2.71250000e-09 -4.49999999e-01 
 2.71350000e-09 -4.49999999e-01 
 2.71450000e-09 -4.49999999e-01 
 2.71550000e-09 -4.49999999e-01 
 2.71650000e-09 -4.49999999e-01 
 2.71750000e-09 -4.49999999e-01 
 2.71850000e-09 -4.49999999e-01 
 2.71950000e-09 -4.49999999e-01 
 2.72050000e-09 -4.49999999e-01 
 2.72150000e-09 -4.49999999e-01 
 2.72250000e-09 -4.49999999e-01 
 2.72350000e-09 -4.49999999e-01 
 2.72450000e-09 -4.49999999e-01 
 2.72550000e-09 -4.49999999e-01 
 2.72650000e-09 -4.49999999e-01 
 2.72750000e-09 -4.49999999e-01 
 2.72850000e-09 -4.49999999e-01 
 2.72950000e-09 -4.49999999e-01 
 2.73050000e-09 -4.49999999e-01 
 2.73150000e-09 -4.49999999e-01 
 2.73250000e-09 -4.49999999e-01 
 2.73350000e-09 -4.49999999e-01 
 2.73450000e-09 -4.49999999e-01 
 2.73550000e-09 -4.49999999e-01 
 2.73650000e-09 -4.49999999e-01 
 2.73750000e-09 -4.49999999e-01 
 2.73850000e-09 -4.49999999e-01 
 2.73950000e-09 -4.49999999e-01 
 2.74050000e-09 -4.49999999e-01 
 2.74150000e-09 -4.49999999e-01 
 2.74250000e-09 -4.49999999e-01 
 2.74350000e-09 -4.49999999e-01 
 2.74450000e-09 -4.49999999e-01 
 2.74550000e-09 -4.49999999e-01 
 2.74650000e-09 -4.49999999e-01 
 2.74750000e-09 -4.49999999e-01 
 2.74850000e-09 -4.49999999e-01 
 2.74950000e-09 -4.49999999e-01 
 2.75050000e-09 -4.49999999e-01 
 2.75150000e-09 -4.49999999e-01 
 2.75250000e-09 -4.49999999e-01 
 2.75350000e-09 -4.49999999e-01 
 2.75450000e-09 -4.49999999e-01 
 2.75550000e-09 -4.49999999e-01 
 2.75650000e-09 -4.49999999e-01 
 2.75750000e-09 -4.49999999e-01 
 2.75850000e-09 -4.49999999e-01 
 2.75950000e-09 -4.49999999e-01 
 2.76050000e-09 -4.49999999e-01 
 2.76150000e-09 -4.49999999e-01 
 2.76250000e-09 -4.49999999e-01 
 2.76350000e-09 -4.49999999e-01 
 2.76450000e-09 -4.49999999e-01 
 2.76550000e-09 -4.49999999e-01 
 2.76650000e-09 -4.49999999e-01 
 2.76750000e-09 -4.49999999e-01 
 2.76850000e-09 -4.49999999e-01 
 2.76950000e-09 -4.49999999e-01 
 2.77050000e-09 -4.49999999e-01 
 2.77150000e-09 -4.49999999e-01 
 2.77250000e-09 -4.49999999e-01 
 2.77350000e-09 -4.49999999e-01 
 2.77450000e-09 -4.49999999e-01 
 2.77550000e-09 -4.49999999e-01 
 2.77650000e-09 -4.49999999e-01 
 2.77750000e-09 -4.49999999e-01 
 2.77850000e-09 -4.49999999e-01 
 2.77950000e-09 -4.49999999e-01 
 2.78050000e-09 -4.49999999e-01 
 2.78150000e-09 -4.49999999e-01 
 2.78250000e-09 -4.49999999e-01 
 2.78350000e-09 -4.49999999e-01 
 2.78450000e-09 -4.49999999e-01 
 2.78550000e-09 -4.49999999e-01 
 2.78650000e-09 -4.49999999e-01 
 2.78750000e-09 -4.49999999e-01 
 2.78850000e-09 -4.49999999e-01 
 2.78950000e-09 -4.49999999e-01 
 2.79050000e-09 -4.49999999e-01 
 2.79150000e-09 -4.49999999e-01 
 2.79250000e-09 -4.49999999e-01 
 2.79350000e-09 -4.49999999e-01 
 2.79450000e-09 -4.49999999e-01 
 2.79550000e-09 -4.49999999e-01 
 2.79650000e-09 -4.49999999e-01 
 2.79750000e-09 -4.49999999e-01 
 2.79850000e-09 -4.49999999e-01 
 2.79950000e-09 -4.49999999e-01 
 2.80050000e-09 -4.49999999e-01 
 2.80150000e-09 -4.49999999e-01 
 2.80250000e-09 -4.49999999e-01 
 2.80350000e-09 -4.49999999e-01 
 2.80450000e-09 -4.49999999e-01 
 2.80550000e-09 -4.49999999e-01 
 2.80650000e-09 -4.49999999e-01 
 2.80750000e-09 -4.49999999e-01 
 2.80850000e-09 -4.49999999e-01 
 2.80950000e-09 -4.49999999e-01 
 2.81050000e-09 -4.49999999e-01 
 2.81150000e-09 -4.49999999e-01 
 2.81250000e-09 -4.49999999e-01 
 2.81350000e-09 -4.49999999e-01 
 2.81450000e-09 -4.49999999e-01 
 2.81550000e-09 -4.49999999e-01 
 2.81650000e-09 -4.49999999e-01 
 2.81750000e-09 -4.49999999e-01 
 2.81850000e-09 -4.49999999e-01 
 2.81950000e-09 -4.49999999e-01 
 2.82050000e-09 -4.49999999e-01 
 2.82150000e-09 -4.49999999e-01 
 2.82250000e-09 -4.49999999e-01 
 2.82350000e-09 -4.49999999e-01 
 2.82450000e-09 -4.49999999e-01 
 2.82550000e-09 -4.49999999e-01 
 2.82650000e-09 -4.49999999e-01 
 2.82750000e-09 -4.49999999e-01 
 2.82850000e-09 -4.49999999e-01 
 2.82950000e-09 -4.49999999e-01 
 2.83050000e-09 -4.49999999e-01 
 2.83150000e-09 -4.49999999e-01 
 2.83250000e-09 -4.49999999e-01 
 2.83350000e-09 -4.49999999e-01 
 2.83450000e-09 -4.49999999e-01 
 2.83550000e-09 -4.49999999e-01 
 2.83650000e-09 -4.49999999e-01 
 2.83750000e-09 -4.49999999e-01 
 2.83850000e-09 -4.49999999e-01 
 2.83950000e-09 -4.49999999e-01 
 2.84050000e-09 -4.49999999e-01 
 2.84150000e-09 -4.49999999e-01 
 2.84250000e-09 -4.49999999e-01 
 2.84350000e-09 -4.49999999e-01 
 2.84450000e-09 -4.49999999e-01 
 2.84550000e-09 -4.49999999e-01 
 2.84650000e-09 -4.49999999e-01 
 2.84750000e-09 -4.49999999e-01 
 2.84850000e-09 -4.49999999e-01 
 2.84950000e-09 -4.49999999e-01 
 2.85050000e-09 -4.49999999e-01 
 2.85150000e-09 -4.49999999e-01 
 2.85250000e-09 -4.49999999e-01 
 2.85350000e-09 -4.49999999e-01 
 2.85450000e-09 -4.49999999e-01 
 2.85550000e-09 -4.49999999e-01 
 2.85650000e-09 -4.49999999e-01 
 2.85750000e-09 -4.49999999e-01 
 2.85850000e-09 -4.49999999e-01 
 2.85950000e-09 -4.49999999e-01 
 2.86050000e-09 -4.49999999e-01 
 2.86150000e-09 -4.49999999e-01 
 2.86250000e-09 -4.49999999e-01 
 2.86350000e-09 -4.49999999e-01 
 2.86450000e-09 -4.49999999e-01 
 2.86550000e-09 -4.49999999e-01 
 2.86650000e-09 -4.49999999e-01 
 2.86750000e-09 -4.49999999e-01 
 2.86850000e-09 -4.49999999e-01 
 2.86950000e-09 -4.49999999e-01 
 2.87050000e-09 -4.49999999e-01 
 2.87150000e-09 -4.49999999e-01 
 2.87250000e-09 -4.49999999e-01 
 2.87350000e-09 -4.49999999e-01 
 2.87450000e-09 -4.49999999e-01 
 2.87550000e-09 -4.49999999e-01 
 2.87650000e-09 -4.49999999e-01 
 2.87750000e-09 -4.49999999e-01 
 2.87850000e-09 -4.49999999e-01 
 2.87950000e-09 -4.49999999e-01 
 2.88050000e-09 -4.49999999e-01 
 2.88150000e-09 -4.49999999e-01 
 2.88250000e-09 -4.49999999e-01 
 2.88350000e-09 -4.49999999e-01 
 2.88450000e-09 -4.49999999e-01 
 2.88550000e-09 -4.49999999e-01 
 2.88650000e-09 -4.49999999e-01 
 2.88750000e-09 -4.49999999e-01 
 2.88850000e-09 -4.49999999e-01 
 2.88950000e-09 -4.49999999e-01 
 2.89050000e-09 -4.49999999e-01 
 2.89150000e-09 -4.49999999e-01 
 2.89250000e-09 -4.49999999e-01 
 2.89350000e-09 -4.49999999e-01 
 2.89450000e-09 -4.49999999e-01 
 2.89550000e-09 -4.49999999e-01 
 2.89650000e-09 -4.49999999e-01 
 2.89750000e-09 -4.49999999e-01 
 2.89850000e-09 -4.49999999e-01 
 2.89950000e-09 -4.49999999e-01 
 2.90050000e-09 -4.49999999e-01 
 2.90150000e-09 -4.49999999e-01 
 2.90250000e-09 -4.49999999e-01 
 2.90350000e-09 -4.49999999e-01 
 2.90450000e-09 -4.49999999e-01 
 2.90550000e-09 -4.49999999e-01 
 2.90650000e-09 -4.49999999e-01 
 2.90750000e-09 -4.49999999e-01 
 2.90850000e-09 -4.49999999e-01 
 2.90950000e-09 -4.49999999e-01 
 2.91050000e-09 -4.49999999e-01 
 2.91150000e-09 -4.49999999e-01 
 2.91250000e-09 -4.49999999e-01 
 2.91350000e-09 -4.49999999e-01 
 2.91450000e-09 -4.49999999e-01 
 2.91550000e-09 -4.49999999e-01 
 2.91650000e-09 -4.49999999e-01 
 2.91750000e-09 -4.49999999e-01 
 2.91850000e-09 -4.49999999e-01 
 2.91950000e-09 -4.49999999e-01 
 2.92050000e-09 -4.49999999e-01 
 2.92150000e-09 -4.49999999e-01 
 2.92250000e-09 -4.49999999e-01 
 2.92350000e-09 -4.49999999e-01 
 2.92450000e-09 -4.49999999e-01 
 2.92550000e-09 -4.49999999e-01 
 2.92650000e-09 -4.49999999e-01 
 2.92750000e-09 -4.49999999e-01 
 2.92850000e-09 -4.49999999e-01 
 2.92950000e-09 -4.49999999e-01 
 2.93050000e-09 -4.49999999e-01 
 2.93150000e-09 -4.49999999e-01 
 2.93250000e-09 -4.49999999e-01 
 2.93350000e-09 -4.49999999e-01 
 2.93450000e-09 -4.49999999e-01 
 2.93550000e-09 -4.49999999e-01 
 2.93650000e-09 -4.49999999e-01 
 2.93750000e-09 -4.49999999e-01 
 2.93850000e-09 -4.49999999e-01 
 2.93950000e-09 -4.49999999e-01 
 2.94050000e-09 -4.49999999e-01 
 2.94150000e-09 -4.49999999e-01 
 2.94250000e-09 -4.49999999e-01 
 2.94350000e-09 -4.49999999e-01 
 2.94450000e-09 -4.49999999e-01 
 2.94550000e-09 -4.49999999e-01 
 2.94650000e-09 -4.49999999e-01 
 2.94750000e-09 -4.49999999e-01 
 2.94850000e-09 -4.49999999e-01 
 2.94950000e-09 -4.49999999e-01 
 2.95050000e-09 -4.49999999e-01 
 2.95150000e-09 -4.49999999e-01 
 2.95250000e-09 -4.49999999e-01 
 2.95350000e-09 -4.49999999e-01 
 2.95450000e-09 -4.49999999e-01 
 2.95550000e-09 -4.49999999e-01 
 2.95650000e-09 -4.49999999e-01 
 2.95750000e-09 -4.49999999e-01 
 2.95850000e-09 -4.49999999e-01 
 2.95950000e-09 -4.49999999e-01 
 2.96050000e-09 -4.49999999e-01 
 2.96150000e-09 -4.49999999e-01 
 2.96250000e-09 -4.49999999e-01 
 2.96350000e-09 -4.49999999e-01 
 2.96450000e-09 -4.49999999e-01 
 2.96550000e-09 -4.49999999e-01 
 2.96650000e-09 -4.49999999e-01 
 2.96750000e-09 -4.49999999e-01 
 2.96850000e-09 -4.49999999e-01 
 2.96950000e-09 -4.49999999e-01 
 2.97050000e-09 -4.49999999e-01 
 2.97150000e-09 -4.49999999e-01 
 2.97250000e-09 -4.49999999e-01 
 2.97350000e-09 -4.49999999e-01 
 2.97450000e-09 -4.49999999e-01 
 2.97550000e-09 -4.49999999e-01 
 2.97650000e-09 -4.49999999e-01 
 2.97750000e-09 -4.49999999e-01 
 2.97850000e-09 -4.49999999e-01 
 2.97950000e-09 -4.49999999e-01 
 2.98050000e-09 -4.49999999e-01 
 2.98150000e-09 -4.49999999e-01 
 2.98250000e-09 -4.49999999e-01 
 2.98350000e-09 -4.49999999e-01 
 2.98450000e-09 -4.49999999e-01 
 2.98550000e-09 -4.49999999e-01 
 2.98650000e-09 -4.49999999e-01 
 2.98750000e-09 -4.49999999e-01 
 2.98850000e-09 -4.49999999e-01 
 2.98950000e-09 -4.49999999e-01 
 2.99050000e-09 -4.49999999e-01 
 2.99150000e-09 -4.49999999e-01 
 2.99250000e-09 -4.49999999e-01 
 2.99350000e-09 -4.49999999e-01 
 2.99450000e-09 -4.49999999e-01 
 2.99550000e-09 -4.49999999e-01 
 2.99650000e-09 -4.49999999e-01 
 2.99750000e-09 -4.49999999e-01 
 2.99850000e-09 -4.49999999e-01 
 2.99950000e-09 -4.49999999e-01 
 3.00050000e-09 -4.49999999e-01 
 3.00150000e-09 -4.49999999e-01 
 3.00250000e-09 -4.49999999e-01 
 3.00350000e-09 -4.49999999e-01 
 3.00450000e-09 -4.49999999e-01 
 3.00550000e-09 -4.49999999e-01 
 3.00650000e-09 -4.49999999e-01 
 3.00750000e-09 -4.49999999e-01 
 3.00850000e-09 -4.49999999e-01 
 3.00950000e-09 -4.49999999e-01 
 3.01050000e-09 -4.49999999e-01 
 3.01150000e-09 -4.49999999e-01 
 3.01250000e-09 -4.49999999e-01 
 3.01350000e-09 -4.49999999e-01 
 3.01450000e-09 -4.49999999e-01 
 3.01550000e-09 -4.49999999e-01 
 3.01650000e-09 -4.49999999e-01 
 3.01750000e-09 -4.49999999e-01 
 3.01850000e-09 -4.49999999e-01 
 3.01950000e-09 -4.49999999e-01 
 3.02050000e-09 -4.49999999e-01 
 3.02150000e-09 -4.49999999e-01 
 3.02250000e-09 -4.49999999e-01 
 3.02350000e-09 -4.49999999e-01 
 3.02450000e-09 -4.49999999e-01 
 3.02550000e-09 -4.49999999e-01 
 3.02650000e-09 -4.49999999e-01 
 3.02750000e-09 -4.49999999e-01 
 3.02850000e-09 -4.49999999e-01 
 3.02950000e-09 -4.49999999e-01 
 3.03050000e-09 -4.49999999e-01 
 3.03150000e-09 -4.49999999e-01 
 3.03250000e-09 -4.49999999e-01 
 3.03350000e-09 -4.49999999e-01 
 3.03450000e-09 -4.49999999e-01 
 3.03550000e-09 -4.49999999e-01 
 3.03650000e-09 -4.49999999e-01 
 3.03750000e-09 -4.49999999e-01 
 3.03850000e-09 -4.49999999e-01 
 3.03950000e-09 -4.49999999e-01 
 3.04050000e-09 -4.49999999e-01 
 3.04150000e-09 -4.49999999e-01 
 3.04250000e-09 -4.49999999e-01 
 3.04350000e-09 -4.49999999e-01 
 3.04450000e-09 -4.49999999e-01 
 3.04550000e-09 -4.49999999e-01 
 3.04650000e-09 -4.49999999e-01 
 3.04750000e-09 -4.49999999e-01 
 3.04850000e-09 -4.49999999e-01 
 3.04950000e-09 -4.49999999e-01 
 3.05050000e-09 -4.49999999e-01 
 3.05150000e-09 -4.49999999e-01 
 3.05250000e-09 -4.49999999e-01 
 3.05350000e-09 -4.49999999e-01 
 3.05450000e-09 -4.49999999e-01 
 3.05550000e-09 -4.49999999e-01 
 3.05650000e-09 -4.49999999e-01 
 3.05750000e-09 -4.49999999e-01 
 3.05850000e-09 -4.49999999e-01 
 3.05950000e-09 -4.49999999e-01 
 3.06050000e-09 -4.49999999e-01 
 3.06150000e-09 -4.49999999e-01 
 3.06250000e-09 -4.49999999e-01 
 3.06350000e-09 -4.49999999e-01 
 3.06450000e-09 -4.49999999e-01 
 3.06550000e-09 -4.49999999e-01 
 3.06650000e-09 -4.49999999e-01 
 3.06750000e-09 -4.49999999e-01 
 3.06850000e-09 -4.49999999e-01 
 3.06950000e-09 -4.49999999e-01 
 3.07050000e-09 -4.49999999e-01 
 3.07150000e-09 -4.49999999e-01 
 3.07250000e-09 -4.49999999e-01 
 3.07350000e-09 -4.49999999e-01 
 3.07450000e-09 -4.49999999e-01 
 3.07550000e-09 -4.49999999e-01 
 3.07650000e-09 -4.49999999e-01 
 3.07750000e-09 -4.49999999e-01 
 3.07850000e-09 -4.49999999e-01 
 3.07950000e-09 -4.49999999e-01 
 3.08050000e-09 -4.49999999e-01 
 3.08150000e-09 -4.49999999e-01 
 3.08250000e-09 -4.49999999e-01 
 3.08350000e-09 -4.49999999e-01 
 3.08450000e-09 -4.49999999e-01 
 3.08550000e-09 -4.49999999e-01 
 3.08650000e-09 -4.49999999e-01 
 3.08750000e-09 -4.49999999e-01 
 3.08850000e-09 -4.49999999e-01 
 3.08950000e-09 -4.49999999e-01 
 3.09050000e-09 -4.49999999e-01 
 3.09150000e-09 -4.49999999e-01 
 3.09250000e-09 -4.49999999e-01 
 3.09350000e-09 -4.49999999e-01 
 3.09450000e-09 -4.49999999e-01 
 3.09550000e-09 -4.49999999e-01 
 3.09650000e-09 -4.49999999e-01 
 3.09750000e-09 -4.49999999e-01 
 3.09850000e-09 -4.49999999e-01 
 3.09950000e-09 -4.49999999e-01 
 3.10050000e-09 -4.49999999e-01 
 3.10150000e-09 -4.49999999e-01 
 3.10250000e-09 -4.49999999e-01 
 3.10350000e-09 -4.49999999e-01 
 3.10450000e-09 -4.49999999e-01 
 3.10550000e-09 -4.49999999e-01 
 3.10650000e-09 -4.49999999e-01 
 3.10750000e-09 -4.49999999e-01 
 3.10850000e-09 -4.49999999e-01 
 3.10950000e-09 -4.49999999e-01 
 3.11050000e-09 -4.49999999e-01 
 3.11150000e-09 -4.49999999e-01 
 3.11250000e-09 -4.49999999e-01 
 3.11350000e-09 -4.49999999e-01 
 3.11450000e-09 -4.49999999e-01 
 3.11550000e-09 -4.49999999e-01 
 3.11650000e-09 -4.49999999e-01 
 3.11750000e-09 -4.49999999e-01 
 3.11850000e-09 -4.49999999e-01 
 3.11950000e-09 -4.49999999e-01 
 3.12050000e-09 -4.49999999e-01 
 3.12150000e-09 -4.49999999e-01 
 3.12250000e-09 -4.49999999e-01 
 3.12350000e-09 -4.49999999e-01 
 3.12450000e-09 -4.49999999e-01 
 3.12550000e-09 -4.49999999e-01 
 3.12650000e-09 -4.49999999e-01 
 3.12750000e-09 -4.49999999e-01 
 3.12850000e-09 -4.49999999e-01 
 3.12950000e-09 -4.49999999e-01 
 3.13050000e-09 -4.49999999e-01 
 3.13150000e-09 -4.49999999e-01 
 3.13250000e-09 -4.49999999e-01 
 3.13350000e-09 -4.49999999e-01 
 3.13450000e-09 -4.49999999e-01 
 3.13550000e-09 -4.49999999e-01 
 3.13650000e-09 -4.49999999e-01 
 3.13750000e-09 -4.49999999e-01 
 3.13850000e-09 -4.49999999e-01 
 3.13950000e-09 -4.49999999e-01 
 3.14050000e-09 -4.49999999e-01 
 3.14150000e-09 -4.49999999e-01 
 3.14250000e-09 -4.49999999e-01 
 3.14350000e-09 -4.49999999e-01 
 3.14450000e-09 -4.49999999e-01 
 3.14550000e-09 -4.49999999e-01 
 3.14650000e-09 -4.49999999e-01 
 3.14750000e-09 -4.49999999e-01 
 3.14850000e-09 -4.49999999e-01 
 3.14950000e-09 -4.49999999e-01 
 3.15050000e-09 -4.49999999e-01 
 3.15150000e-09 -4.49999999e-01 
 3.15250000e-09 -4.49999999e-01 
 3.15350000e-09 -4.49999999e-01 
 3.15450000e-09 -4.49999999e-01 
 3.15550000e-09 -4.49999999e-01 
 3.15650000e-09 -4.49999999e-01 
 3.15750000e-09 -4.49999999e-01 
 3.15850000e-09 -4.49999999e-01 
 3.15950000e-09 -4.49999999e-01 
 3.16050000e-09 -4.49999999e-01 
 3.16150000e-09 -4.49999999e-01 
 3.16250000e-09 -4.49999999e-01 
 3.16350000e-09 -4.49999999e-01 
 3.16450000e-09 -4.49999999e-01 
 3.16550000e-09 -4.49999999e-01 
 3.16650000e-09 -4.49999999e-01 
 3.16750000e-09 -4.49999999e-01 
 3.16850000e-09 -4.49999999e-01 
 3.16950000e-09 -4.49999999e-01 
 3.17050000e-09 -4.49999999e-01 
 3.17150000e-09 -4.49999999e-01 
 3.17250000e-09 -4.49999999e-01 
 3.17350000e-09 -4.49999999e-01 
 3.17450000e-09 -4.49999999e-01 
 3.17550000e-09 -4.49999999e-01 
 3.17650000e-09 -4.49999999e-01 
 3.17750000e-09 -4.49999999e-01 
 3.17850000e-09 -4.49999999e-01 
 3.17950000e-09 -4.49999999e-01 
 3.18050000e-09 -4.49999999e-01 
 3.18150000e-09 -4.49999999e-01 
 3.18250000e-09 -4.49999999e-01 
 3.18350000e-09 -4.49999999e-01 
 3.18450000e-09 -4.49999999e-01 
 3.18550000e-09 -4.49999999e-01 
 3.18650000e-09 -4.49999999e-01 
 3.18750000e-09 -4.49999999e-01 
 3.18850000e-09 -4.49999999e-01 
 3.18950000e-09 -4.49999999e-01 
 3.19050000e-09 -4.49999999e-01 
 3.19150000e-09 -4.49999999e-01 
 3.19250000e-09 -4.49999999e-01 
 3.19350000e-09 -4.49999999e-01 
 3.19450000e-09 -4.49999999e-01 
 3.19550000e-09 -4.49999999e-01 
 3.19650000e-09 -4.49999999e-01 
 3.19750000e-09 -4.49999999e-01 
 3.19850000e-09 -4.49999999e-01 
 3.19950000e-09 -4.49999999e-01 
 3.20050000e-09 -4.49999999e-01 
 3.20150000e-09 -4.49999999e-01 
 3.20250000e-09 -4.49999999e-01 
 3.20350000e-09 -4.49999999e-01 
 3.20450000e-09 -4.49999999e-01 
 3.20550000e-09 -4.49999999e-01 
 3.20650000e-09 -4.49999999e-01 
 3.20750000e-09 -4.49999999e-01 
 3.20850000e-09 -4.49999999e-01 
 3.20950000e-09 -4.49999999e-01 
 3.21050000e-09 -4.49999999e-01 
 3.21150000e-09 -4.49999999e-01 
 3.21250000e-09 -4.49999999e-01 
 3.21350000e-09 -4.49999999e-01 
 3.21450000e-09 -4.49999999e-01 
 3.21550000e-09 -4.49999999e-01 
 3.21650000e-09 -4.49999999e-01 
 3.21750000e-09 -4.49999999e-01 
 3.21850000e-09 -4.49999999e-01 
 3.21950000e-09 -4.49999999e-01 
 3.22050000e-09 -4.49999999e-01 
 3.22150000e-09 -4.49999999e-01 
 3.22250000e-09 -4.49999999e-01 
 3.22350000e-09 -4.49999999e-01 
 3.22450000e-09 -4.49999999e-01 
 3.22550000e-09 -4.49999999e-01 
 3.22650000e-09 -4.49999999e-01 
 3.22750000e-09 -4.49999999e-01 
 3.22850000e-09 -4.49999999e-01 
 3.22950000e-09 -4.49999999e-01 
 3.23050000e-09 -4.49999999e-01 
 3.23150000e-09 -4.49999999e-01 
 3.23250000e-09 -4.49999999e-01 
 3.23350000e-09 -4.49999999e-01 
 3.23450000e-09 -4.49999999e-01 
 3.23550000e-09 -4.49999999e-01 
 3.23650000e-09 -4.49999999e-01 
 3.23750000e-09 -4.49999999e-01 
 3.23850000e-09 -4.49999999e-01 
 3.23950000e-09 -4.49999999e-01 
 3.24050000e-09 -4.49999999e-01 
 3.24150000e-09 -4.49999999e-01 
 3.24250000e-09 -4.49999999e-01 
 3.24350000e-09 -4.49999999e-01 
 3.24450000e-09 -4.49999999e-01 
 3.24550000e-09 -4.49999999e-01 
 3.24650000e-09 -4.49999999e-01 
 3.24750000e-09 -4.49999999e-01 
 3.24850000e-09 -4.49999999e-01 
 3.24950000e-09 -4.49999999e-01 
 3.25050000e-09 -4.49999999e-01 
 3.25150000e-09 -4.49999999e-01 
 3.25250000e-09 -4.49999999e-01 
 3.25350000e-09 -4.49999999e-01 
 3.25450000e-09 -4.49999999e-01 
 3.25550000e-09 -4.49999999e-01 
 3.25650000e-09 -4.49999999e-01 
 3.25750000e-09 -4.49999999e-01 
 3.25850000e-09 -4.49999999e-01 
 3.25950000e-09 -4.49999999e-01 
 3.26050000e-09 -4.49999999e-01 
 3.26150000e-09 -4.49999999e-01 
 3.26250000e-09 -4.49999999e-01 
 3.26350000e-09 -4.49999999e-01 
 3.26450000e-09 -4.49999999e-01 
 3.26550000e-09 -4.49999999e-01 
 3.26650000e-09 -4.49999999e-01 
 3.26750000e-09 -4.49999999e-01 
 3.26850000e-09 -4.49999999e-01 
 3.26950000e-09 -4.49999999e-01 
 3.27050000e-09 -4.49999999e-01 
 3.27150000e-09 -4.49999999e-01 
 3.27250000e-09 -4.49999999e-01 
 3.27350000e-09 -4.49999999e-01 
 3.27450000e-09 -4.49999999e-01 
 3.27550000e-09 -4.49999999e-01 
 3.27650000e-09 -4.49999999e-01 
 3.27750000e-09 -4.49999999e-01 
 3.27850000e-09 -4.49999999e-01 
 3.27950000e-09 -4.49999999e-01 
 3.28050000e-09 -4.49999999e-01 
 3.28150000e-09 -4.49999999e-01 
 3.28250000e-09 -4.49999999e-01 
 3.28350000e-09 -4.49999999e-01 
 3.28450000e-09 -4.49999999e-01 
 3.28550000e-09 -4.49999999e-01 
 3.28650000e-09 -4.49999999e-01 
 3.28750000e-09 -4.49999999e-01 
 3.28850000e-09 -4.49999999e-01 
 3.28950000e-09 -4.49999999e-01 
 3.29050000e-09 -4.49999999e-01 
 3.29150000e-09 -4.49999999e-01 
 3.29250000e-09 -4.49999999e-01 
 3.29350000e-09 -4.49999999e-01 
 3.29450000e-09 -4.49999999e-01 
 3.29550000e-09 -4.49999999e-01 
 3.29650000e-09 -4.49999999e-01 
 3.29750000e-09 -4.49999999e-01 
 3.29850000e-09 -4.49999999e-01 
 3.29950000e-09 -4.49999999e-01 
 3.30050000e-09 -4.49999999e-01 
 3.30150000e-09 -4.49999999e-01 
 3.30250000e-09 -4.49999999e-01 
 3.30350000e-09 -4.49999999e-01 
 3.30450000e-09 -4.49999999e-01 
 3.30550000e-09 -4.49999999e-01 
 3.30650000e-09 -4.49999999e-01 
 3.30750000e-09 -4.49999999e-01 
 3.30850000e-09 -4.49999999e-01 
 3.30950000e-09 -4.49999999e-01 
 3.31050000e-09 -4.49999999e-01 
 3.31150000e-09 -4.49999999e-01 
 3.31250000e-09 -4.49999999e-01 
 3.31350000e-09 -4.49999999e-01 
 3.31450000e-09 -4.49999999e-01 
 3.31550000e-09 -4.49999999e-01 
 3.31650000e-09 -4.49999999e-01 
 3.31750000e-09 -4.49999999e-01 
 3.31850000e-09 -4.49999999e-01 
 3.31950000e-09 -4.49999999e-01 
 3.32050000e-09 -4.49999999e-01 
 3.32150000e-09 -4.49999999e-01 
 3.32250000e-09 -4.49999999e-01 
 3.32350000e-09 -4.49999999e-01 
 3.32450000e-09 -4.49999999e-01 
 3.32550000e-09 -4.49999999e-01 
 3.32650000e-09 -4.49999999e-01 
 3.32750000e-09 -4.49999999e-01 
 3.32850000e-09 -4.49999999e-01 
 3.32950000e-09 -4.49999999e-01 
 3.33050000e-09 -4.49999999e-01 
 3.33150000e-09 -4.49999999e-01 
 3.33250000e-09 -4.49999999e-01 
 3.33350000e-09 -4.49999999e-01 
 3.33450000e-09 -4.49999999e-01 
 3.33550000e-09 -4.49999999e-01 
 3.33650000e-09 -4.49999999e-01 
 3.33750000e-09 -4.49999999e-01 
 3.33850000e-09 -4.49999999e-01 
 3.33950000e-09 -4.49999999e-01 
 3.34050000e-09 -4.49999999e-01 
 3.34150000e-09 -4.49999999e-01 
 3.34250000e-09 -4.49999999e-01 
 3.34350000e-09 -4.49999999e-01 
 3.34450000e-09 -4.49999999e-01 
 3.34550000e-09 -4.49999999e-01 
 3.34650000e-09 -4.49999999e-01 
 3.34750000e-09 -4.49999999e-01 
 3.34850000e-09 -4.49999999e-01 
 3.34950000e-09 -4.49999999e-01 
 3.35050000e-09 -4.49999999e-01 
 3.35150000e-09 -4.49999999e-01 
 3.35250000e-09 -4.49999999e-01 
 3.35350000e-09 -4.49999999e-01 
 3.35450000e-09 -4.49999999e-01 
 3.35550000e-09 -4.49999999e-01 
 3.35650000e-09 -4.49999999e-01 
 3.35750000e-09 -4.49999999e-01 
 3.35850000e-09 -4.49999999e-01 
 3.35950000e-09 -4.49999999e-01 
 3.36050000e-09 -4.49999999e-01 
 3.36150000e-09 -4.49999999e-01 
 3.36250000e-09 -4.49999999e-01 
 3.36350000e-09 -4.49999999e-01 
 3.36450000e-09 -4.49999999e-01 
 3.36550000e-09 -4.49999999e-01 
 3.36650000e-09 -4.49999999e-01 
 3.36750000e-09 -4.49999999e-01 
 3.36850000e-09 -4.49999999e-01 
 3.36950000e-09 -4.49999999e-01 
 3.37050000e-09 -4.49999999e-01 
 3.37150000e-09 -4.49999999e-01 
 3.37250000e-09 -4.49999999e-01 
 3.37350000e-09 -4.49999999e-01 
 3.37450000e-09 -4.49999999e-01 
 3.37550000e-09 -4.49999999e-01 
 3.37650000e-09 -4.49999999e-01 
 3.37750000e-09 -4.49999999e-01 
 3.37850000e-09 -4.49999999e-01 
 3.37950000e-09 -4.49999999e-01 
 3.38050000e-09 -4.49999999e-01 
 3.38150000e-09 -4.49999999e-01 
 3.38250000e-09 -4.49999999e-01 
 3.38350000e-09 -4.49999999e-01 
 3.38450000e-09 -4.49999999e-01 
 3.38550000e-09 -4.49999999e-01 
 3.38650000e-09 -4.49999999e-01 
 3.38750000e-09 -4.49999999e-01 
 3.38850000e-09 -4.49999999e-01 
 3.38950000e-09 -4.49999999e-01 
 3.39050000e-09 -4.49999999e-01 
 3.39150000e-09 -4.49999999e-01 
 3.39250000e-09 -4.49999999e-01 
 3.39350000e-09 -4.49999999e-01 
 3.39450000e-09 -4.49999999e-01 
 3.39550000e-09 -4.49999999e-01 
 3.39650000e-09 -4.49999999e-01 
 3.39750000e-09 -4.49999999e-01 
 3.39850000e-09 -4.49999999e-01 
 3.39950000e-09 -4.49999999e-01 
 3.40050000e-09 -4.49999999e-01 
 3.40150000e-09 -4.49999999e-01 
 3.40250000e-09 -4.49999999e-01 
 3.40350000e-09 -4.49999999e-01 
 3.40450000e-09 -4.49999999e-01 
 3.40550000e-09 -4.49999999e-01 
 3.40650000e-09 -4.49999999e-01 
 3.40750000e-09 -4.49999999e-01 
 3.40850000e-09 -4.49999999e-01 
 3.40950000e-09 -4.49999999e-01 
 3.41050000e-09 -4.49999999e-01 
 3.41150000e-09 -4.49999999e-01 
 3.41250000e-09 -4.49999999e-01 
 3.41350000e-09 -4.49999999e-01 
 3.41450000e-09 -4.49999999e-01 
 3.41550000e-09 -4.49999999e-01 
 3.41650000e-09 -4.49999999e-01 
 3.41750000e-09 -4.49999999e-01 
 3.41850000e-09 -4.49999999e-01 
 3.41950000e-09 -4.49999999e-01 
 3.42050000e-09 -4.49999999e-01 
 3.42150000e-09 -4.49999999e-01 
 3.42250000e-09 -4.49999999e-01 
 3.42350000e-09 -4.49999999e-01 
 3.42450000e-09 -4.49999999e-01 
 3.42550000e-09 -4.49999999e-01 
 3.42650000e-09 -4.49999999e-01 
 3.42750000e-09 -4.49999999e-01 
 3.42850000e-09 -4.49999999e-01 
 3.42950000e-09 -4.49999999e-01 
 3.43050000e-09 -4.49999999e-01 
 3.43150000e-09 -4.49999999e-01 
 3.43250000e-09 -4.49999999e-01 
 3.43350000e-09 -4.49999999e-01 
 3.43450000e-09 -4.49999999e-01 
 3.43550000e-09 -4.49999999e-01 
 3.43650000e-09 -4.49999999e-01 
 3.43750000e-09 -4.49999999e-01 
 3.43850000e-09 -4.49999999e-01 
 3.43950000e-09 -4.49999999e-01 
 3.44050000e-09 -4.49999999e-01 
 3.44150000e-09 -4.49999999e-01 
 3.44250000e-09 -4.49999999e-01 
 3.44350000e-09 -4.49999999e-01 
 3.44450000e-09 -4.49999999e-01 
 3.44550000e-09 -4.49999999e-01 
 3.44650000e-09 -4.49999999e-01 
 3.44750000e-09 -4.49999999e-01 
 3.44850000e-09 -4.49999999e-01 
 3.44950000e-09 -4.49999999e-01 
 3.45050000e-09 -4.49999999e-01 
 3.45150000e-09 -4.49999999e-01 
 3.45250000e-09 -4.49999999e-01 
 3.45350000e-09 -4.49999999e-01 
 3.45450000e-09 -4.49999999e-01 
 3.45550000e-09 -4.49999999e-01 
 3.45650000e-09 -4.49999999e-01 
 3.45750000e-09 -4.49999999e-01 
 3.45850000e-09 -4.49999999e-01 
 3.45950000e-09 -4.49999999e-01 
 3.46050000e-09 -4.49999999e-01 
 3.46150000e-09 -4.49999999e-01 
 3.46250000e-09 -4.49999999e-01 
 3.46350000e-09 -4.49999999e-01 
 3.46450000e-09 -4.49999999e-01 
 3.46550000e-09 -4.49999999e-01 
 3.46650000e-09 -4.49999999e-01 
 3.46750000e-09 -4.49999999e-01 
 3.46850000e-09 -4.49999999e-01 
 3.46950000e-09 -4.49999999e-01 
 3.47050000e-09 -4.49999999e-01 
 3.47150000e-09 -4.49999999e-01 
 3.47250000e-09 -4.49999999e-01 
 3.47350000e-09 -4.49999999e-01 
 3.47450000e-09 -4.49999999e-01 
 3.47550000e-09 -4.49999999e-01 
 3.47650000e-09 -4.49999999e-01 
 3.47750000e-09 -4.49999999e-01 
 3.47850000e-09 -4.49999999e-01 
 3.47950000e-09 -4.49999999e-01 
 3.48050000e-09 -4.49999999e-01 
 3.48150000e-09 -4.49999999e-01 
 3.48250000e-09 -4.49999999e-01 
 3.48350000e-09 -4.49999999e-01 
 3.48450000e-09 -4.49999999e-01 
 3.48550000e-09 -4.49999999e-01 
 3.48650000e-09 -4.49999999e-01 
 3.48750000e-09 -4.49999999e-01 
 3.48850000e-09 -4.49999999e-01 
 3.48950000e-09 -4.49999999e-01 
 3.49050000e-09 -4.49999999e-01 
 3.49150000e-09 -4.49999999e-01 
 3.49250000e-09 -4.49999999e-01 
 3.49350000e-09 -4.49999999e-01 
 3.49450000e-09 -4.49999999e-01 
 3.49550000e-09 -4.49999999e-01 
 3.49650000e-09 -4.49999999e-01 
 3.49750000e-09 -4.49999999e-01 
 3.49850000e-09 -4.49999999e-01 
 3.49950000e-09 -4.49999999e-01 
 3.50050000e-09 -4.49999999e-01 
 3.50150000e-09 -4.49999999e-01 
 3.50250000e-09 -4.49999999e-01 
 3.50350000e-09 -4.49999999e-01 
 3.50450000e-09 -4.49999999e-01 
 3.50550000e-09 -4.49999999e-01 
 3.50650000e-09 -4.49999999e-01 
 3.50750000e-09 -4.49999999e-01 
 3.50850000e-09 -4.49999999e-01 
 3.50950000e-09 -4.49999999e-01 
 3.51050000e-09 -4.49999999e-01 
 3.51150000e-09 -4.49999999e-01 
 3.51250000e-09 -4.49999999e-01 
 3.51350000e-09 -4.49999999e-01 
 3.51450000e-09 -4.49999999e-01 
 3.51550000e-09 -4.49999999e-01 
 3.51650000e-09 -4.49999999e-01 
 3.51750000e-09 -4.49999999e-01 
 3.51850000e-09 -4.49999999e-01 
 3.51950000e-09 -4.49999999e-01 
 3.52050000e-09 -4.49999999e-01 
 3.52150000e-09 -4.49999999e-01 
 3.52250000e-09 -4.49999999e-01 
 3.52350000e-09 -4.49999999e-01 
 3.52450000e-09 -4.49999999e-01 
 3.52550000e-09 -4.49999999e-01 
 3.52650000e-09 -4.49999999e-01 
 3.52750000e-09 -4.49999999e-01 
 3.52850000e-09 -4.49999999e-01 
 3.52950000e-09 -4.49999999e-01 
 3.53050000e-09 -4.49999999e-01 
 3.53150000e-09 -4.49999999e-01 
 3.53250000e-09 -4.49999999e-01 
 3.53350000e-09 -4.49999999e-01 
 3.53450000e-09 -4.49999999e-01 
 3.53550000e-09 -4.49999999e-01 
 3.53650000e-09 -4.49999999e-01 
 3.53750000e-09 -4.49999999e-01 
 3.53850000e-09 -4.49999999e-01 
 3.53950000e-09 -4.49999999e-01 
 3.54050000e-09 -4.49999999e-01 
 3.54150000e-09 -4.49999999e-01 
 3.54250000e-09 -4.49999999e-01 
 3.54350000e-09 -4.49999999e-01 
 3.54450000e-09 -4.49999999e-01 
 3.54550000e-09 -4.49999999e-01 
 3.54650000e-09 -4.49999999e-01 
 3.54750000e-09 -4.49999999e-01 
 3.54850000e-09 -4.49999999e-01 
 3.54950000e-09 -4.49999999e-01 
 3.55050000e-09 -4.49999999e-01 
 3.55150000e-09 -4.49999999e-01 
 3.55250000e-09 -4.49999999e-01 
 3.55350000e-09 -4.49999999e-01 
 3.55450000e-09 -4.49999999e-01 
 3.55550000e-09 -4.49999999e-01 
 3.55650000e-09 -4.49999999e-01 
 3.55750000e-09 -4.49999999e-01 
 3.55850000e-09 -4.49999999e-01 
 3.55950000e-09 -4.49999999e-01 
 3.56050000e-09 -4.49999999e-01 
 3.56150000e-09 -4.49999999e-01 
 3.56250000e-09 -4.49999999e-01 
 3.56350000e-09 -4.49999999e-01 
 3.56450000e-09 -4.49999999e-01 
 3.56550000e-09 -4.49999999e-01 
 3.56650000e-09 -4.49999999e-01 
 3.56750000e-09 -4.49999999e-01 
 3.56850000e-09 -4.49999999e-01 
 3.56950000e-09 -4.49999999e-01 
 3.57050000e-09 -4.49999999e-01 
 3.57150000e-09 -4.49999999e-01 
 3.57250000e-09 -4.49999999e-01 
 3.57350000e-09 -4.49999999e-01 
 3.57450000e-09 -4.49999999e-01 
 3.57550000e-09 -4.49999999e-01 
 3.57650000e-09 -4.49999999e-01 
 3.57750000e-09 -4.49999999e-01 
 3.57850000e-09 -4.49999999e-01 
 3.57950000e-09 -4.49999999e-01 
 3.58050000e-09 -4.49999999e-01 
 3.58150000e-09 -4.49999999e-01 
 3.58250000e-09 -4.49999999e-01 
 3.58350000e-09 -4.49999999e-01 
 3.58450000e-09 -4.49999999e-01 
 3.58550000e-09 -4.49999999e-01 
 3.58650000e-09 -4.49999999e-01 
 3.58750000e-09 -4.49999999e-01 
 3.58850000e-09 -4.49999999e-01 
 3.58950000e-09 -4.49999999e-01 
 3.59050000e-09 -4.49999999e-01 
 3.59150000e-09 -4.49999999e-01 
 3.59250000e-09 -4.49999999e-01 
 3.59350000e-09 -4.49999999e-01 
 3.59450000e-09 -4.49999999e-01 
 3.59550000e-09 -4.49999999e-01 
 3.59650000e-09 -4.49999999e-01 
 3.59750000e-09 -4.49999999e-01 
 3.59850000e-09 -4.49999999e-01 
 3.59950000e-09 -4.49999999e-01 
 3.60050000e-09 -4.49999999e-01 
 3.60150000e-09 -4.49999999e-01 
 3.60250000e-09 -4.49999999e-01 
 3.60350000e-09 -4.49999999e-01 
 3.60450000e-09 -4.49999999e-01 
 3.60550000e-09 -4.49999999e-01 
 3.60650000e-09 -4.49999999e-01 
 3.60750000e-09 -4.49999999e-01 
 3.60850000e-09 -4.49999999e-01 
 3.60950000e-09 -4.49999999e-01 
 3.61050000e-09 -4.49999999e-01 
 3.61150000e-09 -4.49999999e-01 
 3.61250000e-09 -4.49999999e-01 
 3.61350000e-09 -4.49999999e-01 
 3.61450000e-09 -4.49999999e-01 
 3.61550000e-09 -4.49999999e-01 
 3.61650000e-09 -4.49999999e-01 
 3.61750000e-09 -4.49999999e-01 
 3.61850000e-09 -4.49999999e-01 
 3.61950000e-09 -4.49999999e-01 
 3.62050000e-09 -4.49999999e-01 
 3.62150000e-09 -4.49999999e-01 
 3.62250000e-09 -4.49999999e-01 
 3.62350000e-09 -4.49999999e-01 
 3.62450000e-09 -4.49999999e-01 
 3.62550000e-09 -4.49999999e-01 
 3.62650000e-09 -4.49999999e-01 
 3.62750000e-09 -4.49999999e-01 
 3.62850000e-09 -4.49999999e-01 
 3.62950000e-09 -4.49999999e-01 
 3.63050000e-09 -4.49999999e-01 
 3.63150000e-09 -4.49999999e-01 
 3.63250000e-09 -4.49999999e-01 
 3.63350000e-09 -4.49999999e-01 
 3.63450000e-09 -4.49999999e-01 
 3.63550000e-09 -4.49999999e-01 
 3.63650000e-09 -4.49999999e-01 
 3.63750000e-09 -4.49999999e-01 
 3.63850000e-09 -4.49999999e-01 
 3.63950000e-09 -4.49999999e-01 
 3.64050000e-09 -4.49999999e-01 
 3.64150000e-09 -4.49999999e-01 
 3.64250000e-09 -4.49999999e-01 
 3.64350000e-09 -4.49999999e-01 
 3.64450000e-09 -4.49999999e-01 
 3.64550000e-09 -4.49999999e-01 
 3.64650000e-09 -4.49999999e-01 
 3.64750000e-09 -4.49999999e-01 
 3.64850000e-09 -4.49999999e-01 
 3.64950000e-09 -4.49999999e-01 
 3.65050000e-09 -4.49999999e-01 
 3.65150000e-09 -4.49999999e-01 
 3.65250000e-09 -4.49999999e-01 
 3.65350000e-09 -4.49999999e-01 
 3.65450000e-09 -4.49999999e-01 
 3.65550000e-09 -4.49999999e-01 
 3.65650000e-09 -4.49999999e-01 
 3.65750000e-09 -4.49999999e-01 
 3.65850000e-09 -4.49999999e-01 
 3.65950000e-09 -4.49999999e-01 
 3.66050000e-09 -4.49999999e-01 
 3.66150000e-09 -4.49999999e-01 
 3.66250000e-09 -4.49999999e-01 
 3.66350000e-09 -4.49999999e-01 
 3.66450000e-09 -4.49999999e-01 
 3.66550000e-09 -4.49999999e-01 
 3.66650000e-09 -4.49999999e-01 
 3.66750000e-09 -4.49999999e-01 
 3.66850000e-09 -4.49999999e-01 
 3.66950000e-09 -4.49999999e-01 
 3.67050000e-09 -4.49999999e-01 
 3.67150000e-09 -4.49999999e-01 
 3.67250000e-09 -4.49999999e-01 
 3.67350000e-09 -4.49999999e-01 
 3.67450000e-09 -4.49999999e-01 
 3.67550000e-09 -4.49999999e-01 
 3.67650000e-09 -4.49999999e-01 
 3.67750000e-09 -4.49999999e-01 
 3.67850000e-09 -4.49999999e-01 
 3.67950000e-09 -4.49999999e-01 
 3.68050000e-09 -4.49999999e-01 
 3.68150000e-09 -4.49999999e-01 
 3.68250000e-09 -4.49999999e-01 
 3.68350000e-09 -4.49999999e-01 
 3.68450000e-09 -4.49999999e-01 
 3.68550000e-09 -4.49999999e-01 
 3.68650000e-09 -4.49999999e-01 
 3.68750000e-09 -4.49999999e-01 
 3.68850000e-09 -4.49999999e-01 
 3.68950000e-09 -4.49999999e-01 
 3.69050000e-09 -4.49999999e-01 
 3.69150000e-09 -4.49999999e-01 
 3.69250000e-09 -4.49999999e-01 
 3.69350000e-09 -4.49999999e-01 
 3.69450000e-09 -4.49999999e-01 
 3.69550000e-09 -4.49999999e-01 
 3.69650000e-09 -4.49999999e-01 
 3.69750000e-09 -4.49999999e-01 
 3.69850000e-09 -4.49999999e-01 
 3.69950000e-09 -4.49999999e-01 
 3.70050000e-09 -4.49999999e-01 
 3.70150000e-09 -4.49999999e-01 
 3.70250000e-09 -4.49999999e-01 
 3.70350000e-09 -4.49999999e-01 
 3.70450000e-09 -4.49999999e-01 
 3.70550000e-09 -4.49999999e-01 
 3.70650000e-09 -4.49999999e-01 
 3.70750000e-09 -4.49999999e-01 
 3.70850000e-09 -4.49999999e-01 
 3.70950000e-09 -4.49999999e-01 
 3.71050000e-09 -4.49999999e-01 
 3.71150000e-09 -4.49999999e-01 
 3.71250000e-09 -4.49999999e-01 
 3.71350000e-09 -4.49999999e-01 
 3.71450000e-09 -4.49999999e-01 
 3.71550000e-09 -4.49999999e-01 
 3.71650000e-09 -4.49999999e-01 
 3.71750000e-09 -4.49999999e-01 
 3.71850000e-09 -4.49999999e-01 
 3.71950000e-09 -4.49999999e-01 
 3.72050000e-09 -4.49999999e-01 
 3.72150000e-09 -4.49999999e-01 
 3.72250000e-09 -4.49999999e-01 
 3.72350000e-09 -4.49999999e-01 
 3.72450000e-09 -4.49999999e-01 
 3.72550000e-09 -4.49999999e-01 
 3.72650000e-09 -4.49999999e-01 
 3.72750000e-09 -4.49999999e-01 
 3.72850000e-09 -4.49999999e-01 
 3.72950000e-09 -4.49999999e-01 
 3.73050000e-09 -4.49999999e-01 
 3.73150000e-09 -4.49999999e-01 
 3.73250000e-09 -4.49999999e-01 
 3.73350000e-09 -4.49999999e-01 
 3.73450000e-09 -4.49999999e-01 
 3.73550000e-09 -4.49999999e-01 
 3.73650000e-09 -4.49999999e-01 
 3.73750000e-09 -4.49999999e-01 
 3.73850000e-09 -4.49999999e-01 
 3.73950000e-09 -4.49999999e-01 
 3.74050000e-09 -4.49999999e-01 
 3.74150000e-09 -4.49999999e-01 
 3.74250000e-09 -4.49999999e-01 
 3.74350000e-09 -4.49999999e-01 
 3.74450000e-09 -4.49999999e-01 
 3.74550000e-09 -4.49999999e-01 
 3.74650000e-09 -4.49999999e-01 
 3.74750000e-09 -4.49999999e-01 
 3.74850000e-09 -4.49999999e-01 
 3.74950000e-09 -4.49999999e-01 
 3.75050000e-09 -4.49999999e-01 
 3.75150000e-09 -4.49999999e-01 
 3.75250000e-09 -4.49999999e-01 
 3.75350000e-09 -4.49999999e-01 
 3.75450000e-09 -4.49999999e-01 
 3.75550000e-09 -4.49999999e-01 
 3.75650000e-09 -4.49999999e-01 
 3.75750000e-09 -4.49999999e-01 
 3.75850000e-09 -4.49999999e-01 
 3.75950000e-09 -4.49999999e-01 
 3.76050000e-09 -4.49999999e-01 
 3.76150000e-09 -4.49999999e-01 
 3.76250000e-09 -4.49999999e-01 
 3.76350000e-09 -4.49999999e-01 
 3.76450000e-09 -4.49999999e-01 
 3.76550000e-09 -4.49999999e-01 
 3.76650000e-09 -4.49999999e-01 
 3.76750000e-09 -4.49999999e-01 
 3.76850000e-09 -4.49999999e-01 
 3.76950000e-09 -4.49999999e-01 
 3.77050000e-09 -4.49999999e-01 
 3.77150000e-09 -4.49999999e-01 
 3.77250000e-09 -4.49999999e-01 
 3.77350000e-09 -4.49999999e-01 
 3.77450000e-09 -4.49999999e-01 
 3.77550000e-09 -4.49999999e-01 
 3.77650000e-09 -4.49999999e-01 
 3.77750000e-09 -4.49999999e-01 
 3.77850000e-09 -4.49999999e-01 
 3.77950000e-09 -4.49999999e-01 
 3.78050000e-09 -4.49999999e-01 
 3.78150000e-09 -4.49999999e-01 
 3.78250000e-09 -4.49999999e-01 
 3.78350000e-09 -4.49999999e-01 
 3.78450000e-09 -4.49999999e-01 
 3.78550000e-09 -4.49999999e-01 
 3.78650000e-09 -4.49999999e-01 
 3.78750000e-09 -4.49999999e-01 
 3.78850000e-09 -4.49999999e-01 
 3.78950000e-09 -4.49999999e-01 
 3.79050000e-09 -4.49999999e-01 
 3.79150000e-09 -4.49999999e-01 
 3.79250000e-09 -4.49999999e-01 
 3.79350000e-09 -4.49999999e-01 
 3.79450000e-09 -4.49999999e-01 
 3.79550000e-09 -4.49999999e-01 
 3.79650000e-09 -4.49999999e-01 
 3.79750000e-09 -4.49999999e-01 
 3.79850000e-09 -4.49999999e-01 
 3.79950000e-09 -4.49999999e-01 
 3.80050000e-09 -4.49999999e-01 
 3.80150000e-09 -4.49999999e-01 
 3.80250000e-09 -4.49999999e-01 
 3.80350000e-09 -4.49999999e-01 
 3.80450000e-09 -4.49999999e-01 
 3.80550000e-09 -4.49999999e-01 
 3.80650000e-09 -4.49999999e-01 
 3.80750000e-09 -4.49999999e-01 
 3.80850000e-09 -4.49999999e-01 
 3.80950000e-09 -4.49999999e-01 
 3.81050000e-09 -4.49999999e-01 
 3.81150000e-09 -4.49999999e-01 
 3.81250000e-09 -4.49999999e-01 
 3.81350000e-09 -4.49999999e-01 
 3.81450000e-09 -4.49999999e-01 
 3.81550000e-09 -4.49999999e-01 
 3.81650000e-09 -4.49999999e-01 
 3.81750000e-09 -4.49999999e-01 
 3.81850000e-09 -4.49999999e-01 
 3.81950000e-09 -4.49999999e-01 
 3.82050000e-09 -4.49999999e-01 
 3.82150000e-09 -4.49999999e-01 
 3.82250000e-09 -4.49999999e-01 
 3.82350000e-09 -4.49999999e-01 
 3.82450000e-09 -4.49999999e-01 
 3.82550000e-09 -4.49999999e-01 
 3.82650000e-09 -4.49999999e-01 
 3.82750000e-09 -4.49999999e-01 
 3.82850000e-09 -4.49999999e-01 
 3.82950000e-09 -4.49999999e-01 
 3.83050000e-09 -4.49999999e-01 
 3.83150000e-09 -4.49999999e-01 
 3.83250000e-09 -4.49999999e-01 
 3.83350000e-09 -4.49999999e-01 
 3.83450000e-09 -4.49999999e-01 
 3.83550000e-09 -4.49999999e-01 
 3.83650000e-09 -4.49999999e-01 
 3.83750000e-09 -4.49999999e-01 
 3.83850000e-09 -4.49999999e-01 
 3.83950000e-09 -4.49999999e-01 
 3.84050000e-09 -4.49999999e-01 
 3.84150000e-09 -4.49999999e-01 
 3.84250000e-09 -4.49999999e-01 
 3.84350000e-09 -4.49999999e-01 
 3.84450000e-09 -4.49999999e-01 
 3.84550000e-09 -4.49999999e-01 
 3.84650000e-09 -4.49999999e-01 
 3.84750000e-09 -4.49999999e-01 
 3.84850000e-09 -4.49999999e-01 
 3.84950000e-09 -4.49999999e-01 
 3.85050000e-09 -4.49999999e-01 
 3.85150000e-09 -4.49999999e-01 
 3.85250000e-09 -4.49999999e-01 
 3.85350000e-09 -4.49999999e-01 
 3.85450000e-09 -4.49999999e-01 
 3.85550000e-09 -4.49999999e-01 
 3.85650000e-09 -4.49999999e-01 
 3.85750000e-09 -4.49999999e-01 
 3.85850000e-09 -4.49999999e-01 
 3.85950000e-09 -4.49999999e-01 
 3.86050000e-09 -4.49999999e-01 
 3.86150000e-09 -4.49999999e-01 
 3.86250000e-09 -4.49999999e-01 
 3.86350000e-09 -4.49999999e-01 
 3.86450000e-09 -4.49999999e-01 
 3.86550000e-09 -4.49999999e-01 
 3.86650000e-09 -4.49999999e-01 
 3.86750000e-09 -4.49999999e-01 
 3.86850000e-09 -4.49999999e-01 
 3.86950000e-09 -4.49999999e-01 
 3.87050000e-09 -4.49999999e-01 
 3.87150000e-09 -4.49999999e-01 
 3.87250000e-09 -4.49999999e-01 
 3.87350000e-09 -4.49999999e-01 
 3.87450000e-09 -4.49999999e-01 
 3.87550000e-09 -4.49999999e-01 
 3.87650000e-09 -4.49999999e-01 
 3.87750000e-09 -4.49999999e-01 
 3.87850000e-09 -4.49999999e-01 
 3.87950000e-09 -4.49999999e-01 
 3.88050000e-09 -4.49999999e-01 
 3.88150000e-09 -4.49999999e-01 
 3.88250000e-09 -4.49999999e-01 
 3.88350000e-09 -4.49999999e-01 
 3.88450000e-09 -4.49999999e-01 
 3.88550000e-09 -4.49999999e-01 
 3.88650000e-09 -4.49999999e-01 
 3.88750000e-09 -4.49999999e-01 
 3.88850000e-09 -4.49999999e-01 
 3.88950000e-09 -4.49999999e-01 
 3.89050000e-09 -4.49999999e-01 
 3.89150000e-09 -4.49999999e-01 
 3.89250000e-09 -4.49999999e-01 
 3.89350000e-09 -4.49999999e-01 
 3.89450000e-09 -4.49999999e-01 
 3.89550000e-09 -4.49999999e-01 
 3.89650000e-09 -4.49999999e-01 
 3.89750000e-09 -4.49999999e-01 
 3.89850000e-09 -4.49999999e-01 
 3.89950000e-09 -4.49999999e-01 
 3.90050000e-09 -4.49999999e-01 
 3.90150000e-09 -4.49999999e-01 
 3.90250000e-09 -4.49999999e-01 
 3.90350000e-09 -4.49999999e-01 
 3.90450000e-09 -4.49999999e-01 
 3.90550000e-09 -4.49999999e-01 
 3.90650000e-09 -4.49999999e-01 
 3.90750000e-09 -4.49999999e-01 
 3.90850000e-09 -4.49999999e-01 
 3.90950000e-09 -4.49999999e-01 
 3.91050000e-09 -4.49999999e-01 
 3.91150000e-09 -4.49999999e-01 
 3.91250000e-09 -4.49999999e-01 
 3.91350000e-09 -4.49999999e-01 
 3.91450000e-09 -4.49999999e-01 
 3.91550000e-09 -4.49999999e-01 
 3.91650000e-09 -4.49999999e-01 
 3.91750000e-09 -4.49999999e-01 
 3.91850000e-09 -4.49999999e-01 
 3.91950000e-09 -4.49999999e-01 
 3.92050000e-09 -4.49999999e-01 
 3.92150000e-09 -4.49999999e-01 
 3.92250000e-09 -4.49999999e-01 
 3.92350000e-09 -4.49999999e-01 
 3.92450000e-09 -4.49999999e-01 
 3.92550000e-09 -4.49999999e-01 
 3.92650000e-09 -4.49999999e-01 
 3.92750000e-09 -4.49999999e-01 
 3.92850000e-09 -4.49999999e-01 
 3.92950000e-09 -4.49999999e-01 
 3.93050000e-09 -4.49999999e-01 
 3.93150000e-09 -4.49999999e-01 
 3.93250000e-09 -4.49999999e-01 
 3.93350000e-09 -4.49999999e-01 
 3.93450000e-09 -4.49999999e-01 
 3.93550000e-09 -4.49999999e-01 
 3.93650000e-09 -4.49999999e-01 
 3.93750000e-09 -4.49999999e-01 
 3.93850000e-09 -4.49999999e-01 
 3.93950000e-09 -4.49999999e-01 
 3.94050000e-09 -4.49999999e-01 
 3.94150000e-09 -4.49999999e-01 
 3.94250000e-09 -4.49999999e-01 
 3.94350000e-09 -4.49999999e-01 
 3.94450000e-09 -4.49999999e-01 
 3.94550000e-09 -4.49999999e-01 
 3.94650000e-09 -4.49999999e-01 
 3.94750000e-09 -4.49999999e-01 
 3.94850000e-09 -4.49999999e-01 
 3.94950000e-09 -4.49999999e-01 
 3.95050000e-09 -4.49999999e-01 
 3.95150000e-09 -4.49999999e-01 
 3.95250000e-09 -4.49999999e-01 
 3.95350000e-09 -4.49999999e-01 
 3.95450000e-09 -4.49999999e-01 
 3.95550000e-09 -4.49999999e-01 
 3.95650000e-09 -4.49999999e-01 
 3.95750000e-09 -4.49999999e-01 
 3.95850000e-09 -4.49999999e-01 
 3.95950000e-09 -4.49999999e-01 
 3.96050000e-09 -4.49999999e-01 
 3.96150000e-09 -4.49999999e-01 
 3.96250000e-09 -4.49999999e-01 
 3.96350000e-09 -4.49999999e-01 
 3.96450000e-09 -4.49999999e-01 
 3.96550000e-09 -4.49999999e-01 
 3.96650000e-09 -4.49999999e-01 
 3.96750000e-09 -4.49999999e-01 
 3.96850000e-09 -4.49999999e-01 
 3.96950000e-09 -4.49999999e-01 
 3.97050000e-09 -4.49999999e-01 
 3.97150000e-09 -4.49999999e-01 
 3.97250000e-09 -4.49999999e-01 
 3.97350000e-09 -4.49999999e-01 
 3.97450000e-09 -4.49999999e-01 
 3.97550000e-09 -4.49999999e-01 
 3.97650000e-09 -4.49999999e-01 
 3.97750000e-09 -4.49999999e-01 
 3.97850000e-09 -4.49999999e-01 
 3.97950000e-09 -4.49999999e-01 
 3.98050000e-09 -4.49999999e-01 
 3.98150000e-09 -4.49999999e-01 
 3.98250000e-09 -4.49999999e-01 
 3.98350000e-09 -4.49999999e-01 
 3.98450000e-09 -4.49999999e-01 
 3.98550000e-09 -4.49999999e-01 
 3.98650000e-09 -4.49999999e-01 
 3.98750000e-09 -4.49999999e-01 
 3.98850000e-09 -4.49999999e-01 
 3.98950000e-09 -4.49999999e-01 
 3.99050000e-09 -4.49999999e-01 
 3.99150000e-09 -4.49999999e-01 
 3.99250000e-09 -4.49999999e-01 
 3.99350000e-09 -4.49999999e-01 
 3.99450000e-09 -4.49999999e-01 
 3.99550000e-09 -4.49999999e-01 
 3.99650000e-09 -4.49999999e-01 
 3.99750000e-09 -4.49999999e-01 
 3.99850000e-09 -4.49999999e-01 
 3.99950000e-09 -4.49999999e-01 
 4.00050000e-09 -4.49999999e-01 
 4.00150000e-09 -4.49999999e-01 
 4.00250000e-09 -4.49999999e-01 
 4.00350000e-09 -4.49999999e-01 
 4.00450000e-09 -4.49999999e-01 
 4.00550000e-09 -4.49999999e-01 
 4.00650000e-09 -4.49999999e-01 
 4.00750000e-09 -4.49999999e-01 
 4.00850000e-09 -4.49999999e-01 
 4.00950000e-09 -4.49999999e-01 
 4.01050000e-09 -4.49999999e-01 
 4.01150000e-09 -4.49999999e-01 
 4.01250000e-09 -4.49999999e-01 
 4.01350000e-09 -4.49999999e-01 
 4.01450000e-09 -4.49999999e-01 
 4.01550000e-09 -4.49999999e-01 
 4.01650000e-09 -4.49999999e-01 
 4.01750000e-09 -4.49999999e-01 
 4.01850000e-09 -4.49999999e-01 
 4.01950000e-09 -4.49999999e-01 
 4.02050000e-09 -4.49999999e-01 
 4.02150000e-09 -4.49999999e-01 
 4.02250000e-09 -4.49999999e-01 
 4.02350000e-09 -4.49999999e-01 
 4.02450000e-09 -4.49999999e-01 
 4.02550000e-09 -4.49999999e-01 
 4.02650000e-09 -4.49999999e-01 
 4.02750000e-09 -4.49999999e-01 
 4.02850000e-09 -4.49999999e-01 
 4.02950000e-09 -4.49999999e-01 
 4.03050000e-09 -4.49999999e-01 
 4.03150000e-09 -4.49999999e-01 
 4.03250000e-09 -4.49999999e-01 
 4.03350000e-09 -4.49999999e-01 
 4.03450000e-09 -4.49999999e-01 
 4.03550000e-09 -4.49999999e-01 
 4.03650000e-09 -4.49999999e-01 
 4.03750000e-09 -4.49999999e-01 
 4.03850000e-09 -4.49999999e-01 
 4.03950000e-09 -4.49999999e-01 
 4.04050000e-09 -4.49999999e-01 
 4.04150000e-09 -4.49999999e-01 
 4.04250000e-09 -4.49999999e-01 
 4.04350000e-09 -4.49999999e-01 
 4.04450000e-09 -4.49999999e-01 
 4.04550000e-09 -4.49999999e-01 
 4.04650000e-09 -4.49999999e-01 
 4.04750000e-09 -4.49999999e-01 
 4.04850000e-09 -4.49999999e-01 
 4.04950000e-09 -4.49999999e-01 
 4.05050000e-09 -4.49999999e-01 
 4.05150000e-09 -4.49999999e-01 
 4.05250000e-09 -4.49999999e-01 
 4.05350000e-09 -4.49999999e-01 
 4.05450000e-09 -4.49999999e-01 
 4.05550000e-09 -4.49999999e-01 
 4.05650000e-09 -4.49999999e-01 
 4.05750000e-09 -4.49999999e-01 
 4.05850000e-09 -4.49999999e-01 
 4.05950000e-09 -4.49999999e-01 
 4.06050000e-09 -4.49999999e-01 
 4.06150000e-09 -4.49999999e-01 
 4.06250000e-09 -4.49999999e-01 
 4.06350000e-09 -4.49999999e-01 
 4.06450000e-09 -4.49999999e-01 
 4.06550000e-09 -4.49999999e-01 
 4.06650000e-09 -4.49999999e-01 
 4.06750000e-09 -4.49999999e-01 
 4.06850000e-09 -4.49999999e-01 
 4.06950000e-09 -4.49999999e-01 
 4.07050000e-09 -4.49999999e-01 
 4.07150000e-09 -4.49999999e-01 
 4.07250000e-09 -4.49999999e-01 
 4.07350000e-09 -4.49999999e-01 
 4.07450000e-09 -4.49999999e-01 
 4.07550000e-09 -4.49999999e-01 
 4.07650000e-09 -4.49999999e-01 
 4.07750000e-09 -4.49999999e-01 
 4.07850000e-09 -4.49999999e-01 
 4.07950000e-09 -4.49999999e-01 
 4.08050000e-09 -4.49999999e-01 
 4.08150000e-09 -4.49999999e-01 
 4.08250000e-09 -4.49999999e-01 
 4.08350000e-09 -4.49999999e-01 
 4.08450000e-09 -4.49999999e-01 
 4.08550000e-09 -4.49999999e-01 
 4.08650000e-09 -4.49999999e-01 
 4.08750000e-09 -4.49999999e-01 
 4.08850000e-09 -4.49999999e-01 
 4.08950000e-09 -4.49999999e-01 
 4.09050000e-09 -4.49999999e-01 
 4.09150000e-09 -4.49999999e-01 
 4.09250000e-09 -4.49999999e-01 
 4.09350000e-09 -4.49999999e-01 
 4.09450000e-09 -4.49999999e-01 
 4.09550000e-09 -4.49999999e-01 
 4.09650000e-09 -4.49999999e-01 
 4.09750000e-09 -4.49999999e-01 
 4.09850000e-09 -4.49999999e-01 
 4.09950000e-09 -4.49999999e-01 
 4.10050000e-09 -4.49999999e-01 
 4.10150000e-09 -4.49999999e-01 
 4.10250000e-09 -4.49999999e-01 
 4.10350000e-09 -4.49999999e-01 
 4.10450000e-09 -4.49999999e-01 
 4.10550000e-09 -4.49999999e-01 
 4.10650000e-09 -4.49999999e-01 
 4.10750000e-09 -4.49999999e-01 
 4.10850000e-09 -4.49999999e-01 
 4.10950000e-09 -4.49999999e-01 
 4.11050000e-09 -4.49999999e-01 
 4.11150000e-09 -4.49999999e-01 
 4.11250000e-09 -4.49999999e-01 
 4.11350000e-09 -4.49999999e-01 
 4.11450000e-09 -4.49999999e-01 
 4.11550000e-09 -4.49999999e-01 
 4.11650000e-09 -4.49999999e-01 
 4.11750000e-09 -4.49999999e-01 
 4.11850000e-09 -4.49999999e-01 
 4.11950000e-09 -4.49999999e-01 
 4.12050000e-09 -4.49999999e-01 
 4.12150000e-09 -4.49999999e-01 
 4.12250000e-09 -4.49999999e-01 
 4.12350000e-09 -4.49999999e-01 
 4.12450000e-09 -4.49999999e-01 
 4.12550000e-09 -4.49999999e-01 
 4.12650000e-09 -4.49999999e-01 
 4.12750000e-09 -4.49999999e-01 
 4.12850000e-09 -4.49999999e-01 
 4.12950000e-09 -4.49999999e-01 
 4.13050000e-09 -4.49999999e-01 
 4.13150000e-09 -4.49999999e-01 
 4.13250000e-09 -4.49999999e-01 
 4.13350000e-09 -4.49999999e-01 
 4.13450000e-09 -4.49999999e-01 
 4.13550000e-09 -4.49999999e-01 
 4.13650000e-09 -4.49999999e-01 
 4.13750000e-09 -4.49999999e-01 
 4.13850000e-09 -4.49999999e-01 
 4.13950000e-09 -4.49999999e-01 
 4.14050000e-09 -4.49999999e-01 
 4.14150000e-09 -4.49999999e-01 
 4.14250000e-09 -4.49999999e-01 
 4.14350000e-09 -4.49999999e-01 
 4.14450000e-09 -4.49999999e-01 
 4.14550000e-09 -4.49999999e-01 
 4.14650000e-09 -4.49999999e-01 
 4.14750000e-09 -4.49999999e-01 
 4.14850000e-09 -4.49999999e-01 
 4.14950000e-09 -4.49999999e-01 
 4.15050000e-09 -4.49999999e-01 
 4.15150000e-09 -4.49999999e-01 
 4.15250000e-09 -4.49999999e-01 
 4.15350000e-09 -4.49999999e-01 
 4.15450000e-09 -4.49999999e-01 
 4.15550000e-09 -4.49999999e-01 
 4.15650000e-09 -4.49999999e-01 
 4.15750000e-09 -4.49999999e-01 
 4.15850000e-09 -4.49999999e-01 
 4.15950000e-09 -4.49999999e-01 
 4.16050000e-09 -4.49999999e-01 
 4.16150000e-09 -4.49999999e-01 
 4.16250000e-09 -4.49999999e-01 
 4.16350000e-09 -4.49999999e-01 
 4.16450000e-09 -4.49999999e-01 
 4.16550000e-09 -4.49999999e-01 
 4.16650000e-09 -4.49999999e-01 
 4.16750000e-09 -4.49999999e-01 
 4.16850000e-09 -4.49999999e-01 
 4.16950000e-09 -4.49999999e-01 
 4.17050000e-09 -4.49999999e-01 
 4.17150000e-09 -4.49999999e-01 
 4.17250000e-09 -4.49999999e-01 
 4.17350000e-09 -4.49999999e-01 
 4.17450000e-09 -4.49999999e-01 
 4.17550000e-09 -4.49999999e-01 
 4.17650000e-09 -4.49999999e-01 
 4.17750000e-09 -4.49999999e-01 
 4.17850000e-09 -4.49999999e-01 
 4.17950000e-09 -4.49999999e-01 
 4.18050000e-09 -4.49999999e-01 
 4.18150000e-09 -4.49999999e-01 
 4.18250000e-09 -4.49999999e-01 
 4.18350000e-09 -4.49999999e-01 
 4.18450000e-09 -4.49999999e-01 
 4.18550000e-09 -4.49999999e-01 
 4.18650000e-09 -4.49999999e-01 
 4.18750000e-09 -4.49999999e-01 
 4.18850000e-09 -4.49999999e-01 
 4.18950000e-09 -4.49999999e-01 
 4.19050000e-09 -4.49999999e-01 
 4.19150000e-09 -4.49999999e-01 
 4.19250000e-09 -4.49999999e-01 
 4.19350000e-09 -4.49999999e-01 
 4.19450000e-09 -4.49999999e-01 
 4.19550000e-09 -4.49999999e-01 
 4.19650000e-09 -4.49999999e-01 
 4.19750000e-09 -4.49999999e-01 
 4.19850000e-09 -4.49999999e-01 
 4.19950000e-09 -4.49999999e-01 
 4.20050000e-09 -4.49999999e-01 
 4.20150000e-09 -4.49999999e-01 
 4.20250000e-09 -4.49999999e-01 
 4.20350000e-09 -4.49999999e-01 
 4.20450000e-09 -4.49999999e-01 
 4.20550000e-09 -4.49999999e-01 
 4.20650000e-09 -4.49999999e-01 
 4.20750000e-09 -4.49999999e-01 
 4.20850000e-09 -4.49999999e-01 
 4.20950000e-09 -4.49999999e-01 
 4.21050000e-09 -4.49999999e-01 
 4.21150000e-09 -4.49999999e-01 
 4.21250000e-09 -4.49999999e-01 
 4.21350000e-09 -4.49999999e-01 
 4.21450000e-09 -4.49999999e-01 
 4.21550000e-09 -4.49999999e-01 
 4.21650000e-09 -4.49999999e-01 
 4.21750000e-09 -4.49999999e-01 
 4.21850000e-09 -4.49999999e-01 
 4.21950000e-09 -4.49999999e-01 
 4.22050000e-09 -4.49999999e-01 
 4.22150000e-09 -4.49999999e-01 
 4.22250000e-09 -4.49999999e-01 
 4.22350000e-09 -4.49999999e-01 
 4.22450000e-09 -4.49999999e-01 
 4.22550000e-09 -4.49999999e-01 
 4.22650000e-09 -4.49999999e-01 
 4.22750000e-09 -4.49999999e-01 
 4.22850000e-09 -4.49999999e-01 
 4.22950000e-09 -4.49999999e-01 
 4.23050000e-09 -4.49999999e-01 
 4.23150000e-09 -4.49999999e-01 
 4.23250000e-09 -4.49999999e-01 
 4.23350000e-09 -4.49999999e-01 
 4.23450000e-09 -4.49999999e-01 
 4.23550000e-09 -4.49999999e-01 
 4.23650000e-09 -4.49999999e-01 
 4.23750000e-09 -4.49999999e-01 
 4.23850000e-09 -4.49999999e-01 
 4.23950000e-09 -4.49999999e-01 
 4.24050000e-09 -4.49999999e-01 
 4.24150000e-09 -4.49999999e-01 
 4.24250000e-09 -4.49999999e-01 
 4.24350000e-09 -4.49999999e-01 
 4.24450000e-09 -4.49999999e-01 
 4.24550000e-09 -4.49999999e-01 
 4.24650000e-09 -4.49999999e-01 
 4.24750000e-09 -4.49999999e-01 
 4.24850000e-09 -4.49999999e-01 
 4.24950000e-09 -4.49999999e-01 
 4.25050000e-09 -4.49999999e-01 
 4.25150000e-09 -4.49999999e-01 
 4.25250000e-09 -4.49999999e-01 
 4.25350000e-09 -4.49999999e-01 
 4.25450000e-09 -4.49999999e-01 
 4.25550000e-09 -4.49999999e-01 
 4.25650000e-09 -4.49999999e-01 
 4.25750000e-09 -4.49999999e-01 
 4.25850000e-09 -4.49999999e-01 
 4.25950000e-09 -4.49999999e-01 
 4.26050000e-09 -4.49999999e-01 
 4.26150000e-09 -4.49999999e-01 
 4.26250000e-09 -4.49999999e-01 
 4.26350000e-09 -4.49999999e-01 
 4.26450000e-09 -4.49999999e-01 
 4.26550000e-09 -4.49999999e-01 
 4.26650000e-09 -4.49999999e-01 
 4.26750000e-09 -4.49999999e-01 
 4.26850000e-09 -4.49999999e-01 
 4.26950000e-09 -4.49999999e-01 
 4.27050000e-09 -4.49999999e-01 
 4.27150000e-09 -4.49999999e-01 
 4.27250000e-09 -4.49999999e-01 
 4.27350000e-09 -4.49999999e-01 
 4.27450000e-09 -4.49999999e-01 
 4.27550000e-09 -4.49999999e-01 
 4.27650000e-09 -4.49999999e-01 
 4.27750000e-09 -4.49999999e-01 
 4.27850000e-09 -4.49999999e-01 
 4.27950000e-09 -4.49999999e-01 
 4.28050000e-09 -4.49999999e-01 
 4.28150000e-09 -4.49999999e-01 
 4.28250000e-09 -4.49999999e-01 
 4.28350000e-09 -4.49999999e-01 
 4.28450000e-09 -4.49999999e-01 
 4.28550000e-09 -4.49999999e-01 
 4.28650000e-09 -4.49999999e-01 
 4.28750000e-09 -4.49999999e-01 
 4.28850000e-09 -4.49999999e-01 
 4.28950000e-09 -4.49999999e-01 
 4.29050000e-09 -4.49999999e-01 
 4.29150000e-09 -4.49999999e-01 
 4.29250000e-09 -4.49999999e-01 
 4.29350000e-09 -4.49999999e-01 
 4.29450000e-09 -4.49999999e-01 
 4.29550000e-09 -4.49999999e-01 
 4.29650000e-09 -4.49999999e-01 
 4.29750000e-09 -4.49999999e-01 
 4.29850000e-09 -4.49999999e-01 
 4.29950000e-09 -4.49999999e-01 
 4.30050000e-09 -4.49999999e-01 
 4.30150000e-09 -4.49999999e-01 
 4.30250000e-09 -4.49999999e-01 
 4.30350000e-09 -4.49999999e-01 
 4.30450000e-09 -4.49999999e-01 
 4.30550000e-09 -4.49999999e-01 
 4.30650000e-09 -4.49999999e-01 
 4.30750000e-09 -4.49999999e-01 
 4.30850000e-09 -4.49999999e-01 
 4.30950000e-09 -4.49999999e-01 
 4.31050000e-09 -4.49999999e-01 
 4.31150000e-09 -4.49999999e-01 
 4.31250000e-09 -4.49999999e-01 
 4.31350000e-09 -4.49999999e-01 
 4.31450000e-09 -4.49999999e-01 
 4.31550000e-09 -4.49999999e-01 
 4.31650000e-09 -4.49999999e-01 
 4.31750000e-09 -4.49999999e-01 
 4.31850000e-09 -4.49999999e-01 
 4.31950000e-09 -4.49999999e-01 
 4.32050000e-09 -4.49999999e-01 
 4.32150000e-09 -4.49999999e-01 
 4.32250000e-09 -4.49999999e-01 
 4.32350000e-09 -4.49999999e-01 
 4.32450000e-09 -4.49999999e-01 
 4.32550000e-09 -4.49999999e-01 
 4.32650000e-09 -4.49999999e-01 
 4.32750000e-09 -4.49999999e-01 
 4.32850000e-09 -4.49999999e-01 
 4.32950000e-09 -4.49999999e-01 
 4.33050000e-09 -4.49999999e-01 
 4.33150000e-09 -4.49999999e-01 
 4.33250000e-09 -4.49999999e-01 
 4.33350000e-09 -4.49999999e-01 
 4.33450000e-09 -4.49999999e-01 
 4.33550000e-09 -4.49999999e-01 
 4.33650000e-09 -4.49999999e-01 
 4.33750000e-09 -4.49999999e-01 
 4.33850000e-09 -4.49999999e-01 
 4.33950000e-09 -4.49999999e-01 
 4.34050000e-09 -4.49999999e-01 
 4.34150000e-09 -4.49999999e-01 
 4.34250000e-09 -4.49999999e-01 
 4.34350000e-09 -4.49999999e-01 
 4.34450000e-09 -4.49999999e-01 
 4.34550000e-09 -4.49999999e-01 
 4.34650000e-09 -4.49999999e-01 
 4.34750000e-09 -4.49999999e-01 
 4.34850000e-09 -4.49999999e-01 
 4.34950000e-09 -4.49999999e-01 
 4.35050000e-09 -4.49999999e-01 
 4.35150000e-09 -4.49999999e-01 
 4.35250000e-09 -4.49999999e-01 
 4.35350000e-09 -4.49999999e-01 
 4.35450000e-09 -4.49999999e-01 
 4.35550000e-09 -4.49999999e-01 
 4.35650000e-09 -4.49999999e-01 
 4.35750000e-09 -4.49999999e-01 
 4.35850000e-09 -4.49999999e-01 
 4.35950000e-09 -4.49999999e-01 
 4.36050000e-09 -4.49999999e-01 
 4.36150000e-09 -4.49999999e-01 
 4.36250000e-09 -4.49999999e-01 
 4.36350000e-09 -4.49999999e-01 
 4.36450000e-09 -4.49999999e-01 
 4.36550000e-09 -4.49999999e-01 
 4.36650000e-09 -4.49999999e-01 
 4.36750000e-09 -4.49999999e-01 
 4.36850000e-09 -4.49999999e-01 
 4.36950000e-09 -4.49999999e-01 
 4.37050000e-09 -4.49999999e-01 
 4.37150000e-09 -4.49999999e-01 
 4.37250000e-09 -4.49999999e-01 
 4.37350000e-09 -4.49999999e-01 
 4.37450000e-09 -4.49999999e-01 
 4.37550000e-09 -4.49999999e-01 
 4.37650000e-09 -4.49999999e-01 
 4.37750000e-09 -4.49999999e-01 
 4.37850000e-09 -4.49999999e-01 
 4.37950000e-09 -4.49999999e-01 
 4.38050000e-09 -4.49999999e-01 
 4.38150000e-09 -4.49999999e-01 
 4.38250000e-09 -4.49999999e-01 
 4.38350000e-09 -4.49999999e-01 
 4.38450000e-09 -4.49999999e-01 
 4.38550000e-09 -4.49999999e-01 
 4.38650000e-09 -4.49999999e-01 
 4.38750000e-09 -4.49999999e-01 
 4.38850000e-09 -4.49999999e-01 
 4.38950000e-09 -4.49999999e-01 
 4.39050000e-09 -4.49999999e-01 
 4.39150000e-09 -4.49999999e-01 
 4.39250000e-09 -4.49999999e-01 
 4.39350000e-09 -4.49999999e-01 
 4.39450000e-09 -4.49999999e-01 
 4.39550000e-09 -4.49999999e-01 
 4.39650000e-09 -4.49999999e-01 
 4.39750000e-09 -4.49999999e-01 
 4.39850000e-09 -4.49999999e-01 
 4.39950000e-09 -4.49999999e-01 
 4.40050000e-09 -4.49999999e-01 
 4.40150000e-09 -4.49999999e-01 
 4.40250000e-09 -4.49999999e-01 
 4.40350000e-09 -4.49999999e-01 
 4.40450000e-09 -4.49999999e-01 
 4.40550000e-09 -4.49999999e-01 
 4.40650000e-09 -4.49999999e-01 
 4.40750000e-09 -4.49999999e-01 
 4.40850000e-09 -4.49999999e-01 
 4.40950000e-09 -4.49999999e-01 
 4.41050000e-09 -4.49999999e-01 
 4.41150000e-09 -4.49999999e-01 
 4.41250000e-09 -4.49999999e-01 
 4.41350000e-09 -4.49999999e-01 
 4.41450000e-09 -4.49999999e-01 
 4.41550000e-09 -4.49999999e-01 
 4.41650000e-09 -4.49999999e-01 
 4.41750000e-09 -4.49999999e-01 
 4.41850000e-09 -4.49999999e-01 
 4.41950000e-09 -4.49999999e-01 
 4.42050000e-09 -4.49999999e-01 
 4.42150000e-09 -4.49999999e-01 
 4.42250000e-09 -4.49999999e-01 
 4.42350000e-09 -4.49999999e-01 
 4.42450000e-09 -4.49999999e-01 
 4.42550000e-09 -4.49999999e-01 
 4.42650000e-09 -4.49999999e-01 
 4.42750000e-09 -4.49999999e-01 
 4.42850000e-09 -4.49999999e-01 
 4.42950000e-09 -4.49999999e-01 
 4.43050000e-09 -4.49999999e-01 
 4.43150000e-09 -4.49999999e-01 
 4.43250000e-09 -4.49999999e-01 
 4.43350000e-09 -4.49999999e-01 
 4.43450000e-09 -4.49999999e-01 
 4.43550000e-09 -4.49999999e-01 
 4.43650000e-09 -4.49999999e-01 
 4.43750000e-09 -4.49999999e-01 
 4.43850000e-09 -4.49999999e-01 
 4.43950000e-09 -4.49999999e-01 
 4.44050000e-09 -4.49999999e-01 
 4.44150000e-09 -4.49999999e-01 
 4.44250000e-09 -4.49999999e-01 
 4.44350000e-09 -4.49999999e-01 
 4.44450000e-09 -4.49999999e-01 
 4.44550000e-09 -4.49999999e-01 
 4.44650000e-09 -4.49999999e-01 
 4.44750000e-09 -4.49999999e-01 
 4.44850000e-09 -4.49999999e-01 
 4.44950000e-09 -4.49999999e-01 
 4.45050000e-09 -4.49999999e-01 
 4.45150000e-09 -4.49999999e-01 
 4.45250000e-09 -4.49999999e-01 
 4.45350000e-09 -4.49999999e-01 
 4.45450000e-09 -4.49999999e-01 
 4.45550000e-09 -4.49999999e-01 
 4.45650000e-09 -4.49999999e-01 
 4.45750000e-09 -4.49999999e-01 
 4.45850000e-09 -4.49999999e-01 
 4.45950000e-09 -4.49999999e-01 
 4.46050000e-09 -4.49999999e-01 
 4.46150000e-09 -4.49999999e-01 
 4.46250000e-09 -4.49999999e-01 
 4.46350000e-09 -4.49999999e-01 
 4.46450000e-09 -4.49999999e-01 
 4.46550000e-09 -4.49999999e-01 
 4.46650000e-09 -4.49999999e-01 
 4.46750000e-09 -4.49999999e-01 
 4.46850000e-09 -4.49999999e-01 
 4.46950000e-09 -4.49999999e-01 
 4.47050000e-09 -4.49999999e-01 
 4.47150000e-09 -4.49999999e-01 
 4.47250000e-09 -4.49999999e-01 
 4.47350000e-09 -4.49999999e-01 
 4.47450000e-09 -4.49999999e-01 
 4.47550000e-09 -4.49999999e-01 
 4.47650000e-09 -4.49999999e-01 
 4.47750000e-09 -4.49999999e-01 
 4.47850000e-09 -4.49999999e-01 
 4.47950000e-09 -4.49999999e-01 
 4.48050000e-09 -4.49999999e-01 
 4.48150000e-09 -4.49999999e-01 
 4.48250000e-09 -4.49999999e-01 
 4.48350000e-09 -4.49999999e-01 
 4.48450000e-09 -4.49999999e-01 
 4.48550000e-09 -4.49999999e-01 
 4.48650000e-09 -4.49999999e-01 
 4.48750000e-09 -4.49999999e-01 
 4.48850000e-09 -4.49999999e-01 
 4.48950000e-09 -4.49999999e-01 
 4.49050000e-09 -4.49999999e-01 
 4.49150000e-09 -4.49999999e-01 
 4.49250000e-09 -4.49999999e-01 
 4.49350000e-09 -4.49999999e-01 
 4.49450000e-09 -4.49999999e-01 
 4.49550000e-09 -4.49999999e-01 
 4.49650000e-09 -4.49999999e-01 
 4.49750000e-09 -4.49999999e-01 
 4.49850000e-09 -4.49999999e-01 
 4.49950000e-09 -4.49999999e-01 
 4.50050000e-09 -4.49999999e-01 
 4.50150000e-09 -4.49999999e-01 
 4.50250000e-09 -4.49999999e-01 
 4.50350000e-09 -4.49999999e-01 
 4.50450000e-09 -4.49999999e-01 
 4.50550000e-09 -4.49999999e-01 
 4.50650000e-09 -4.49999999e-01 
 4.50750000e-09 -4.49999999e-01 
 4.50850000e-09 -4.49999999e-01 
 4.50950000e-09 -4.49999999e-01 
 4.51050000e-09 -4.49999999e-01 
 4.51150000e-09 -4.49999999e-01 
 4.51250000e-09 -4.49999999e-01 
 4.51350000e-09 -4.49999999e-01 
 4.51450000e-09 -4.49999999e-01 
 4.51550000e-09 -4.49999999e-01 
 4.51650000e-09 -4.49999999e-01 
 4.51750000e-09 -4.49999999e-01 
 4.51850000e-09 -4.49999999e-01 
 4.51950000e-09 -4.49999999e-01 
 4.52050000e-09 -4.49999999e-01 
 4.52150000e-09 -4.49999999e-01 
 4.52250000e-09 -4.49999999e-01 
 4.52350000e-09 -4.49999999e-01 
 4.52450000e-09 -4.49999999e-01 
 4.52550000e-09 -4.49999999e-01 
 4.52650000e-09 -4.49999999e-01 
 4.52750000e-09 -4.49999999e-01 
 4.52850000e-09 -4.49999999e-01 
 4.52950000e-09 -4.49999999e-01 
 4.53050000e-09 -4.49999999e-01 
 4.53150000e-09 -4.49999999e-01 
 4.53250000e-09 -4.49999999e-01 
 4.53350000e-09 -4.49999999e-01 
 4.53450000e-09 -4.49999999e-01 
 4.53550000e-09 -4.49999999e-01 
 4.53650000e-09 -4.49999999e-01 
 4.53750000e-09 -4.49999999e-01 
 4.53850000e-09 -4.49999999e-01 
 4.53950000e-09 -4.49999999e-01 
 4.54050000e-09 -4.49999999e-01 
 4.54150000e-09 -4.49999999e-01 
 4.54250000e-09 -4.49999999e-01 
 4.54350000e-09 -4.49999999e-01 
 4.54450000e-09 -4.49999999e-01 
 4.54550000e-09 -4.49999999e-01 
 4.54650000e-09 -4.49999999e-01 
 4.54750000e-09 -4.49999999e-01 
 4.54850000e-09 -4.49999999e-01 
 4.54950000e-09 -4.49999999e-01 
 4.55050000e-09 -4.49999999e-01 
 4.55150000e-09 -4.49999999e-01 
 4.55250000e-09 -4.49999999e-01 
 4.55350000e-09 -4.49999999e-01 
 4.55450000e-09 -4.49999999e-01 
 4.55550000e-09 -4.49999999e-01 
 4.55650000e-09 -4.49999999e-01 
 4.55750000e-09 -4.49999999e-01 
 4.55850000e-09 -4.49999999e-01 
 4.55950000e-09 -4.49999999e-01 
 4.56050000e-09 -4.49999999e-01 
 4.56150000e-09 -4.49999999e-01 
 4.56250000e-09 -4.49999999e-01 
 4.56350000e-09 -4.49999999e-01 
 4.56450000e-09 -4.49999999e-01 
 4.56550000e-09 -4.49999999e-01 
 4.56650000e-09 -4.49999999e-01 
 4.56750000e-09 -4.49999999e-01 
 4.56850000e-09 -4.49999999e-01 
 4.56950000e-09 -4.49999999e-01 
 4.57050000e-09 -4.49999999e-01 
 4.57150000e-09 -4.49999999e-01 
 4.57250000e-09 -4.49999999e-01 
 4.57350000e-09 -4.49999999e-01 
 4.57450000e-09 -4.49999999e-01 
 4.57550000e-09 -4.49999999e-01 
 4.57650000e-09 -4.49999999e-01 
 4.57750000e-09 -4.49999999e-01 
 4.57850000e-09 -4.49999999e-01 
 4.57950000e-09 -4.49999999e-01 
 4.58050000e-09 -4.49999999e-01 
 4.58150000e-09 -4.49999999e-01 
 4.58250000e-09 -4.49999999e-01 
 4.58350000e-09 -4.49999999e-01 
 4.58450000e-09 -4.49999999e-01 
 4.58550000e-09 -4.49999999e-01 
 4.58650000e-09 -4.49999999e-01 
 4.58750000e-09 -4.49999999e-01 
 4.58850000e-09 -4.49999999e-01 
 4.58950000e-09 -4.49999999e-01 
 4.59050000e-09 -4.49999999e-01 
 4.59150000e-09 -4.49999999e-01 
 4.59250000e-09 -4.49999999e-01 
 4.59350000e-09 -4.49999999e-01 
 4.59450000e-09 -4.49999999e-01 
 4.59550000e-09 -4.49999999e-01 
 4.59650000e-09 -4.49999999e-01 
 4.59750000e-09 -4.49999999e-01 
 4.59850000e-09 -4.49999999e-01 
 4.59950000e-09 -4.49999999e-01 
 4.60050000e-09 -4.49999999e-01 
 4.60150000e-09 -4.49999999e-01 
 4.60250000e-09 -4.49999999e-01 
 4.60350000e-09 -4.49999999e-01 
 4.60450000e-09 -4.49999999e-01 
 4.60550000e-09 -4.49999999e-01 
 4.60650000e-09 -4.49999999e-01 
 4.60750000e-09 -4.49999999e-01 
 4.60850000e-09 -4.49999999e-01 
 4.60950000e-09 -4.49999999e-01 
 4.61050000e-09 -4.49999999e-01 
 4.61150000e-09 -4.49999999e-01 
 4.61250000e-09 -4.49999999e-01 
 4.61350000e-09 -4.49999999e-01 
 4.61450000e-09 -4.49999999e-01 
 4.61550000e-09 -4.49999999e-01 
 4.61650000e-09 -4.49999999e-01 
 4.61750000e-09 -4.49999999e-01 
 4.61850000e-09 -4.49999999e-01 
 4.61950000e-09 -4.49999999e-01 
 4.62050000e-09 -4.49999999e-01 
 4.62150000e-09 -4.49999999e-01 
 4.62250000e-09 -4.49999999e-01 
 4.62350000e-09 -4.49999999e-01 
 4.62450000e-09 -4.49999999e-01 
 4.62550000e-09 -4.49999999e-01 
 4.62650000e-09 -4.49999999e-01 
 4.62750000e-09 -4.49999999e-01 
 4.62850000e-09 -4.49999999e-01 
 4.62950000e-09 -4.49999999e-01 
 4.63050000e-09 -4.49999999e-01 
 4.63150000e-09 -4.49999999e-01 
 4.63250000e-09 -4.49999999e-01 
 4.63350000e-09 -4.49999999e-01 
 4.63450000e-09 -4.49999999e-01 
 4.63550000e-09 -4.49999999e-01 
 4.63650000e-09 -4.49999999e-01 
 4.63750000e-09 -4.49999999e-01 
 4.63850000e-09 -4.49999999e-01 
 4.63950000e-09 -4.49999999e-01 
 4.64050000e-09 -4.49999999e-01 
 4.64150000e-09 -4.49999999e-01 
 4.64250000e-09 -4.49999999e-01 
 4.64350000e-09 -4.49999999e-01 
 4.64450000e-09 -4.49999999e-01 
 4.64550000e-09 -4.49999999e-01 
 4.64650000e-09 -4.49999999e-01 
 4.64750000e-09 -4.49999999e-01 
 4.64850000e-09 -4.49999999e-01 
 4.64950000e-09 -4.49999999e-01 
 4.65050000e-09 -4.49999999e-01 
 4.65150000e-09 -4.49999999e-01 
 4.65250000e-09 -4.49999999e-01 
 4.65350000e-09 -4.49999999e-01 
 4.65450000e-09 -4.49999999e-01 
 4.65550000e-09 -4.49999999e-01 
 4.65650000e-09 -4.49999999e-01 
 4.65750000e-09 -4.49999999e-01 
 4.65850000e-09 -4.49999999e-01 
 4.65950000e-09 -4.49999999e-01 
 4.66050000e-09 -4.49999999e-01 
 4.66150000e-09 -4.49999999e-01 
 4.66250000e-09 -4.49999999e-01 
 4.66350000e-09 -4.49999999e-01 
 4.66450000e-09 -4.49999999e-01 
 4.66550000e-09 -4.49999999e-01 
 4.66650000e-09 -4.49999999e-01 
 4.66750000e-09 -4.49999999e-01 
 4.66850000e-09 -4.49999999e-01 
 4.66950000e-09 -4.49999999e-01 
 4.67050000e-09 -4.49999999e-01 
 4.67150000e-09 -4.49999999e-01 
 4.67250000e-09 -4.49999999e-01 
 4.67350000e-09 -4.49999999e-01 
 4.67450000e-09 -4.49999999e-01 
 4.67550000e-09 -4.49999999e-01 
 4.67650000e-09 -4.49999999e-01 
 4.67750000e-09 -4.49999999e-01 
 4.67850000e-09 -4.49999999e-01 
 4.67950000e-09 -4.49999999e-01 
 4.68050000e-09 -4.49999999e-01 
 4.68150000e-09 -4.49999999e-01 
 4.68250000e-09 -4.49999999e-01 
 4.68350000e-09 -4.49999999e-01 
 4.68450000e-09 -4.49999999e-01 
 4.68550000e-09 -4.49999999e-01 
 4.68650000e-09 -4.49999999e-01 
 4.68750000e-09 -4.49999999e-01 
 4.68850000e-09 -4.49999999e-01 
 4.68950000e-09 -4.49999999e-01 
 4.69050000e-09 -4.49999999e-01 
 4.69150000e-09 -4.49999999e-01 
 4.69250000e-09 -4.49999999e-01 
 4.69350000e-09 -4.49999999e-01 
 4.69450000e-09 -4.49999999e-01 
 4.69550000e-09 -4.49999999e-01 
 4.69650000e-09 -4.49999999e-01 
 4.69750000e-09 -4.49999999e-01 
 4.69850000e-09 -4.49999999e-01 
 4.69950000e-09 -4.49999999e-01 
 4.70050000e-09 -4.49999999e-01 
 4.70150000e-09 -4.49999999e-01 
 4.70250000e-09 -4.49999999e-01 
 4.70350000e-09 -4.49999999e-01 
 4.70450000e-09 -4.49999999e-01 
 4.70550000e-09 -4.49999999e-01 
 4.70650000e-09 -4.49999999e-01 
 4.70750000e-09 -4.49999999e-01 
 4.70850000e-09 -4.49999999e-01 
 4.70950000e-09 -4.49999999e-01 
 4.71050000e-09 -4.49999999e-01 
 4.71150000e-09 -4.49999999e-01 
 4.71250000e-09 -4.49999999e-01 
 4.71350000e-09 -4.49999999e-01 
 4.71450000e-09 -4.49999999e-01 
 4.71550000e-09 -4.49999999e-01 
 4.71650000e-09 -4.49999999e-01 
 4.71750000e-09 -4.49999999e-01 
 4.71850000e-09 -4.49999999e-01 
 4.71950000e-09 -4.49999999e-01 
 4.72050000e-09 -4.49999999e-01 
 4.72150000e-09 -4.49999999e-01 
 4.72250000e-09 -4.49999999e-01 
 4.72350000e-09 -4.49999999e-01 
 4.72450000e-09 -4.49999999e-01 
 4.72550000e-09 -4.49999999e-01 
 4.72650000e-09 -4.49999999e-01 
 4.72750000e-09 -4.49999999e-01 
 4.72850000e-09 -4.49999999e-01 
 4.72950000e-09 -4.49999999e-01 
 4.73050000e-09 -4.49999999e-01 
 4.73150000e-09 -4.49999999e-01 
 4.73250000e-09 -4.49999999e-01 
 4.73350000e-09 -4.49999999e-01 
 4.73450000e-09 -4.49999999e-01 
 4.73550000e-09 -4.49999999e-01 
 4.73650000e-09 -4.49999999e-01 
 4.73750000e-09 -4.49999999e-01 
 4.73850000e-09 -4.49999999e-01 
 4.73950000e-09 -4.49999999e-01 
 4.74050000e-09 -4.49999999e-01 
 4.74150000e-09 -4.49999999e-01 
 4.74250000e-09 -4.49999999e-01 
 4.74350000e-09 -4.49999999e-01 
 4.74450000e-09 -4.49999999e-01 
 4.74550000e-09 -4.49999999e-01 
 4.74650000e-09 -4.49999999e-01 
 4.74750000e-09 -4.49999999e-01 
 4.74850000e-09 -4.49999999e-01 
 4.74950000e-09 -4.49999999e-01 
 4.75050000e-09 -4.49999999e-01 
 4.75150000e-09 -4.49999999e-01 
 4.75250000e-09 -4.49999999e-01 
 4.75350000e-09 -4.49999999e-01 
 4.75450000e-09 -4.49999999e-01 
 4.75550000e-09 -4.49999999e-01 
 4.75650000e-09 -4.49999999e-01 
 4.75750000e-09 -4.49999999e-01 
 4.75850000e-09 -4.49999999e-01 
 4.75950000e-09 -4.49999999e-01 
 4.76050000e-09 -4.49999999e-01 
 4.76150000e-09 -4.49999999e-01 
 4.76250000e-09 -4.49999999e-01 
 4.76350000e-09 -4.49999999e-01 
 4.76450000e-09 -4.49999999e-01 
 4.76550000e-09 -4.49999999e-01 
 4.76650000e-09 -4.49999999e-01 
 4.76750000e-09 -4.49999999e-01 
 4.76850000e-09 -4.49999999e-01 
 4.76950000e-09 -4.49999999e-01 
 4.77050000e-09 -4.49999999e-01 
 4.77150000e-09 -4.49999999e-01 
 4.77250000e-09 -4.49999999e-01 
 4.77350000e-09 -4.49999999e-01 
 4.77450000e-09 -4.49999999e-01 
 4.77550000e-09 -4.49999999e-01 
 4.77650000e-09 -4.49999999e-01 
 4.77750000e-09 -4.49999999e-01 
 4.77850000e-09 -4.49999999e-01 
 4.77950000e-09 -4.49999999e-01 
 4.78050000e-09 -4.49999999e-01 
 4.78150000e-09 -4.49999999e-01 
 4.78250000e-09 -4.49999999e-01 
 4.78350000e-09 -4.49999999e-01 
 4.78450000e-09 -4.49999999e-01 
 4.78550000e-09 -4.49999999e-01 
 4.78650000e-09 -4.49999999e-01 
 4.78750000e-09 -4.49999999e-01 
 4.78850000e-09 -4.49999999e-01 
 4.78950000e-09 -4.49999999e-01 
 4.79050000e-09 -4.49999999e-01 
 4.79150000e-09 -4.49999999e-01 
 4.79250000e-09 -4.49999999e-01 
 4.79350000e-09 -4.49999999e-01 
 4.79450000e-09 -4.49999999e-01 
 4.79550000e-09 -4.49999999e-01 
 4.79650000e-09 -4.49999999e-01 
 4.79750000e-09 -4.49999999e-01 
 4.79850000e-09 -4.49999999e-01 
 4.79950000e-09 -4.49999999e-01 
 4.80050000e-09 -4.49999999e-01 
 4.80150000e-09 -4.49999999e-01 
 4.80250000e-09 -4.49999999e-01 
 4.80350000e-09 -4.49999999e-01 
 4.80450000e-09 -4.49999999e-01 
 4.80550000e-09 -4.49999999e-01 
 4.80650000e-09 -4.49999999e-01 
 4.80750000e-09 -4.49999999e-01 
 4.80850000e-09 -4.49999999e-01 
 4.80950000e-09 -4.49999999e-01 
 4.81050000e-09 -4.49999999e-01 
 4.81150000e-09 -4.49999999e-01 
 4.81250000e-09 -4.49999999e-01 
 4.81350000e-09 -4.49999999e-01 
 4.81450000e-09 -4.49999999e-01 
 4.81550000e-09 -4.49999999e-01 
 4.81650000e-09 -4.49999999e-01 
 4.81750000e-09 -4.49999999e-01 
 4.81850000e-09 -4.49999999e-01 
 4.81950000e-09 -4.49999999e-01 
 4.82050000e-09 -4.49999999e-01 
 4.82150000e-09 -4.49999999e-01 
 4.82250000e-09 -4.49999999e-01 
 4.82350000e-09 -4.49999999e-01 
 4.82450000e-09 -4.49999999e-01 
 4.82550000e-09 -4.49999999e-01 
 4.82650000e-09 -4.49999999e-01 
 4.82750000e-09 -4.49999999e-01 
 4.82850000e-09 -4.49999999e-01 
 4.82950000e-09 -4.49999999e-01 
 4.83050000e-09 -4.49999999e-01 
 4.83150000e-09 -4.49999999e-01 
 4.83250000e-09 -4.49999999e-01 
 4.83350000e-09 -4.49999999e-01 
 4.83450000e-09 -4.49999999e-01 
 4.83550000e-09 -4.49999999e-01 
 4.83650000e-09 -4.49999999e-01 
 4.83750000e-09 -4.49999999e-01 
 4.83850000e-09 -4.49999999e-01 
 4.83950000e-09 -4.49999999e-01 
 4.84050000e-09 -4.49999999e-01 
 4.84150000e-09 -4.49999999e-01 
 4.84250000e-09 -4.49999999e-01 
 4.84350000e-09 -4.49999999e-01 
 4.84450000e-09 -4.49999999e-01 
 4.84550000e-09 -4.49999999e-01 
 4.84650000e-09 -4.49999999e-01 
 4.84750000e-09 -4.49999999e-01 
 4.84850000e-09 -4.49999999e-01 
 4.84950000e-09 -4.49999999e-01 
 4.85050000e-09 -4.49999999e-01 
 4.85150000e-09 -4.49999999e-01 
 4.85250000e-09 -4.49999999e-01 
 4.85350000e-09 -4.49999999e-01 
 4.85450000e-09 -4.49999999e-01 
 4.85550000e-09 -4.49999999e-01 
 4.85650000e-09 -4.49999999e-01 
 4.85750000e-09 -4.49999999e-01 
 4.85850000e-09 -4.49999999e-01 
 4.85950000e-09 -4.49999999e-01 
 4.86050000e-09 -4.49999999e-01 
 4.86150000e-09 -4.49999999e-01 
 4.86250000e-09 -4.49999999e-01 
 4.86350000e-09 -4.49999999e-01 
 4.86450000e-09 -4.49999999e-01 
 4.86550000e-09 -4.49999999e-01 
 4.86650000e-09 -4.49999999e-01 
 4.86750000e-09 -4.49999999e-01 
 4.86850000e-09 -4.49999999e-01 
 4.86950000e-09 -4.49999999e-01 
 4.87050000e-09 -4.49999999e-01 
 4.87150000e-09 -4.49999999e-01 
 4.87250000e-09 -4.49999999e-01 
 4.87350000e-09 -4.49999999e-01 
 4.87450000e-09 -4.49999999e-01 
 4.87550000e-09 -4.49999999e-01 
 4.87650000e-09 -4.49999999e-01 
 4.87750000e-09 -4.49999999e-01 
 4.87850000e-09 -4.49999999e-01 
 4.87950000e-09 -4.49999999e-01 
 4.88050000e-09 -4.49999999e-01 
 4.88150000e-09 -4.49999999e-01 
 4.88250000e-09 -4.49999999e-01 
 4.88350000e-09 -4.49999999e-01 
 4.88450000e-09 -4.49999999e-01 
 4.88550000e-09 -4.49999999e-01 
 4.88650000e-09 -4.49999999e-01 
 4.88750000e-09 -4.49999999e-01 
 4.88850000e-09 -4.49999999e-01 
 4.88950000e-09 -4.49999999e-01 
 4.89050000e-09 -4.49999999e-01 
 4.89150000e-09 -4.49999999e-01 
 4.89250000e-09 -4.49999999e-01 
 4.89350000e-09 -4.49999999e-01 
 4.89450000e-09 -4.49999999e-01 
 4.89550000e-09 -4.49999999e-01 
 4.89650000e-09 -4.49999999e-01 
 4.89750000e-09 -4.49999999e-01 
 4.89850000e-09 -4.49999999e-01 
 4.89950000e-09 -4.49999999e-01 
 4.90050000e-09 -4.49999999e-01 
 4.90150000e-09 -4.49999999e-01 
 4.90250000e-09 -4.49999999e-01 
 4.90350000e-09 -4.49999999e-01 
 4.90450000e-09 -4.49999999e-01 
 4.90550000e-09 -4.49999999e-01 
 4.90650000e-09 -4.49999999e-01 
 4.90750000e-09 -4.49999999e-01 
 4.90850000e-09 -4.49999999e-01 
 4.90950000e-09 -4.49999999e-01 
 4.91050000e-09 -4.49999999e-01 
 4.91150000e-09 -4.49999999e-01 
 4.91250000e-09 -4.49999999e-01 
 4.91350000e-09 -4.49999999e-01 
 4.91450000e-09 -4.49999999e-01 
 4.91550000e-09 -4.49999999e-01 
 4.91650000e-09 -4.49999999e-01 
 4.91750000e-09 -4.49999999e-01 
 4.91850000e-09 -4.49999999e-01 
 4.91950000e-09 -4.49999999e-01 
 4.92050000e-09 -4.49999999e-01 
 4.92150000e-09 -4.49999999e-01 
 4.92250000e-09 -4.49999999e-01 
 4.92350000e-09 -4.49999999e-01 
 4.92450000e-09 -4.49999999e-01 
 4.92550000e-09 -4.49999999e-01 
 4.92650000e-09 -4.49999999e-01 
 4.92750000e-09 -4.49999999e-01 
 4.92850000e-09 -4.49999999e-01 
 4.92950000e-09 -4.49999999e-01 
 4.93050000e-09 -4.49999999e-01 
 4.93150000e-09 -4.49999999e-01 
 4.93250000e-09 -4.49999999e-01 
 4.93350000e-09 -4.49999999e-01 
 4.93450000e-09 -4.49999999e-01 
 4.93550000e-09 -4.49999999e-01 
 4.93650000e-09 -4.49999999e-01 
 4.93750000e-09 -4.49999999e-01 
 4.93850000e-09 -4.49999999e-01 
 4.93950000e-09 -4.49999999e-01 
 4.94050000e-09 -4.49999999e-01 
 4.94150000e-09 -4.49999999e-01 
 4.94250000e-09 -4.49999999e-01 
 4.94350000e-09 -4.49999999e-01 
 4.94450000e-09 -4.49999999e-01 
 4.94550000e-09 -4.49999999e-01 
 4.94650000e-09 -4.49999999e-01 
 4.94750000e-09 -4.49999999e-01 
 4.94850000e-09 -4.49999999e-01 
 4.94950000e-09 -4.49999999e-01 
 4.95050000e-09 -4.49999999e-01 
 4.95150000e-09 -4.49999999e-01 
 4.95250000e-09 -4.49999999e-01 
 4.95350000e-09 -4.49999999e-01 
 4.95450000e-09 -4.49999999e-01 
 4.95550000e-09 -4.49999999e-01 
 4.95650000e-09 -4.49999999e-01 
 4.95750000e-09 -4.49999999e-01 
 4.95850000e-09 -4.49999999e-01 
 4.95950000e-09 -4.49999999e-01 
 4.96050000e-09 -4.49999999e-01 
 4.96150000e-09 -4.49999999e-01 
 4.96250000e-09 -4.49999999e-01 
 4.96350000e-09 -4.49999999e-01 
 4.96450000e-09 -4.49999999e-01 
 4.96550000e-09 -4.49999999e-01 
 4.96650000e-09 -4.49999999e-01 
 4.96750000e-09 -4.49999999e-01 
 4.96850000e-09 -4.49999999e-01 
 4.96950000e-09 -4.49999999e-01 
 4.97050000e-09 -4.49999999e-01 
 4.97150000e-09 -4.49999999e-01 
 4.97250000e-09 -4.49999999e-01 
 4.97350000e-09 -4.49999999e-01 
 4.97450000e-09 -4.49999999e-01 
 4.97550000e-09 -4.49999999e-01 
 4.97650000e-09 -4.49999999e-01 
 4.97750000e-09 -4.49999999e-01 
 4.97850000e-09 -4.49999999e-01 
 4.97950000e-09 -4.49999999e-01 
 4.98050000e-09 -4.49999999e-01 
 4.98150000e-09 -4.49999999e-01 
 4.98250000e-09 -4.49999999e-01 
 4.98350000e-09 -4.49999999e-01 
 4.98450000e-09 -4.49999999e-01 
 4.98550000e-09 -4.49999999e-01 
 4.98650000e-09 -4.49999999e-01 
 4.98750000e-09 -4.49999999e-01 
 4.98850000e-09 -4.49999999e-01 
 4.98950000e-09 -4.49999999e-01 
 4.99050000e-09 -4.49999999e-01 
 4.99150000e-09 -4.49999999e-01 
 4.99250000e-09 -4.49999999e-01 
 4.99350000e-09 -4.49999999e-01 
 4.99450000e-09 -4.49999999e-01 
 4.99550000e-09 -4.49999999e-01 
 4.99650000e-09 -4.49999999e-01 
 4.99750000e-09 -4.49999999e-01 
 4.99850000e-09 -4.49999999e-01 
 4.99950000e-09 -4.49999999e-01 
 5.00050000e-09 -4.49999999e-01 
 5.00150000e-09 -4.49999999e-01 
 5.00250000e-09 -4.49999999e-01 
 5.00350000e-09 -4.49999999e-01 
 5.00450000e-09 -4.49999999e-01 
 5.00550000e-09 -4.49999999e-01 
 5.00650000e-09 -4.49999999e-01 
 5.00750000e-09 -4.49999999e-01 
 5.00850000e-09 -4.49999999e-01 
 5.00950000e-09 -4.49999999e-01 
 5.01050000e-09 -4.49999999e-01 
 5.01150000e-09 -4.49999999e-01 
 5.01250000e-09 -4.49999999e-01 
 5.01350000e-09 -4.49999999e-01 
 5.01450000e-09 -4.49999999e-01 
 5.01550000e-09 -4.49999999e-01 
 5.01650000e-09 -4.49999999e-01 
 5.01750000e-09 -4.49999999e-01 
 5.01850000e-09 -4.49999999e-01 
 5.01950000e-09 -4.49999999e-01 
 5.02050000e-09 -4.49999999e-01 
 5.02150000e-09 -4.49999999e-01 
 5.02250000e-09 -4.49999999e-01 
 5.02350000e-09 -4.49999999e-01 
 5.02450000e-09 -4.49999999e-01 
 5.02550000e-09 -4.49999999e-01 
 5.02650000e-09 -4.49999999e-01 
 5.02750000e-09 -4.49999999e-01 
 5.02850000e-09 -4.49999999e-01 
 5.02950000e-09 -4.49999999e-01 
 5.03050000e-09 -4.49999999e-01 
 5.03150000e-09 -4.49999999e-01 
 5.03250000e-09 -4.49999999e-01 
 5.03350000e-09 -4.49999999e-01 
 5.03450000e-09 -4.49999999e-01 
 5.03550000e-09 -4.49999999e-01 
 5.03650000e-09 -4.49999999e-01 
 5.03750000e-09 -4.49999999e-01 
 5.03850000e-09 -4.49999999e-01 
 5.03950000e-09 -4.49999998e-01 
 5.04050000e-09 -4.49999998e-01 
 5.04150000e-09 -4.49999998e-01 
 5.04250000e-09 -4.49999998e-01 
 5.04350000e-09 -4.49999998e-01 
 5.04450000e-09 -4.49999998e-01 
 5.04550000e-09 -4.49999998e-01 
 5.04650000e-09 -4.49999998e-01 
 5.04750000e-09 -4.49999998e-01 
 5.04850000e-09 -4.49999998e-01 
 5.04950000e-09 -4.49999998e-01 
 5.05050000e-09 -4.49999998e-01 
 5.05150000e-09 -4.49999998e-01 
 5.05250000e-09 -4.49999998e-01 
 5.05350000e-09 -4.49999998e-01 
 5.05450000e-09 -4.49999998e-01 
 5.05550000e-09 -4.49999998e-01 
 5.05650000e-09 -4.49999998e-01 
 5.05750000e-09 -4.49999998e-01 
 5.05850000e-09 -4.49999998e-01 
 5.05950000e-09 -4.49999998e-01 
 5.06050000e-09 -4.49999998e-01 
 5.06150000e-09 -4.49999998e-01 
 5.06250000e-09 -4.49999998e-01 
 5.06350000e-09 -4.49999998e-01 
 5.06450000e-09 -4.49999998e-01 
 5.06550000e-09 -4.49999998e-01 
 5.06650000e-09 -4.49999998e-01 
 5.06750000e-09 -4.49999998e-01 
 5.06850000e-09 -4.49999998e-01 
 5.06950000e-09 -4.49999998e-01 
 5.07050000e-09 -4.49999998e-01 
 5.07150000e-09 -4.49999998e-01 
 5.07250000e-09 -4.49999998e-01 
 5.07350000e-09 -4.49999998e-01 
 5.07450000e-09 -4.49999998e-01 
 5.07550000e-09 -4.49999998e-01 
 5.07650000e-09 -4.49999998e-01 
 5.07750000e-09 -4.49999998e-01 
 5.07850000e-09 -4.49999998e-01 
 5.07950000e-09 -4.49999998e-01 
 5.08050000e-09 -4.49999998e-01 
 5.08150000e-09 -4.49999998e-01 
 5.08250000e-09 -4.49999998e-01 
 5.08350000e-09 -4.49999998e-01 
 5.08450000e-09 -4.49999998e-01 
 5.08550000e-09 -4.49999998e-01 
 5.08650000e-09 -4.49999998e-01 
 5.08750000e-09 -4.49999998e-01 
 5.08850000e-09 -4.49999998e-01 
 5.08950000e-09 -4.49999998e-01 
 5.09050000e-09 -4.49999998e-01 
 5.09150000e-09 -4.49999998e-01 
 5.09250000e-09 -4.49999998e-01 
 5.09350000e-09 -4.49999998e-01 
 5.09450000e-09 -4.49999998e-01 
 5.09550000e-09 -4.49999998e-01 
 5.09650000e-09 -4.49999998e-01 
 5.09750000e-09 -4.49999998e-01 
 5.09850000e-09 -4.49999998e-01 
 5.09950000e-09 -4.49999998e-01 
 5.10050000e-09 -4.49999998e-01 
 5.10150000e-09 -4.49999998e-01 
 5.10250000e-09 -4.49999998e-01 
 5.10350000e-09 -4.49999998e-01 
 5.10450000e-09 -4.49999998e-01 
 5.10550000e-09 -4.49999998e-01 
 5.10650000e-09 -4.49999998e-01 
 5.10750000e-09 -4.49999998e-01 
 5.10850000e-09 -4.49999998e-01 
 5.10950000e-09 -4.49999998e-01 
 5.11050000e-09 -4.49999998e-01 
 5.11150000e-09 -4.49999998e-01 
 5.11250000e-09 -4.49999998e-01 
 5.11350000e-09 -4.49999998e-01 
 5.11450000e-09 -4.49999998e-01 
 5.11550000e-09 -4.49999998e-01 
 5.11650000e-09 -4.49999998e-01 
 5.11750000e-09 -4.49999998e-01 
 5.11850000e-09 -4.49999998e-01 
 5.11950000e-09 -4.49999998e-01 
 5.12050000e-09 -4.49999998e-01 
 5.12150000e-09 -4.49999998e-01 
 5.12250000e-09 -4.49999998e-01 
 5.12350000e-09 -4.49999998e-01 
 5.12450000e-09 -4.49999998e-01 
 5.12550000e-09 -4.49999998e-01 
 5.12650000e-09 -4.49999998e-01 
 5.12750000e-09 -4.49999998e-01 
 5.12850000e-09 -4.49999998e-01 
 5.12950000e-09 -4.49999998e-01 
 5.13050000e-09 -4.49999998e-01 
 5.13150000e-09 -4.49999998e-01 
 5.13250000e-09 -4.49999998e-01 
 5.13350000e-09 -4.49999998e-01 
 5.13450000e-09 -4.49999998e-01 
 5.13550000e-09 -4.49999998e-01 
 5.13650000e-09 -4.49999998e-01 
 5.13750000e-09 -4.49999998e-01 
 5.13850000e-09 -4.49999998e-01 
 5.13950000e-09 -4.49999998e-01 
 5.14050000e-09 -4.49999998e-01 
 5.14150000e-09 -4.49999998e-01 
 5.14250000e-09 -4.49999998e-01 
 5.14350000e-09 -4.49999998e-01 
 5.14450000e-09 -4.49999998e-01 
 5.14550000e-09 -4.49999998e-01 
 5.14650000e-09 -4.49999998e-01 
 5.14750000e-09 -4.49999998e-01 
 5.14850000e-09 -4.49999998e-01 
 5.14950000e-09 -4.49999998e-01 
 5.15050000e-09 -4.49999998e-01 
 5.15150000e-09 -4.49999998e-01 
 5.15250000e-09 -4.49999998e-01 
 5.15350000e-09 -4.49999998e-01 
 5.15450000e-09 -4.49999998e-01 
 5.15550000e-09 -4.49999998e-01 
 5.15650000e-09 -4.49999998e-01 
 5.15750000e-09 -4.49999998e-01 
 5.15850000e-09 -4.49999998e-01 
 5.15950000e-09 -4.49999998e-01 
 5.16050000e-09 -4.49999998e-01 
 5.16150000e-09 -4.49999998e-01 
 5.16250000e-09 -4.49999998e-01 
 5.16350000e-09 -4.49999998e-01 
 5.16450000e-09 -4.49999998e-01 
 5.16550000e-09 -4.49999998e-01 
 5.16650000e-09 -4.49999998e-01 
 5.16750000e-09 -4.49999998e-01 
 5.16850000e-09 -4.49999998e-01 
 5.16950000e-09 -4.49999998e-01 
 5.17050000e-09 -4.49999998e-01 
 5.17150000e-09 -4.49999998e-01 
 5.17250000e-09 -4.49999998e-01 
 5.17350000e-09 -4.49999998e-01 
 5.17450000e-09 -4.49999998e-01 
 5.17550000e-09 -4.49999998e-01 
 5.17650000e-09 -4.49999998e-01 
 5.17750000e-09 -4.49999998e-01 
 5.17850000e-09 -4.49999998e-01 
 5.17950000e-09 -4.49999998e-01 
 5.18050000e-09 -4.49999998e-01 
 5.18150000e-09 -4.49999998e-01 
 5.18250000e-09 -4.49999998e-01 
 5.18350000e-09 -4.49999998e-01 
 5.18450000e-09 -4.49999998e-01 
 5.18550000e-09 -4.49999998e-01 
 5.18650000e-09 -4.49999998e-01 
 5.18750000e-09 -4.49999998e-01 
 5.18850000e-09 -4.49999998e-01 
 5.18950000e-09 -4.49999998e-01 
 5.19050000e-09 -4.49999998e-01 
 5.19150000e-09 -4.49999998e-01 
 5.19250000e-09 -4.49999998e-01 
 5.19350000e-09 -4.49999998e-01 
 5.19450000e-09 -4.49999998e-01 
 5.19550000e-09 -4.49999998e-01 
 5.19650000e-09 -4.49999998e-01 
 5.19750000e-09 -4.49999998e-01 
 5.19850000e-09 -4.49999998e-01 
 5.19950000e-09 -4.49999998e-01 
 5.20050000e-09 -4.49999998e-01 
 5.20150000e-09 -4.49999998e-01 
 5.20250000e-09 -4.49999998e-01 
 5.20350000e-09 -4.49999998e-01 
 5.20450000e-09 -4.49999998e-01 
 5.20550000e-09 -4.49999998e-01 
 5.20650000e-09 -4.49999998e-01 
 5.20750000e-09 -4.49999998e-01 
 5.20850000e-09 -4.49999998e-01 
 5.20950000e-09 -4.49999998e-01 
 5.21050000e-09 -4.49999998e-01 
 5.21150000e-09 -4.49999998e-01 
 5.21250000e-09 -4.49999998e-01 
 5.21350000e-09 -4.49999998e-01 
 5.21450000e-09 -4.49999998e-01 
 5.21550000e-09 -4.49999998e-01 
 5.21650000e-09 -4.49999998e-01 
 5.21750000e-09 -4.49999998e-01 
 5.21850000e-09 -4.49999998e-01 
 5.21950000e-09 -4.49999998e-01 
 5.22050000e-09 -4.49999998e-01 
 5.22150000e-09 -4.49999998e-01 
 5.22250000e-09 -4.49999998e-01 
 5.22350000e-09 -4.49999998e-01 
 5.22450000e-09 -4.49999998e-01 
 5.22550000e-09 -4.49999998e-01 
 5.22650000e-09 -4.49999998e-01 
 5.22750000e-09 -4.49999998e-01 
 5.22850000e-09 -4.49999998e-01 
 5.22950000e-09 -4.49999998e-01 
 5.23050000e-09 -4.49999998e-01 
 5.23150000e-09 -4.49999998e-01 
 5.23250000e-09 -4.49999998e-01 
 5.23350000e-09 -4.49999998e-01 
 5.23450000e-09 -4.49999998e-01 
 5.23550000e-09 -4.49999998e-01 
 5.23650000e-09 -4.49999998e-01 
 5.23750000e-09 -4.49999998e-01 
 5.23850000e-09 -4.49999998e-01 
 5.23950000e-09 -4.49999998e-01 
 5.24050000e-09 -4.49999998e-01 
 5.24150000e-09 -4.49999998e-01 
 5.24250000e-09 -4.49999998e-01 
 5.24350000e-09 -4.49999998e-01 
 5.24450000e-09 -4.49999998e-01 
 5.24550000e-09 -4.49999998e-01 
 5.24650000e-09 -4.49999998e-01 
 5.24750000e-09 -4.49999998e-01 
 5.24850000e-09 -4.49999998e-01 
 5.24950000e-09 -4.49999998e-01 
 5.25050000e-09 -4.49999998e-01 
 5.25150000e-09 -4.49999998e-01 
 5.25250000e-09 -4.49999998e-01 
 5.25350000e-09 -4.49999998e-01 
 5.25450000e-09 -4.49999998e-01 
 5.25550000e-09 -4.49999998e-01 
 5.25650000e-09 -4.49999998e-01 
 5.25750000e-09 -4.49999998e-01 
 5.25850000e-09 -4.49999998e-01 
 5.25950000e-09 -4.49999998e-01 
 5.26050000e-09 -4.49999998e-01 
 5.26150000e-09 -4.49999998e-01 
 5.26250000e-09 -4.49999998e-01 
 5.26350000e-09 -4.49999998e-01 
 5.26450000e-09 -4.49999998e-01 
 5.26550000e-09 -4.49999998e-01 
 5.26650000e-09 -4.49999998e-01 
 5.26750000e-09 -4.49999998e-01 
 5.26850000e-09 -4.49999998e-01 
 5.26950000e-09 -4.49999998e-01 
 5.27050000e-09 -4.49999998e-01 
 5.27150000e-09 -4.49999998e-01 
 5.27250000e-09 -4.49999998e-01 
 5.27350000e-09 -4.49999998e-01 
 5.27450000e-09 -4.49999998e-01 
 5.27550000e-09 -4.49999998e-01 
 5.27650000e-09 -4.49999998e-01 
 5.27750000e-09 -4.49999998e-01 
 5.27850000e-09 -4.49999998e-01 
 5.27950000e-09 -4.49999998e-01 
 5.28050000e-09 -4.49999998e-01 
 5.28150000e-09 -4.49999998e-01 
 5.28250000e-09 -4.49999998e-01 
 5.28350000e-09 -4.49999998e-01 
 5.28450000e-09 -4.49999998e-01 
 5.28550000e-09 -4.49999998e-01 
 5.28650000e-09 -4.49999998e-01 
 5.28750000e-09 -4.49999998e-01 
 5.28850000e-09 -4.49999998e-01 
 5.28950000e-09 -4.49999998e-01 
 5.29050000e-09 -4.49999998e-01 
 5.29150000e-09 -4.49999998e-01 
 5.29250000e-09 -4.49999998e-01 
 5.29350000e-09 -4.49999998e-01 
 5.29450000e-09 -4.49999998e-01 
 5.29550000e-09 -4.49999998e-01 
 5.29650000e-09 -4.49999998e-01 
 5.29750000e-09 -4.49999998e-01 
 5.29850000e-09 -4.49999998e-01 
 5.29950000e-09 -4.49999998e-01 
 5.30050000e-09 -4.49999998e-01 
 5.30150000e-09 -4.49999998e-01 
 5.30250000e-09 -4.49999998e-01 
 5.30350000e-09 -4.49999998e-01 
 5.30450000e-09 -4.49999998e-01 
 5.30550000e-09 -4.49999998e-01 
 5.30650000e-09 -4.49999998e-01 
 5.30750000e-09 -4.49999998e-01 
 5.30850000e-09 -4.49999998e-01 
 5.30950000e-09 -4.49999998e-01 
 5.31050000e-09 -4.49999998e-01 
 5.31150000e-09 -4.49999998e-01 
 5.31250000e-09 -4.49999998e-01 
 5.31350000e-09 -4.49999998e-01 
 5.31450000e-09 -4.49999998e-01 
 5.31550000e-09 -4.49999998e-01 
 5.31650000e-09 -4.49999998e-01 
 5.31750000e-09 -4.49999998e-01 
 5.31850000e-09 -4.49999998e-01 
 5.31950000e-09 -4.49999998e-01 
 5.32050000e-09 -4.49999998e-01 
 5.32150000e-09 -4.49999998e-01 
 5.32250000e-09 -4.49999998e-01 
 5.32350000e-09 -4.49999998e-01 
 5.32450000e-09 -4.49999998e-01 
 5.32550000e-09 -4.49999998e-01 
 5.32650000e-09 -4.49999998e-01 
 5.32750000e-09 -4.49999998e-01 
 5.32850000e-09 -4.49999998e-01 
 5.32950000e-09 -4.49999998e-01 
 5.33050000e-09 -4.49999998e-01 
 5.33150000e-09 -4.49999998e-01 
 5.33250000e-09 -4.49999998e-01 
 5.33350000e-09 -4.49999998e-01 
 5.33450000e-09 -4.49999998e-01 
 5.33550000e-09 -4.49999998e-01 
 5.33650000e-09 -4.49999998e-01 
 5.33750000e-09 -4.49999998e-01 
 5.33850000e-09 -4.49999998e-01 
 5.33950000e-09 -4.49999998e-01 
 5.34050000e-09 -4.49999998e-01 
 5.34150000e-09 -4.49999998e-01 
 5.34250000e-09 -4.49999998e-01 
 5.34350000e-09 -4.49999998e-01 
 5.34450000e-09 -4.49999998e-01 
 5.34550000e-09 -4.49999998e-01 
 5.34650000e-09 -4.49999998e-01 
 5.34750000e-09 -4.49999998e-01 
 5.34850000e-09 -4.49999998e-01 
 5.34950000e-09 -4.49999998e-01 
 5.35050000e-09 -4.49999998e-01 
 5.35150000e-09 -4.49999998e-01 
 5.35250000e-09 -4.49999998e-01 
 5.35350000e-09 -4.49999998e-01 
 5.35450000e-09 -4.49999998e-01 
 5.35550000e-09 -4.49999998e-01 
 5.35650000e-09 -4.49999998e-01 
 5.35750000e-09 -4.49999998e-01 
 5.35850000e-09 -4.49999998e-01 
 5.35950000e-09 -4.49999998e-01 
 5.36050000e-09 -4.49999998e-01 
 5.36150000e-09 -4.49999998e-01 
 5.36250000e-09 -4.49999998e-01 
 5.36350000e-09 -4.49999998e-01 
 5.36450000e-09 -4.49999998e-01 
 5.36550000e-09 -4.49999998e-01 
 5.36650000e-09 -4.49999998e-01 
 5.36750000e-09 -4.49999998e-01 
 5.36850000e-09 -4.49999998e-01 
 5.36950000e-09 -4.49999998e-01 
 5.37050000e-09 -4.49999998e-01 
 5.37150000e-09 -4.49999998e-01 
 5.37250000e-09 -4.49999998e-01 
 5.37350000e-09 -4.49999998e-01 
 5.37450000e-09 -4.49999998e-01 
 5.37550000e-09 -4.49999998e-01 
 5.37650000e-09 -4.49999998e-01 
 5.37750000e-09 -4.49999998e-01 
 5.37850000e-09 -4.49999998e-01 
 5.37950000e-09 -4.49999998e-01 
 5.38050000e-09 -4.49999998e-01 
 5.38150000e-09 -4.49999998e-01 
 5.38250000e-09 -4.49999998e-01 
 5.38350000e-09 -4.49999998e-01 
 5.38450000e-09 -4.49999998e-01 
 5.38550000e-09 -4.49999998e-01 
 5.38650000e-09 -4.49999998e-01 
 5.38750000e-09 -4.49999998e-01 
 5.38850000e-09 -4.49999998e-01 
 5.38950000e-09 -4.49999998e-01 
 5.39050000e-09 -4.49999998e-01 
 5.39150000e-09 -4.49999998e-01 
 5.39250000e-09 -4.49999998e-01 
 5.39350000e-09 -4.49999998e-01 
 5.39450000e-09 -4.49999998e-01 
 5.39550000e-09 -4.49999998e-01 
 5.39650000e-09 -4.49999998e-01 
 5.39750000e-09 -4.49999998e-01 
 5.39850000e-09 -4.49999998e-01 
 5.39950000e-09 -4.49999998e-01 
 5.40050000e-09 -4.49999998e-01 
 5.40150000e-09 -4.49999998e-01 
 5.40250000e-09 -4.49999998e-01 
 5.40350000e-09 -4.49999998e-01 
 5.40450000e-09 -4.49999998e-01 
 5.40550000e-09 -4.49999998e-01 
 5.40650000e-09 -4.49999998e-01 
 5.40750000e-09 -4.49999998e-01 
 5.40850000e-09 -4.49999998e-01 
 5.40950000e-09 -4.49999998e-01 
 5.41050000e-09 -4.49999998e-01 
 5.41150000e-09 -4.49999998e-01 
 5.41250000e-09 -4.49999998e-01 
 5.41350000e-09 -4.49999998e-01 
 5.41450000e-09 -4.49999998e-01 
 5.41550000e-09 -4.49999998e-01 
 5.41650000e-09 -4.49999998e-01 
 5.41750000e-09 -4.49999998e-01 
 5.41850000e-09 -4.49999998e-01 
 5.41950000e-09 -4.49999998e-01 
 5.42050000e-09 -4.49999998e-01 
 5.42150000e-09 -4.49999998e-01 
 5.42250000e-09 -4.49999998e-01 
 5.42350000e-09 -4.49999998e-01 
 5.42450000e-09 -4.49999998e-01 
 5.42550000e-09 -4.49999998e-01 
 5.42650000e-09 -4.49999998e-01 
 5.42750000e-09 -4.49999998e-01 
 5.42850000e-09 -4.49999998e-01 
 5.42950000e-09 -4.49999998e-01 
 5.43050000e-09 -4.49999998e-01 
 5.43150000e-09 -4.49999998e-01 
 5.43250000e-09 -4.49999998e-01 
 5.43350000e-09 -4.49999998e-01 
 5.43450000e-09 -4.49999998e-01 
 5.43550000e-09 -4.49999998e-01 
 5.43650000e-09 -4.49999998e-01 
 5.43750000e-09 -4.49999998e-01 
 5.43850000e-09 -4.49999998e-01 
 5.43950000e-09 -4.49999998e-01 
 5.44050000e-09 -4.49999998e-01 
 5.44150000e-09 -4.49999998e-01 
 5.44250000e-09 -4.49999998e-01 
 5.44350000e-09 -4.49999998e-01 
 5.44450000e-09 -4.49999998e-01 
 5.44550000e-09 -4.49999998e-01 
 5.44650000e-09 -4.49999998e-01 
 5.44750000e-09 -4.49999998e-01 
 5.44850000e-09 -4.49999998e-01 
 5.44950000e-09 -4.49999998e-01 
 5.45050000e-09 -4.49999998e-01 
 5.45150000e-09 -4.49999998e-01 
 5.45250000e-09 -4.49999998e-01 
 5.45350000e-09 -4.49999998e-01 
 5.45450000e-09 -4.49999998e-01 
 5.45550000e-09 -4.49999998e-01 
 5.45650000e-09 -4.49999998e-01 
 5.45750000e-09 -4.49999998e-01 
 5.45850000e-09 -4.49999998e-01 
 5.45950000e-09 -4.49999998e-01 
 5.46050000e-09 -4.49999998e-01 
 5.46150000e-09 -4.49999998e-01 
 5.46250000e-09 -4.49999998e-01 
 5.46350000e-09 -4.49999998e-01 
 5.46450000e-09 -4.49999998e-01 
 5.46550000e-09 -4.49999998e-01 
 5.46650000e-09 -4.49999998e-01 
 5.46750000e-09 -4.49999998e-01 
 5.46850000e-09 -4.49999998e-01 
 5.46950000e-09 -4.49999998e-01 
 5.47050000e-09 -4.49999998e-01 
 5.47150000e-09 -4.49999998e-01 
 5.47250000e-09 -4.49999998e-01 
 5.47350000e-09 -4.49999998e-01 
 5.47450000e-09 -4.49999998e-01 
 5.47550000e-09 -4.49999998e-01 
 5.47650000e-09 -4.49999998e-01 
 5.47750000e-09 -4.49999998e-01 
 5.47850000e-09 -4.49999998e-01 
 5.47950000e-09 -4.49999998e-01 
 5.48050000e-09 -4.49999998e-01 
 5.48150000e-09 -4.49999998e-01 
 5.48250000e-09 -4.49999998e-01 
 5.48350000e-09 -4.49999998e-01 
 5.48450000e-09 -4.49999998e-01 
 5.48550000e-09 -4.49999998e-01 
 5.48650000e-09 -4.49999998e-01 
 5.48750000e-09 -4.49999998e-01 
 5.48850000e-09 -4.49999998e-01 
 5.48950000e-09 -4.49999998e-01 
 5.49050000e-09 -4.49999998e-01 
 5.49150000e-09 -4.49999998e-01 
 5.49250000e-09 -4.49999998e-01 
 5.49350000e-09 -4.49999998e-01 
 5.49450000e-09 -4.49999998e-01 
 5.49550000e-09 -4.49999998e-01 
 5.49650000e-09 -4.49999998e-01 
 5.49750000e-09 -4.49999998e-01 
 5.49850000e-09 -4.49999998e-01 
 5.49950000e-09 -4.49999998e-01 
 5.50050000e-09 -4.49999998e-01 
 5.50150000e-09 -4.49999998e-01 
 5.50250000e-09 -4.49999998e-01 
 5.50350000e-09 -4.49999998e-01 
 5.50450000e-09 -4.49999998e-01 
 5.50550000e-09 -4.49999998e-01 
 5.50650000e-09 -4.49999998e-01 
 5.50750000e-09 -4.49999998e-01 
 5.50850000e-09 -4.49999998e-01 
 5.50950000e-09 -4.49999998e-01 
 5.51050000e-09 -4.49999998e-01 
 5.51150000e-09 -4.49999998e-01 
 5.51250000e-09 -4.49999998e-01 
 5.51350000e-09 -4.49999998e-01 
 5.51450000e-09 -4.49999998e-01 
 5.51550000e-09 -4.49999998e-01 
 5.51650000e-09 -4.49999998e-01 
 5.51750000e-09 -4.49999998e-01 
 5.51850000e-09 -4.49999998e-01 
 5.51950000e-09 -4.49999998e-01 
 5.52050000e-09 -4.49999998e-01 
 5.52150000e-09 -4.49999998e-01 
 5.52250000e-09 -4.49999998e-01 
 5.52350000e-09 -4.49999998e-01 
 5.52450000e-09 -4.49999998e-01 
 5.52550000e-09 -4.49999998e-01 
 5.52650000e-09 -4.49999998e-01 
 5.52750000e-09 -4.49999998e-01 
 5.52850000e-09 -4.49999998e-01 
 5.52950000e-09 -4.49999998e-01 
 5.53050000e-09 -4.49999998e-01 
 5.53150000e-09 -4.49999998e-01 
 5.53250000e-09 -4.49999998e-01 
 5.53350000e-09 -4.49999998e-01 
 5.53450000e-09 -4.49999998e-01 
 5.53550000e-09 -4.49999998e-01 
 5.53650000e-09 -4.49999998e-01 
 5.53750000e-09 -4.49999998e-01 
 5.53850000e-09 -4.49999998e-01 
 5.53950000e-09 -4.49999998e-01 
 5.54050000e-09 -4.49999998e-01 
 5.54150000e-09 -4.49999998e-01 
 5.54250000e-09 -4.49999998e-01 
 5.54350000e-09 -4.49999998e-01 
 5.54450000e-09 -4.49999998e-01 
 5.54550000e-09 -4.49999998e-01 
 5.54650000e-09 -4.49999998e-01 
 5.54750000e-09 -4.49999998e-01 
 5.54850000e-09 -4.49999998e-01 
 5.54950000e-09 -4.49999998e-01 
 5.55050000e-09 -4.49999998e-01 
 5.55150000e-09 -4.49999998e-01 
 5.55250000e-09 -4.49999998e-01 
 5.55350000e-09 -4.49999998e-01 
 5.55450000e-09 -4.49999998e-01 
 5.55550000e-09 -4.49999998e-01 
 5.55650000e-09 -4.49999998e-01 
 5.55750000e-09 -4.49999998e-01 
 5.55850000e-09 -4.49999998e-01 
 5.55950000e-09 -4.49999998e-01 
 5.56050000e-09 -4.49999998e-01 
 5.56150000e-09 -4.49999998e-01 
 5.56250000e-09 -4.49999998e-01 
 5.56350000e-09 -4.49999998e-01 
 5.56450000e-09 -4.49999998e-01 
 5.56550000e-09 -4.49999998e-01 
 5.56650000e-09 -4.49999998e-01 
 5.56750000e-09 -4.49999998e-01 
 5.56850000e-09 -4.49999998e-01 
 5.56950000e-09 -4.49999998e-01 
 5.57050000e-09 -4.49999998e-01 
 5.57150000e-09 -4.49999998e-01 
 5.57250000e-09 -4.49999998e-01 
 5.57350000e-09 -4.49999998e-01 
 5.57450000e-09 -4.49999998e-01 
 5.57550000e-09 -4.49999998e-01 
 5.57650000e-09 -4.49999998e-01 
 5.57750000e-09 -4.49999998e-01 
 5.57850000e-09 -4.49999998e-01 
 5.57950000e-09 -4.49999998e-01 
 5.58050000e-09 -4.49999998e-01 
 5.58150000e-09 -4.49999998e-01 
 5.58250000e-09 -4.49999998e-01 
 5.58350000e-09 -4.49999998e-01 
 5.58450000e-09 -4.49999998e-01 
 5.58550000e-09 -4.49999998e-01 
 5.58650000e-09 -4.49999998e-01 
 5.58750000e-09 -4.49999998e-01 
 5.58850000e-09 -4.49999998e-01 
 5.58950000e-09 -4.49999998e-01 
 5.59050000e-09 -4.49999998e-01 
 5.59150000e-09 -4.49999998e-01 
 5.59250000e-09 -4.49999998e-01 
 5.59350000e-09 -4.49999998e-01 
 5.59450000e-09 -4.49999998e-01 
 5.59550000e-09 -4.49999998e-01 
 5.59650000e-09 -4.49999998e-01 
 5.59750000e-09 -4.49999998e-01 
 5.59850000e-09 -4.49999998e-01 
 5.59950000e-09 -4.49999998e-01 
 5.60050000e-09 -4.49999998e-01 
 5.60150000e-09 -4.49999998e-01 
 5.60250000e-09 -4.49999998e-01 
 5.60350000e-09 -4.49999998e-01 
 5.60450000e-09 -4.49999998e-01 
 5.60550000e-09 -4.49999998e-01 
 5.60650000e-09 -4.49999998e-01 
 5.60750000e-09 -4.49999998e-01 
 5.60850000e-09 -4.49999998e-01 
 5.60950000e-09 -4.49999998e-01 
 5.61050000e-09 -4.49999998e-01 
 5.61150000e-09 -4.49999998e-01 
 5.61250000e-09 -4.49999998e-01 
 5.61350000e-09 -4.49999998e-01 
 5.61450000e-09 -4.49999998e-01 
 5.61550000e-09 -4.49999998e-01 
 5.61650000e-09 -4.49999998e-01 
 5.61750000e-09 -4.49999998e-01 
 5.61850000e-09 -4.49999998e-01 
 5.61950000e-09 -4.49999998e-01 
 5.62050000e-09 -4.49999998e-01 
 5.62150000e-09 -4.49999998e-01 
 5.62250000e-09 -4.49999998e-01 
 5.62350000e-09 -4.49999998e-01 
 5.62450000e-09 -4.49999998e-01 
 5.62550000e-09 -4.49999998e-01 
 5.62650000e-09 -4.49999998e-01 
 5.62750000e-09 -4.49999998e-01 
 5.62850000e-09 -4.49999998e-01 
 5.62950000e-09 -4.49999998e-01 
 5.63050000e-09 -4.49999998e-01 
 5.63150000e-09 -4.49999998e-01 
 5.63250000e-09 -4.49999998e-01 
 5.63350000e-09 -4.49999998e-01 
 5.63450000e-09 -4.49999998e-01 
 5.63550000e-09 -4.49999998e-01 
 5.63650000e-09 -4.49999998e-01 
 5.63750000e-09 -4.49999998e-01 
 5.63850000e-09 -4.49999998e-01 
 5.63950000e-09 -4.49999998e-01 
 5.64050000e-09 -4.49999998e-01 
 5.64150000e-09 -4.49999998e-01 
 5.64250000e-09 -4.49999998e-01 
 5.64350000e-09 -4.49999998e-01 
 5.64450000e-09 -4.49999998e-01 
 5.64550000e-09 -4.49999998e-01 
 5.64650000e-09 -4.49999998e-01 
 5.64750000e-09 -4.49999998e-01 
 5.64850000e-09 -4.49999998e-01 
 5.64950000e-09 -4.49999998e-01 
 5.65050000e-09 -4.49999998e-01 
 5.65150000e-09 -4.49999998e-01 
 5.65250000e-09 -4.49999998e-01 
 5.65350000e-09 -4.49999998e-01 
 5.65450000e-09 -4.49999998e-01 
 5.65550000e-09 -4.49999998e-01 
 5.65650000e-09 -4.49999998e-01 
 5.65750000e-09 -4.49999998e-01 
 5.65850000e-09 -4.49999998e-01 
 5.65950000e-09 -4.49999998e-01 
 5.66050000e-09 -4.49999998e-01 
 5.66150000e-09 -4.49999998e-01 
 5.66250000e-09 -4.49999998e-01 
 5.66350000e-09 -4.49999998e-01 
 5.66450000e-09 -4.49999998e-01 
 5.66550000e-09 -4.49999998e-01 
 5.66650000e-09 -4.49999998e-01 
 5.66750000e-09 -4.49999998e-01 
 5.66850000e-09 -4.49999998e-01 
 5.66950000e-09 -4.49999998e-01 
 5.67050000e-09 -4.49999998e-01 
 5.67150000e-09 -4.49999998e-01 
 5.67250000e-09 -4.49999998e-01 
 5.67350000e-09 -4.49999998e-01 
 5.67450000e-09 -4.49999998e-01 
 5.67550000e-09 -4.49999998e-01 
 5.67650000e-09 -4.49999998e-01 
 5.67750000e-09 -4.49999998e-01 
 5.67850000e-09 -4.49999998e-01 
 5.67950000e-09 -4.49999998e-01 
 5.68050000e-09 -4.49999998e-01 
 5.68150000e-09 -4.49999998e-01 
 5.68250000e-09 -4.49999998e-01 
 5.68350000e-09 -4.49999998e-01 
 5.68450000e-09 -4.49999998e-01 
 5.68550000e-09 -4.49999998e-01 
 5.68650000e-09 -4.49999998e-01 
 5.68750000e-09 -4.49999998e-01 
 5.68850000e-09 -4.49999998e-01 
 5.68950000e-09 -4.49999998e-01 
 5.69050000e-09 -4.49999998e-01 
 5.69150000e-09 -4.49999998e-01 
 5.69250000e-09 -4.49999998e-01 
 5.69350000e-09 -4.49999998e-01 
 5.69450000e-09 -4.49999998e-01 
 5.69550000e-09 -4.49999998e-01 
 5.69650000e-09 -4.49999998e-01 
 5.69750000e-09 -4.49999998e-01 
 5.69850000e-09 -4.49999998e-01 
 5.69950000e-09 -4.49999998e-01 
 5.70050000e-09 -4.49999998e-01 
 5.70150000e-09 -4.49999998e-01 
 5.70250000e-09 -4.49999998e-01 
 5.70350000e-09 -4.49999998e-01 
 5.70450000e-09 -4.49999998e-01 
 5.70550000e-09 -4.49999998e-01 
 5.70650000e-09 -4.49999998e-01 
 5.70750000e-09 -4.49999998e-01 
 5.70850000e-09 -4.49999998e-01 
 5.70950000e-09 -4.49999998e-01 
 5.71050000e-09 -4.49999998e-01 
 5.71150000e-09 -4.49999998e-01 
 5.71250000e-09 -4.49999998e-01 
 5.71350000e-09 -4.49999998e-01 
 5.71450000e-09 -4.49999998e-01 
 5.71550000e-09 -4.49999998e-01 
 5.71650000e-09 -4.49999998e-01 
 5.71750000e-09 -4.49999998e-01 
 5.71850000e-09 -4.49999998e-01 
 5.71950000e-09 -4.49999998e-01 
 5.72050000e-09 -4.49999998e-01 
 5.72150000e-09 -4.49999998e-01 
 5.72250000e-09 -4.49999998e-01 
 5.72350000e-09 -4.49999998e-01 
 5.72450000e-09 -4.49999998e-01 
 5.72550000e-09 -4.49999998e-01 
 5.72650000e-09 -4.49999998e-01 
 5.72750000e-09 -4.49999998e-01 
 5.72850000e-09 -4.49999998e-01 
 5.72950000e-09 -4.49999998e-01 
 5.73050000e-09 -4.49999998e-01 
 5.73150000e-09 -4.49999998e-01 
 5.73250000e-09 -4.49999998e-01 
 5.73350000e-09 -4.49999998e-01 
 5.73450000e-09 -4.49999998e-01 
 5.73550000e-09 -4.49999998e-01 
 5.73650000e-09 -4.49999998e-01 
 5.73750000e-09 -4.49999998e-01 
 5.73850000e-09 -4.49999998e-01 
 5.73950000e-09 -4.49999998e-01 
 5.74050000e-09 -4.49999998e-01 
 5.74150000e-09 -4.49999998e-01 
 5.74250000e-09 -4.49999998e-01 
 5.74350000e-09 -4.49999998e-01 
 5.74450000e-09 -4.49999998e-01 
 5.74550000e-09 -4.49999998e-01 
 5.74650000e-09 -4.49999998e-01 
 5.74750000e-09 -4.49999998e-01 
 5.74850000e-09 -4.49999998e-01 
 5.74950000e-09 -4.49999998e-01 
 5.75050000e-09 -4.49999998e-01 
 5.75150000e-09 -4.49999998e-01 
 5.75250000e-09 -4.49999998e-01 
 5.75350000e-09 -4.49999998e-01 
 5.75450000e-09 -4.49999998e-01 
 5.75550000e-09 -4.49999998e-01 
 5.75650000e-09 -4.49999998e-01 
 5.75750000e-09 -4.49999998e-01 
 5.75850000e-09 -4.49999998e-01 
 5.75950000e-09 -4.49999998e-01 
 5.76050000e-09 -4.49999998e-01 
 5.76150000e-09 -4.49999998e-01 
 5.76250000e-09 -4.49999998e-01 
 5.76350000e-09 -4.49999998e-01 
 5.76450000e-09 -4.49999998e-01 
 5.76550000e-09 -4.49999998e-01 
 5.76650000e-09 -4.49999998e-01 
 5.76750000e-09 -4.49999998e-01 
 5.76850000e-09 -4.49999998e-01 
 5.76950000e-09 -4.49999998e-01 
 5.77050000e-09 -4.49999998e-01 
 5.77150000e-09 -4.49999998e-01 
 5.77250000e-09 -4.49999998e-01 
 5.77350000e-09 -4.49999998e-01 
 5.77450000e-09 -4.49999998e-01 
 5.77550000e-09 -4.49999998e-01 
 5.77650000e-09 -4.49999998e-01 
 5.77750000e-09 -4.49999998e-01 
 5.77850000e-09 -4.49999998e-01 
 5.77950000e-09 -4.49999998e-01 
 5.78050000e-09 -4.49999998e-01 
 5.78150000e-09 -4.49999998e-01 
 5.78250000e-09 -4.49999998e-01 
 5.78350000e-09 -4.49999998e-01 
 5.78450000e-09 -4.49999998e-01 
 5.78550000e-09 -4.49999998e-01 
 5.78650000e-09 -4.49999998e-01 
 5.78750000e-09 -4.49999998e-01 
 5.78850000e-09 -4.49999998e-01 
 5.78950000e-09 -4.49999998e-01 
 5.79050000e-09 -4.49999998e-01 
 5.79150000e-09 -4.49999998e-01 
 5.79250000e-09 -4.49999998e-01 
 5.79350000e-09 -4.49999998e-01 
 5.79450000e-09 -4.49999998e-01 
 5.79550000e-09 -4.49999998e-01 
 5.79650000e-09 -4.49999998e-01 
 5.79750000e-09 -4.49999998e-01 
 5.79850000e-09 -4.49999998e-01 
 5.79950000e-09 -4.49999998e-01 
 5.80050000e-09 -4.49999998e-01 
 5.80150000e-09 -4.49999998e-01 
 5.80250000e-09 -4.49999998e-01 
 5.80350000e-09 -4.49999998e-01 
 5.80450000e-09 -4.49999998e-01 
 5.80550000e-09 -4.49999998e-01 
 5.80650000e-09 -4.49999998e-01 
 5.80750000e-09 -4.49999998e-01 
 5.80850000e-09 -4.49999998e-01 
 5.80950000e-09 -4.49999998e-01 
 5.81050000e-09 -4.49999998e-01 
 5.81150000e-09 -4.49999998e-01 
 5.81250000e-09 -4.49999998e-01 
 5.81350000e-09 -4.49999998e-01 
 5.81450000e-09 -4.49999998e-01 
 5.81550000e-09 -4.49999998e-01 
 5.81650000e-09 -4.49999998e-01 
 5.81750000e-09 -4.49999998e-01 
 5.81850000e-09 -4.49999998e-01 
 5.81950000e-09 -4.49999998e-01 
 5.82050000e-09 -4.49999998e-01 
 5.82150000e-09 -4.49999998e-01 
 5.82250000e-09 -4.49999998e-01 
 5.82350000e-09 -4.49999998e-01 
 5.82450000e-09 -4.49999998e-01 
 5.82550000e-09 -4.49999998e-01 
 5.82650000e-09 -4.49999998e-01 
 5.82750000e-09 -4.49999998e-01 
 5.82850000e-09 -4.49999998e-01 
 5.82950000e-09 -4.49999998e-01 
 5.83050000e-09 -4.49999998e-01 
 5.83150000e-09 -4.49999998e-01 
 5.83250000e-09 -4.49999998e-01 
 5.83350000e-09 -4.49999998e-01 
 5.83450000e-09 -4.49999998e-01 
 5.83550000e-09 -4.49999998e-01 
 5.83650000e-09 -4.49999998e-01 
 5.83750000e-09 -4.49999998e-01 
 5.83850000e-09 -4.49999998e-01 
 5.83950000e-09 -4.49999998e-01 
 5.84050000e-09 -4.49999998e-01 
 5.84150000e-09 -4.49999998e-01 
 5.84250000e-09 -4.49999998e-01 
 5.84350000e-09 -4.49999998e-01 
 5.84450000e-09 -4.49999998e-01 
 5.84550000e-09 -4.49999998e-01 
 5.84650000e-09 -4.49999998e-01 
 5.84750000e-09 -4.49999998e-01 
 5.84850000e-09 -4.49999998e-01 
 5.84950000e-09 -4.49999998e-01 
 5.85050000e-09 -4.49999998e-01 
 5.85150000e-09 -4.49999998e-01 
 5.85250000e-09 -4.49999998e-01 
 5.85350000e-09 -4.49999998e-01 
 5.85450000e-09 -4.49999998e-01 
 5.85550000e-09 -4.49999998e-01 
 5.85650000e-09 -4.49999998e-01 
 5.85750000e-09 -4.49999998e-01 
 5.85850000e-09 -4.49999998e-01 
 5.85950000e-09 -4.49999998e-01 
 5.86050000e-09 -4.49999998e-01 
 5.86150000e-09 -4.49999998e-01 
 5.86250000e-09 -4.49999998e-01 
 5.86350000e-09 -4.49999998e-01 
 5.86450000e-09 -4.49999998e-01 
 5.86550000e-09 -4.49999998e-01 
 5.86650000e-09 -4.49999998e-01 
 5.86750000e-09 -4.49999998e-01 
 5.86850000e-09 -4.49999998e-01 
 5.86950000e-09 -4.49999998e-01 
 5.87050000e-09 -4.49999998e-01 
 5.87150000e-09 -4.49999998e-01 
 5.87250000e-09 -4.49999998e-01 
 5.87350000e-09 -4.49999998e-01 
 5.87450000e-09 -4.49999998e-01 
 5.87550000e-09 -4.49999998e-01 
 5.87650000e-09 -4.49999998e-01 
 5.87750000e-09 -4.49999998e-01 
 5.87850000e-09 -4.49999998e-01 
 5.87950000e-09 -4.49999998e-01 
 5.88050000e-09 -4.49999998e-01 
 5.88150000e-09 -4.49999998e-01 
 5.88250000e-09 -4.49999998e-01 
 5.88350000e-09 -4.49999998e-01 
 5.88450000e-09 -4.49999998e-01 
 5.88550000e-09 -4.49999998e-01 
 5.88650000e-09 -4.49999998e-01 
 5.88750000e-09 -4.49999998e-01 
 5.88850000e-09 -4.49999998e-01 
 5.88950000e-09 -4.49999998e-01 
 5.89050000e-09 -4.49999998e-01 
 5.89150000e-09 -4.49999998e-01 
 5.89250000e-09 -4.49999998e-01 
 5.89350000e-09 -4.49999998e-01 
 5.89450000e-09 -4.49999998e-01 
 5.89550000e-09 -4.49999998e-01 
 5.89650000e-09 -4.49999998e-01 
 5.89750000e-09 -4.49999998e-01 
 5.89850000e-09 -4.49999998e-01 
 5.89950000e-09 -4.49999998e-01 
 5.90050000e-09 -4.49999998e-01 
 5.90150000e-09 -4.49999998e-01 
 5.90250000e-09 -4.49999998e-01 
 5.90350000e-09 -4.49999998e-01 
 5.90450000e-09 -4.49999998e-01 
 5.90550000e-09 -4.49999998e-01 
 5.90650000e-09 -4.49999998e-01 
 5.90750000e-09 -4.49999998e-01 
 5.90850000e-09 -4.49999998e-01 
 5.90950000e-09 -4.49999998e-01 
 5.91050000e-09 -4.49999998e-01 
 5.91150000e-09 -4.49999998e-01 
 5.91250000e-09 -4.49999998e-01 
 5.91350000e-09 -4.49999998e-01 
 5.91450000e-09 -4.49999998e-01 
 5.91550000e-09 -4.49999998e-01 
 5.91650000e-09 -4.49999998e-01 
 5.91750000e-09 -4.49999998e-01 
 5.91850000e-09 -4.49999998e-01 
 5.91950000e-09 -4.49999998e-01 
 5.92050000e-09 -4.49999998e-01 
 5.92150000e-09 -4.49999998e-01 
 5.92250000e-09 -4.49999998e-01 
 5.92350000e-09 -4.49999998e-01 
 5.92450000e-09 -4.49999998e-01 
 5.92550000e-09 -4.49999998e-01 
 5.92650000e-09 -4.49999998e-01 
 5.92750000e-09 -4.49999998e-01 
 5.92850000e-09 -4.49999998e-01 
 5.92950000e-09 -4.49999998e-01 
 5.93050000e-09 -4.49999998e-01 
 5.93150000e-09 -4.49999998e-01 
 5.93250000e-09 -4.49999998e-01 
 5.93350000e-09 -4.49999998e-01 
 5.93450000e-09 -4.49999998e-01 
 5.93550000e-09 -4.49999998e-01 
 5.93650000e-09 -4.49999998e-01 
 5.93750000e-09 -4.49999998e-01 
 5.93850000e-09 -4.49999998e-01 
 5.93950000e-09 -4.49999998e-01 
 5.94050000e-09 -4.49999998e-01 
 5.94150000e-09 -4.49999998e-01 
 5.94250000e-09 -4.49999998e-01 
 5.94350000e-09 -4.49999998e-01 
 5.94450000e-09 -4.49999998e-01 
 5.94550000e-09 -4.49999998e-01 
 5.94650000e-09 -4.49999998e-01 
 5.94750000e-09 -4.49999998e-01 
 5.94850000e-09 -4.49999998e-01 
 5.94950000e-09 -4.49999998e-01 
 5.95050000e-09 -4.49999998e-01 
 5.95150000e-09 -4.49999998e-01 
 5.95250000e-09 -4.49999998e-01 
 5.95350000e-09 -4.49999998e-01 
 5.95450000e-09 -4.49999998e-01 
 5.95550000e-09 -4.49999998e-01 
 5.95650000e-09 -4.49999998e-01 
 5.95750000e-09 -4.49999998e-01 
 5.95850000e-09 -4.49999998e-01 
 5.95950000e-09 -4.49999998e-01 
 5.96050000e-09 -4.49999998e-01 
 5.96150000e-09 -4.49999998e-01 
 5.96250000e-09 -4.49999998e-01 
 5.96350000e-09 -4.49999998e-01 
 5.96450000e-09 -4.49999998e-01 
 5.96550000e-09 -4.49999998e-01 
 5.96650000e-09 -4.49999998e-01 
 5.96750000e-09 -4.49999998e-01 
 5.96850000e-09 -4.49999998e-01 
 5.96950000e-09 -4.49999998e-01 
 5.97050000e-09 -4.49999998e-01 
 5.97150000e-09 -4.49999998e-01 
 5.97250000e-09 -4.49999998e-01 
 5.97350000e-09 -4.49999998e-01 
 5.97450000e-09 -4.49999998e-01 
 5.97550000e-09 -4.49999998e-01 
 5.97650000e-09 -4.49999998e-01 
 5.97750000e-09 -4.49999998e-01 
 5.97850000e-09 -4.49999998e-01 
 5.97950000e-09 -4.49999998e-01 
 5.98050000e-09 -4.49999998e-01 
 5.98150000e-09 -4.49999998e-01 
 5.98250000e-09 -4.49999998e-01 
 5.98350000e-09 -4.49999998e-01 
 5.98450000e-09 -4.49999998e-01 
 5.98550000e-09 -4.49999998e-01 
 5.98650000e-09 -4.49999998e-01 
 5.98750000e-09 -4.49999998e-01 
 5.98850000e-09 -4.49999998e-01 
 5.98950000e-09 -4.49999998e-01 
 5.99050000e-09 -4.49999998e-01 
 5.99150000e-09 -4.49999998e-01 
 5.99250000e-09 -4.49999998e-01 
 5.99350000e-09 -4.49999998e-01 
 5.99450000e-09 -4.49999998e-01 
 5.99550000e-09 -4.49999998e-01 
 5.99650000e-09 -4.49999998e-01 
 5.99750000e-09 -4.49999998e-01 
 5.99850000e-09 -4.49999998e-01 
 5.99925000e-09 -4.49999998e-01 
 6.00000000e-09 -4.49999998e-01 
